conversation_id,message_id,sender,receiver,timestamp,message
CONV00001,1,Eli,June,2026-09-01 09:01:00,A contractor may have accessed confidential data without authorization.
CONV00001,2,June,Eli,2026-09-01 09:02:00,That could indicate an insider threat or data exfiltration.
CONV00001,3,Eli,June,2026-09-01 09:03:00,The audit shows an unusual access pattern.
CONV00001,4,June,Eli,2026-09-01 09:04:00,Preserve logs and send the case for human review.
CONV00002,1,Eli,June,2026-09-02 09:08:00,A contractor may have accessed confidential data without authorization.
CONV00002,2,June,Eli,2026-09-02 09:09:00,That could indicate an insider threat or data exfiltration.
CONV00002,3,Eli,June,2026-09-02 09:10:00,The audit shows an unusual access pattern.
CONV00002,4,June,Eli,2026-09-02 09:11:00,Preserve logs and send the case for human review.
CONV00003,1,Sam,Riya,2026-09-03 09:15:00,The incident response drill starts at ten.
CONV00003,2,Riya,Sam,2026-09-03 09:16:00,I have the checklist ready.
CONV00003,3,Sam,Riya,2026-09-03 09:17:00,Please verify the firewall rule too.
CONV00003,4,Riya,Sam,2026-09-03 09:18:00,The configuration looks correct.
CONV00004,1,Alice,Bob,2026-09-04 09:22:00,I received a suspicious link asking me to verify your account.
CONV00004,2,Bob,Alice,2026-09-04 09:23:00,That could be a phishing link. Do not enter your login credentials.
CONV00004,3,Alice,Bob,2026-09-04 09:24:00,I already entered my password and now see an unauthorized login.
CONV00004,4,Bob,Alice,2026-09-04 09:25:00,"Change the password, enable MFA, and report the incident."
CONV00005,1,Dev,Priya,2026-09-05 09:29:00,A suspicious download was found on the workstation.
CONV00005,2,Priya,Dev,2026-09-05 09:30:00,The file may contain malware or a trojan.
CONV00005,3,Dev,Priya,2026-09-05 09:31:00,The endpoint alert also mentions a keylogger.
CONV00005,4,Priya,Dev,2026-09-05 09:32:00,Isolate the device and follow the incident response procedure.
CONV00006,1,Ravi,Meera,2026-09-06 09:36:00,The application may be vulnerable to SQL injection.
CONV00006,2,Meera,Ravi,2026-09-06 09:37:00,"The security test also detected cross-site scripting, or XSS."
CONV00006,3,Ravi,Meera,2026-09-06 09:38:00,We should review the vulnerable query and injected script handling.
CONV00006,4,Meera,Ravi,2026-09-06 09:39:00,Log the findings and apply the approved fixes.
CONV00007,1,Alice,Bob,2026-09-07 09:43:00,I received a suspicious link asking me to verify your account.
CONV00007,2,Bob,Alice,2026-09-07 09:44:00,That could be a phishing link. Do not enter your login credentials.
CONV00007,3,Alice,Bob,2026-09-07 09:45:00,I already entered my password and now see an unauthorized login.
CONV00007,4,Bob,Alice,2026-09-07 09:46:00,"Change the password, enable MFA, and report the incident."
CONV00008,1,Alice,Bob,2026-09-08 09:50:00,I received a suspicious link asking me to verify your account.
CONV00008,2,Bob,Alice,2026-09-08 09:51:00,That could be a phishing link. Do not enter your login credentials.
CONV00008,3,Alice,Bob,2026-09-08 09:52:00,I already entered my password and now see an unauthorized login.
CONV00008,4,Bob,Alice,2026-09-08 09:53:00,"Change the password, enable MFA, and report the incident."
CONV00009,1,Isha,Arun,2026-09-09 09:57:00,Did you enable multi-factor authentication?
CONV00009,2,Arun,Isha,2026-09-09 09:58:00,"Yes, MFA is enabled on my account."
CONV00009,3,Isha,Arun,2026-09-09 09:59:00,Thanks. The security patch is also available.
CONV00009,4,Arun,Isha,2026-09-09 10:00:00,I will install it today.
CONV00010,1,Sam,Riya,2026-09-10 10:04:00,The incident response drill starts at ten.
CONV00010,2,Riya,Sam,2026-09-10 10:05:00,I have the checklist ready.
CONV00010,3,Sam,Riya,2026-09-10 10:06:00,Please verify the firewall rule too.
CONV00010,4,Riya,Sam,2026-09-10 10:07:00,The configuration looks correct.
CONV00011,1,Alice,Bob,2026-09-11 10:11:00,I received a suspicious link asking me to verify your account.
CONV00011,2,Bob,Alice,2026-09-11 10:12:00,That could be a phishing link. Do not enter your login credentials.
CONV00011,3,Alice,Bob,2026-09-11 10:13:00,I already entered my password and now see an unauthorized login.
CONV00011,4,Bob,Alice,2026-09-11 10:14:00,"Change the password, enable MFA, and report the incident."
CONV00012,1,Kai,Zoe,2026-09-12 10:18:00,The shared files are encrypted and there is a ransom note.
CONV00012,2,Zoe,Kai,2026-09-12 10:19:00,This may be ransomware. Disconnect the affected host.
CONV00012,3,Kai,Zoe,2026-09-12 10:20:00,We need to check backups and the scope of the data breach.
CONV00012,4,Zoe,Kai,2026-09-12 10:21:00,Notify the security team; do not pay or delete evidence.
CONV00013,1,Maya,Ben,2026-09-13 10:25:00,The security alert says there was an unusual login.
CONV00013,2,Ben,Maya,2026-09-13 10:26:00,It may be a false alarm; MFA succeeded.
CONV00013,3,Maya,Ben,2026-09-13 10:27:00,"Still, there were repeated login attempts before it."
CONV00013,4,Ben,Maya,2026-09-13 10:28:00,Let's review the logs before deciding.
CONV00014,1,Tara,Neil,2026-09-14 10:32:00,The antivirus flagged a suspicious attachment.
CONV00014,2,Neil,Tara,2026-09-14 10:33:00,It was part of our malware-awareness training.
CONV00014,3,Tara,Neil,2026-09-14 10:34:00,"Okay, the security team confirmed it was a test."
CONV00014,4,Neil,Tara,2026-09-14 10:35:00,I will document the result.
CONV00015,1,Ravi,Meera,2026-09-15 10:39:00,The application may be vulnerable to SQL injection.
CONV00015,2,Meera,Ravi,2026-09-15 10:40:00,"The security test also detected cross-site scripting, or XSS."
CONV00015,3,Ravi,Meera,2026-09-15 10:41:00,We should review the vulnerable query and injected script handling.
CONV00015,4,Meera,Ravi,2026-09-15 10:42:00,Log the findings and apply the approved fixes.
CONV00016,1,Alice,Bob,2026-09-16 10:46:00,I received a suspicious link asking me to verify your account.
CONV00016,2,Bob,Alice,2026-09-16 10:47:00,That could be a phishing link. Do not enter your login credentials.
CONV00016,3,Alice,Bob,2026-09-16 10:48:00,I already entered my password and now see an unauthorized login.
CONV00016,4,Bob,Alice,2026-09-16 10:49:00,"Change the password, enable MFA, and report the incident."
CONV00017,1,Mia,Leo,2026-09-17 10:53:00,The security audit is scheduled for Friday.
CONV00017,2,Leo,Mia,2026-09-17 10:54:00,I have prepared the access review.
CONV00017,3,Mia,Leo,2026-09-17 10:55:00,Please include the backup status in the report.
CONV00017,4,Leo,Mia,2026-09-17 10:56:00,"Done, I will share it with the team."
CONV00018,1,Tara,Neil,2026-09-18 11:00:00,The antivirus flagged a suspicious attachment.
CONV00018,2,Neil,Tara,2026-09-18 11:01:00,It was part of our malware-awareness training.
CONV00018,3,Tara,Neil,2026-09-18 11:02:00,"Okay, the security team confirmed it was a test."
CONV00018,4,Neil,Tara,2026-09-18 11:03:00,I will document the result.
CONV00019,1,Kai,Zoe,2026-09-19 11:07:00,The shared files are encrypted and there is a ransom note.
CONV00019,2,Zoe,Kai,2026-09-19 11:08:00,This may be ransomware. Disconnect the affected host.
CONV00019,3,Kai,Zoe,2026-09-19 11:09:00,We need to check backups and the scope of the data breach.
CONV00019,4,Zoe,Kai,2026-09-19 11:10:00,Notify the security team; do not pay or delete evidence.
CONV00020,1,Nina,Omar,2026-09-20 11:14:00,Several failed login attempts appeared on the admin account.
CONV00020,2,Omar,Nina,2026-09-20 11:15:00,Could this be a brute force attempt? Check the logs.
CONV00020,3,Nina,Omar,2026-09-20 11:16:00,The account may be compromised; I also found unusual access.
CONV00020,4,Omar,Nina,2026-09-20 11:17:00,Escalate this to incident response and preserve the evidence.
CONV00021,1,Alice,Bob,2026-09-21 11:21:00,I received a suspicious link asking me to verify your account.
CONV00021,2,Bob,Alice,2026-09-21 11:22:00,That could be a phishing link. Do not enter your login credentials.
CONV00021,3,Alice,Bob,2026-09-21 11:23:00,I already entered my password and now see an unauthorized login.
CONV00021,4,Bob,Alice,2026-09-21 11:24:00,"Change the password, enable MFA, and report the incident."
CONV00022,1,Maya,Ben,2026-09-22 11:28:00,The security alert says there was an unusual login.
CONV00022,2,Ben,Maya,2026-09-22 11:29:00,It may be a false alarm; MFA succeeded.
CONV00022,3,Maya,Ben,2026-09-22 11:30:00,"Still, there were repeated login attempts before it."
CONV00022,4,Ben,Maya,2026-09-22 11:31:00,Let's review the logs before deciding.
CONV00023,1,Eli,June,2026-09-23 11:35:00,A contractor may have accessed confidential data without authorization.
CONV00023,2,June,Eli,2026-09-23 11:36:00,That could indicate an insider threat or data exfiltration.
CONV00023,3,Eli,June,2026-09-23 11:37:00,The audit shows an unusual access pattern.
CONV00023,4,June,Eli,2026-09-23 11:38:00,Preserve logs and send the case for human review.
CONV00024,1,Dev,Priya,2026-09-24 11:42:00,A suspicious download was found on the workstation.
CONV00024,2,Priya,Dev,2026-09-24 11:43:00,The file may contain malware or a trojan.
CONV00024,3,Dev,Priya,2026-09-24 11:44:00,The endpoint alert also mentions a keylogger.
CONV00024,4,Priya,Dev,2026-09-24 11:45:00,Isolate the device and follow the incident response procedure.
CONV00025,1,Ava,Noah,2026-09-25 11:49:00,Did the antivirus update finish?
CONV00025,2,Noah,Ava,2026-09-25 11:50:00,"Yes, the update completed this morning."
CONV00025,3,Ava,Noah,2026-09-25 11:51:00,"Great, please patch the server after lunch."
CONV00025,4,Noah,Ava,2026-09-25 11:52:00,I will confirm after the maintenance window.
CONV00026,1,Eli,June,2026-09-26 11:56:00,A contractor may have accessed confidential data without authorization.
CONV00026,2,June,Eli,2026-09-26 11:57:00,That could indicate an insider threat or data exfiltration.
CONV00026,3,Eli,June,2026-09-26 11:58:00,The audit shows an unusual access pattern.
CONV00026,4,June,Eli,2026-09-26 11:59:00,Preserve logs and send the case for human review.
CONV00027,1,Isha,Arun,2026-09-27 12:03:00,Did you enable multi-factor authentication?
CONV00027,2,Arun,Isha,2026-09-27 12:04:00,"Yes, MFA is enabled on my account."
CONV00027,3,Isha,Arun,2026-09-27 12:05:00,Thanks. The security patch is also available.
CONV00027,4,Arun,Isha,2026-09-27 12:06:00,I will install it today.
CONV00028,1,Mia,Leo,2026-09-28 12:10:00,The security audit is scheduled for Friday.
CONV00028,2,Leo,Mia,2026-09-28 12:11:00,I have prepared the access review.
CONV00028,3,Mia,Leo,2026-09-28 12:12:00,Please include the backup status in the report.
CONV00028,4,Leo,Mia,2026-09-28 12:13:00,"Done, I will share it with the team."
CONV00029,1,Isha,Arun,2026-09-01 12:17:00,Did you enable multi-factor authentication?
CONV00029,2,Arun,Isha,2026-09-01 12:18:00,"Yes, MFA is enabled on my account."
CONV00029,3,Isha,Arun,2026-09-01 12:19:00,Thanks. The security patch is also available.
CONV00029,4,Arun,Isha,2026-09-01 12:20:00,I will install it today.
CONV00030,1,Tara,Neil,2026-09-02 12:24:00,The antivirus flagged a suspicious attachment.
CONV00030,2,Neil,Tara,2026-09-02 12:25:00,It was part of our malware-awareness training.
CONV00030,3,Tara,Neil,2026-09-02 12:26:00,"Okay, the security team confirmed it was a test."
CONV00030,4,Neil,Tara,2026-09-02 12:27:00,I will document the result.
CONV00031,1,Kai,Zoe,2026-09-03 12:31:00,The shared files are encrypted and there is a ransom note.
CONV00031,2,Zoe,Kai,2026-09-03 12:32:00,This may be ransomware. Disconnect the affected host.
CONV00031,3,Kai,Zoe,2026-09-03 12:33:00,We need to check backups and the scope of the data breach.
CONV00031,4,Zoe,Kai,2026-09-03 12:34:00,Notify the security team; do not pay or delete evidence.
CONV00032,1,Dev,Priya,2026-09-04 12:38:00,A suspicious download was found on the workstation.
CONV00032,2,Priya,Dev,2026-09-04 12:39:00,The file may contain malware or a trojan.
CONV00032,3,Dev,Priya,2026-09-04 12:40:00,The endpoint alert also mentions a keylogger.
CONV00032,4,Priya,Dev,2026-09-04 12:41:00,Isolate the device and follow the incident response procedure.
CONV00033,1,Alice,Bob,2026-09-05 12:45:00,I received a suspicious link asking me to verify your account.
CONV00033,2,Bob,Alice,2026-09-05 12:46:00,That could be a phishing link. Do not enter your login credentials.
CONV00033,3,Alice,Bob,2026-09-05 12:47:00,I already entered my password and now see an unauthorized login.
CONV00033,4,Bob,Alice,2026-09-05 12:48:00,"Change the password, enable MFA, and report the incident."
CONV00034,1,Tara,Neil,2026-09-06 12:52:00,The antivirus flagged a suspicious attachment.
CONV00034,2,Neil,Tara,2026-09-06 12:53:00,It was part of our malware-awareness training.
CONV00034,3,Tara,Neil,2026-09-06 12:54:00,"Okay, the security team confirmed it was a test."
CONV00034,4,Neil,Tara,2026-09-06 12:55:00,I will document the result.
CONV00035,1,Ava,Noah,2026-09-07 12:59:00,Did the antivirus update finish?
CONV00035,2,Noah,Ava,2026-09-07 13:00:00,"Yes, the update completed this morning."
CONV00035,3,Ava,Noah,2026-09-07 13:01:00,"Great, please patch the server after lunch."
CONV00035,4,Noah,Ava,2026-09-07 13:02:00,I will confirm after the maintenance window.
CONV00036,1,Tara,Neil,2026-09-08 13:06:00,The antivirus flagged a suspicious attachment.
CONV00036,2,Neil,Tara,2026-09-08 13:07:00,It was part of our malware-awareness training.
CONV00036,3,Tara,Neil,2026-09-08 13:08:00,"Okay, the security team confirmed it was a test."
CONV00036,4,Neil,Tara,2026-09-08 13:09:00,I will document the result.
CONV00037,1,Isha,Arun,2026-09-09 13:13:00,Did you enable multi-factor authentication?
CONV00037,2,Arun,Isha,2026-09-09 13:14:00,"Yes, MFA is enabled on my account."
CONV00037,3,Isha,Arun,2026-09-09 13:15:00,Thanks. The security patch is also available.
CONV00037,4,Arun,Isha,2026-09-09 13:16:00,I will install it today.
CONV00038,1,Kai,Zoe,2026-09-10 13:20:00,The shared files are encrypted and there is a ransom note.
CONV00038,2,Zoe,Kai,2026-09-10 13:21:00,This may be ransomware. Disconnect the affected host.
CONV00038,3,Kai,Zoe,2026-09-10 13:22:00,We need to check backups and the scope of the data breach.
CONV00038,4,Zoe,Kai,2026-09-10 13:23:00,Notify the security team; do not pay or delete evidence.
CONV00039,1,Alice,Bob,2026-09-11 13:27:00,I received a suspicious link asking me to verify your account.
CONV00039,2,Bob,Alice,2026-09-11 13:28:00,That could be a phishing link. Do not enter your login credentials.
CONV00039,3,Alice,Bob,2026-09-11 13:29:00,I already entered my password and now see an unauthorized login.
CONV00039,4,Bob,Alice,2026-09-11 13:30:00,"Change the password, enable MFA, and report the incident."
CONV00040,1,Isha,Arun,2026-09-12 13:34:00,Did you enable multi-factor authentication?
CONV00040,2,Arun,Isha,2026-09-12 13:35:00,"Yes, MFA is enabled on my account."
CONV00040,3,Isha,Arun,2026-09-12 13:36:00,Thanks. The security patch is also available.
CONV00040,4,Arun,Isha,2026-09-12 13:37:00,I will install it today.
CONV00041,1,Isha,Arun,2026-09-13 13:41:00,Did you enable multi-factor authentication?
CONV00041,2,Arun,Isha,2026-09-13 13:42:00,"Yes, MFA is enabled on my account."
CONV00041,3,Isha,Arun,2026-09-13 13:43:00,Thanks. The security patch is also available.
CONV00041,4,Arun,Isha,2026-09-13 13:44:00,I will install it today.
CONV00042,1,Ava,Noah,2026-09-14 13:48:00,Did the antivirus update finish?
CONV00042,2,Noah,Ava,2026-09-14 13:49:00,"Yes, the update completed this morning."
CONV00042,3,Ava,Noah,2026-09-14 13:50:00,"Great, please patch the server after lunch."
CONV00042,4,Noah,Ava,2026-09-14 13:51:00,I will confirm after the maintenance window.
CONV00043,1,Ravi,Meera,2026-09-15 13:55:00,The application may be vulnerable to SQL injection.
CONV00043,2,Meera,Ravi,2026-09-15 13:56:00,"The security test also detected cross-site scripting, or XSS."
CONV00043,3,Ravi,Meera,2026-09-15 13:57:00,We should review the vulnerable query and injected script handling.
CONV00043,4,Meera,Ravi,2026-09-15 13:58:00,Log the findings and apply the approved fixes.
CONV00044,1,Maya,Ben,2026-09-16 14:02:00,The security alert says there was an unusual login.
CONV00044,2,Ben,Maya,2026-09-16 14:03:00,It may be a false alarm; MFA succeeded.
CONV00044,3,Maya,Ben,2026-09-16 14:04:00,"Still, there were repeated login attempts before it."
CONV00044,4,Ben,Maya,2026-09-16 14:05:00,Let's review the logs before deciding.
CONV00045,1,Sam,Riya,2026-09-17 14:09:00,The incident response drill starts at ten.
CONV00045,2,Riya,Sam,2026-09-17 14:10:00,I have the checklist ready.
CONV00045,3,Sam,Riya,2026-09-17 14:11:00,Please verify the firewall rule too.
CONV00045,4,Riya,Sam,2026-09-17 14:12:00,The configuration looks correct.
CONV00046,1,Nina,Omar,2026-09-18 14:16:00,Several failed login attempts appeared on the admin account.
CONV00046,2,Omar,Nina,2026-09-18 14:17:00,Could this be a brute force attempt? Check the logs.
CONV00046,3,Nina,Omar,2026-09-18 14:18:00,The account may be compromised; I also found unusual access.
CONV00046,4,Omar,Nina,2026-09-18 14:19:00,Escalate this to incident response and preserve the evidence.
CONV00047,1,Dev,Priya,2026-09-19 14:23:00,A suspicious download was found on the workstation.
CONV00047,2,Priya,Dev,2026-09-19 14:24:00,The file may contain malware or a trojan.
CONV00047,3,Dev,Priya,2026-09-19 14:25:00,The endpoint alert also mentions a keylogger.
CONV00047,4,Priya,Dev,2026-09-19 14:26:00,Isolate the device and follow the incident response procedure.
CONV00048,1,Eli,June,2026-09-20 14:30:00,A contractor may have accessed confidential data without authorization.
CONV00048,2,June,Eli,2026-09-20 14:31:00,That could indicate an insider threat or data exfiltration.
CONV00048,3,Eli,June,2026-09-20 14:32:00,The audit shows an unusual access pattern.
CONV00048,4,June,Eli,2026-09-20 14:33:00,Preserve logs and send the case for human review.
CONV00049,1,Eli,June,2026-09-21 14:37:00,A contractor may have accessed confidential data without authorization.
CONV00049,2,June,Eli,2026-09-21 14:38:00,That could indicate an insider threat or data exfiltration.
CONV00049,3,Eli,June,2026-09-21 14:39:00,The audit shows an unusual access pattern.
CONV00049,4,June,Eli,2026-09-21 14:40:00,Preserve logs and send the case for human review.
CONV00050,1,Isha,Arun,2026-09-22 14:44:00,Did you enable multi-factor authentication?
CONV00050,2,Arun,Isha,2026-09-22 14:45:00,"Yes, MFA is enabled on my account."
CONV00050,3,Isha,Arun,2026-09-22 14:46:00,Thanks. The security patch is also available.
CONV00050,4,Arun,Isha,2026-09-22 14:47:00,I will install it today.
CONV00051,1,Dev,Priya,2026-09-23 14:51:00,A suspicious download was found on the workstation.
CONV00051,2,Priya,Dev,2026-09-23 14:52:00,The file may contain malware or a trojan.
CONV00051,3,Dev,Priya,2026-09-23 14:53:00,The endpoint alert also mentions a keylogger.
CONV00051,4,Priya,Dev,2026-09-23 14:54:00,Isolate the device and follow the incident response procedure.
CONV00052,1,Ava,Noah,2026-09-24 14:58:00,Did the antivirus update finish?
CONV00052,2,Noah,Ava,2026-09-24 14:59:00,"Yes, the update completed this morning."
CONV00052,3,Ava,Noah,2026-09-24 15:00:00,"Great, please patch the server after lunch."
CONV00052,4,Noah,Ava,2026-09-24 15:01:00,I will confirm after the maintenance window.
CONV00053,1,Dev,Priya,2026-09-25 15:05:00,A suspicious download was found on the workstation.
CONV00053,2,Priya,Dev,2026-09-25 15:06:00,The file may contain malware or a trojan.
CONV00053,3,Dev,Priya,2026-09-25 15:07:00,The endpoint alert also mentions a keylogger.
CONV00053,4,Priya,Dev,2026-09-25 15:08:00,Isolate the device and follow the incident response procedure.
CONV00054,1,Sam,Riya,2026-09-26 15:12:00,The incident response drill starts at ten.
CONV00054,2,Riya,Sam,2026-09-26 15:13:00,I have the checklist ready.
CONV00054,3,Sam,Riya,2026-09-26 15:14:00,Please verify the firewall rule too.
CONV00054,4,Riya,Sam,2026-09-26 15:15:00,The configuration looks correct.
CONV00055,1,Nina,Omar,2026-09-27 15:19:00,Several failed login attempts appeared on the admin account.
CONV00055,2,Omar,Nina,2026-09-27 15:20:00,Could this be a brute force attempt? Check the logs.
CONV00055,3,Nina,Omar,2026-09-27 15:21:00,The account may be compromised; I also found unusual access.
CONV00055,4,Omar,Nina,2026-09-27 15:22:00,Escalate this to incident response and preserve the evidence.
CONV00056,1,Mia,Leo,2026-09-28 15:26:00,The security audit is scheduled for Friday.
CONV00056,2,Leo,Mia,2026-09-28 15:27:00,I have prepared the access review.
CONV00056,3,Mia,Leo,2026-09-28 15:28:00,Please include the backup status in the report.
CONV00056,4,Leo,Mia,2026-09-28 15:29:00,"Done, I will share it with the team."
CONV00057,1,Ava,Noah,2026-09-01 15:33:00,Did the antivirus update finish?
CONV00057,2,Noah,Ava,2026-09-01 15:34:00,"Yes, the update completed this morning."
CONV00057,3,Ava,Noah,2026-09-01 15:35:00,"Great, please patch the server after lunch."
CONV00057,4,Noah,Ava,2026-09-01 15:36:00,I will confirm after the maintenance window.
CONV00058,1,Maya,Ben,2026-09-02 15:40:00,The security alert says there was an unusual login.
CONV00058,2,Ben,Maya,2026-09-02 15:41:00,It may be a false alarm; MFA succeeded.
CONV00058,3,Maya,Ben,2026-09-02 15:42:00,"Still, there were repeated login attempts before it."
CONV00058,4,Ben,Maya,2026-09-02 15:43:00,Let's review the logs before deciding.
CONV00059,1,Maya,Ben,2026-09-03 15:47:00,The security alert says there was an unusual login.
CONV00059,2,Ben,Maya,2026-09-03 15:48:00,It may be a false alarm; MFA succeeded.
CONV00059,3,Maya,Ben,2026-09-03 15:49:00,"Still, there were repeated login attempts before it."
CONV00059,4,Ben,Maya,2026-09-03 15:50:00,Let's review the logs before deciding.
CONV00060,1,Eli,June,2026-09-04 15:54:00,A contractor may have accessed confidential data without authorization.
CONV00060,2,June,Eli,2026-09-04 15:55:00,That could indicate an insider threat or data exfiltration.
CONV00060,3,Eli,June,2026-09-04 15:56:00,The audit shows an unusual access pattern.
CONV00060,4,June,Eli,2026-09-04 15:57:00,Preserve logs and send the case for human review.
CONV00061,1,Tara,Neil,2026-09-05 16:01:00,The antivirus flagged a suspicious attachment.
CONV00061,2,Neil,Tara,2026-09-05 16:02:00,It was part of our malware-awareness training.
CONV00061,3,Tara,Neil,2026-09-05 16:03:00,"Okay, the security team confirmed it was a test."
CONV00061,4,Neil,Tara,2026-09-05 16:04:00,I will document the result.
CONV00062,1,Alice,Bob,2026-09-06 16:08:00,I received a suspicious link asking me to verify your account.
CONV00062,2,Bob,Alice,2026-09-06 16:09:00,That could be a phishing link. Do not enter your login credentials.
CONV00062,3,Alice,Bob,2026-09-06 16:10:00,I already entered my password and now see an unauthorized login.
CONV00062,4,Bob,Alice,2026-09-06 16:11:00,"Change the password, enable MFA, and report the incident."
CONV00063,1,Kai,Zoe,2026-09-07 16:15:00,The shared files are encrypted and there is a ransom note.
CONV00063,2,Zoe,Kai,2026-09-07 16:16:00,This may be ransomware. Disconnect the affected host.
CONV00063,3,Kai,Zoe,2026-09-07 16:17:00,We need to check backups and the scope of the data breach.
CONV00063,4,Zoe,Kai,2026-09-07 16:18:00,Notify the security team; do not pay or delete evidence.
CONV00064,1,Alice,Bob,2026-09-08 16:22:00,I received a suspicious link asking me to verify your account.
CONV00064,2,Bob,Alice,2026-09-08 16:23:00,That could be a phishing link. Do not enter your login credentials.
CONV00064,3,Alice,Bob,2026-09-08 16:24:00,I already entered my password and now see an unauthorized login.
CONV00064,4,Bob,Alice,2026-09-08 16:25:00,"Change the password, enable MFA, and report the incident."
CONV00065,1,Alice,Bob,2026-09-09 16:29:00,I received a suspicious link asking me to verify your account.
CONV00065,2,Bob,Alice,2026-09-09 16:30:00,That could be a phishing link. Do not enter your login credentials.
CONV00065,3,Alice,Bob,2026-09-09 16:31:00,I already entered my password and now see an unauthorized login.
CONV00065,4,Bob,Alice,2026-09-09 16:32:00,"Change the password, enable MFA, and report the incident."
CONV00066,1,Isha,Arun,2026-09-10 16:36:00,Did you enable multi-factor authentication?
CONV00066,2,Arun,Isha,2026-09-10 16:37:00,"Yes, MFA is enabled on my account."
CONV00066,3,Isha,Arun,2026-09-10 16:38:00,Thanks. The security patch is also available.
CONV00066,4,Arun,Isha,2026-09-10 16:39:00,I will install it today.
CONV00067,1,Isha,Arun,2026-09-11 16:43:00,Did you enable multi-factor authentication?
CONV00067,2,Arun,Isha,2026-09-11 16:44:00,"Yes, MFA is enabled on my account."
CONV00067,3,Isha,Arun,2026-09-11 16:45:00,Thanks. The security patch is also available.
CONV00067,4,Arun,Isha,2026-09-11 16:46:00,I will install it today.
CONV00068,1,Alice,Bob,2026-09-12 16:50:00,I received a suspicious link asking me to verify your account.
CONV00068,2,Bob,Alice,2026-09-12 16:51:00,That could be a phishing link. Do not enter your login credentials.
CONV00068,3,Alice,Bob,2026-09-12 16:52:00,I already entered my password and now see an unauthorized login.
CONV00068,4,Bob,Alice,2026-09-12 16:53:00,"Change the password, enable MFA, and report the incident."
CONV00069,1,Alice,Bob,2026-09-13 16:57:00,I received a suspicious link asking me to verify your account.
CONV00069,2,Bob,Alice,2026-09-13 16:58:00,That could be a phishing link. Do not enter your login credentials.
CONV00069,3,Alice,Bob,2026-09-13 16:59:00,I already entered my password and now see an unauthorized login.
CONV00069,4,Bob,Alice,2026-09-13 17:00:00,"Change the password, enable MFA, and report the incident."
CONV00070,1,Ravi,Meera,2026-09-14 17:04:00,The application may be vulnerable to SQL injection.
CONV00070,2,Meera,Ravi,2026-09-14 17:05:00,"The security test also detected cross-site scripting, or XSS."
CONV00070,3,Ravi,Meera,2026-09-14 17:06:00,We should review the vulnerable query and injected script handling.
CONV00070,4,Meera,Ravi,2026-09-14 17:07:00,Log the findings and apply the approved fixes.
CONV00071,1,Isha,Arun,2026-09-15 17:11:00,Did you enable multi-factor authentication?
CONV00071,2,Arun,Isha,2026-09-15 17:12:00,"Yes, MFA is enabled on my account."
CONV00071,3,Isha,Arun,2026-09-15 17:13:00,Thanks. The security patch is also available.
CONV00071,4,Arun,Isha,2026-09-15 17:14:00,I will install it today.
CONV00072,1,Sam,Riya,2026-09-16 17:18:00,The incident response drill starts at ten.
CONV00072,2,Riya,Sam,2026-09-16 17:19:00,I have the checklist ready.
CONV00072,3,Sam,Riya,2026-09-16 17:20:00,Please verify the firewall rule too.
CONV00072,4,Riya,Sam,2026-09-16 17:21:00,The configuration looks correct.
CONV00073,1,Eli,June,2026-09-17 17:25:00,A contractor may have accessed confidential data without authorization.
CONV00073,2,June,Eli,2026-09-17 17:26:00,That could indicate an insider threat or data exfiltration.
CONV00073,3,Eli,June,2026-09-17 17:27:00,The audit shows an unusual access pattern.
CONV00073,4,June,Eli,2026-09-17 17:28:00,Preserve logs and send the case for human review.
CONV00074,1,Nina,Omar,2026-09-18 17:32:00,Several failed login attempts appeared on the admin account.
CONV00074,2,Omar,Nina,2026-09-18 17:33:00,Could this be a brute force attempt? Check the logs.
CONV00074,3,Nina,Omar,2026-09-18 17:34:00,The account may be compromised; I also found unusual access.
CONV00074,4,Omar,Nina,2026-09-18 17:35:00,Escalate this to incident response and preserve the evidence.
CONV00075,1,Kai,Zoe,2026-09-19 17:39:00,The shared files are encrypted and there is a ransom note.
CONV00075,2,Zoe,Kai,2026-09-19 17:40:00,This may be ransomware. Disconnect the affected host.
CONV00075,3,Kai,Zoe,2026-09-19 17:41:00,We need to check backups and the scope of the data breach.
CONV00075,4,Zoe,Kai,2026-09-19 17:42:00,Notify the security team; do not pay or delete evidence.
CONV00076,1,Ravi,Meera,2026-09-20 17:46:00,The application may be vulnerable to SQL injection.
CONV00076,2,Meera,Ravi,2026-09-20 17:47:00,"The security test also detected cross-site scripting, or XSS."
CONV00076,3,Ravi,Meera,2026-09-20 17:48:00,We should review the vulnerable query and injected script handling.
CONV00076,4,Meera,Ravi,2026-09-20 17:49:00,Log the findings and apply the approved fixes.
CONV00077,1,Ravi,Meera,2026-09-21 17:53:00,The application may be vulnerable to SQL injection.
CONV00077,2,Meera,Ravi,2026-09-21 17:54:00,"The security test also detected cross-site scripting, or XSS."
CONV00077,3,Ravi,Meera,2026-09-21 17:55:00,We should review the vulnerable query and injected script handling.
CONV00077,4,Meera,Ravi,2026-09-21 17:56:00,Log the findings and apply the approved fixes.
CONV00078,1,Nina,Omar,2026-09-22 18:00:00,Several failed login attempts appeared on the admin account.
CONV00078,2,Omar,Nina,2026-09-22 18:01:00,Could this be a brute force attempt? Check the logs.
CONV00078,3,Nina,Omar,2026-09-22 18:02:00,The account may be compromised; I also found unusual access.
CONV00078,4,Omar,Nina,2026-09-22 18:03:00,Escalate this to incident response and preserve the evidence.
CONV00079,1,Sam,Riya,2026-09-23 18:07:00,The incident response drill starts at ten.
CONV00079,2,Riya,Sam,2026-09-23 18:08:00,I have the checklist ready.
CONV00079,3,Sam,Riya,2026-09-23 18:09:00,Please verify the firewall rule too.
CONV00079,4,Riya,Sam,2026-09-23 18:10:00,The configuration looks correct.
CONV00080,1,Ravi,Meera,2026-09-24 18:14:00,The application may be vulnerable to SQL injection.
CONV00080,2,Meera,Ravi,2026-09-24 18:15:00,"The security test also detected cross-site scripting, or XSS."
CONV00080,3,Ravi,Meera,2026-09-24 18:16:00,We should review the vulnerable query and injected script handling.
CONV00080,4,Meera,Ravi,2026-09-24 18:17:00,Log the findings and apply the approved fixes.
CONV00081,1,Ravi,Meera,2026-09-25 18:21:00,The application may be vulnerable to SQL injection.
CONV00081,2,Meera,Ravi,2026-09-25 18:22:00,"The security test also detected cross-site scripting, or XSS."
CONV00081,3,Ravi,Meera,2026-09-25 18:23:00,We should review the vulnerable query and injected script handling.
CONV00081,4,Meera,Ravi,2026-09-25 18:24:00,Log the findings and apply the approved fixes.
CONV00082,1,Sam,Riya,2026-09-26 18:28:00,The incident response drill starts at ten.
CONV00082,2,Riya,Sam,2026-09-26 18:29:00,I have the checklist ready.
CONV00082,3,Sam,Riya,2026-09-26 18:30:00,Please verify the firewall rule too.
CONV00082,4,Riya,Sam,2026-09-26 18:31:00,The configuration looks correct.
CONV00083,1,Ravi,Meera,2026-09-27 18:35:00,The application may be vulnerable to SQL injection.
CONV00083,2,Meera,Ravi,2026-09-27 18:36:00,"The security test also detected cross-site scripting, or XSS."
CONV00083,3,Ravi,Meera,2026-09-27 18:37:00,We should review the vulnerable query and injected script handling.
CONV00083,4,Meera,Ravi,2026-09-27 18:38:00,Log the findings and apply the approved fixes.
CONV00084,1,Nina,Omar,2026-09-28 18:42:00,Several failed login attempts appeared on the admin account.
CONV00084,2,Omar,Nina,2026-09-28 18:43:00,Could this be a brute force attempt? Check the logs.
CONV00084,3,Nina,Omar,2026-09-28 18:44:00,The account may be compromised; I also found unusual access.
CONV00084,4,Omar,Nina,2026-09-28 18:45:00,Escalate this to incident response and preserve the evidence.
CONV00085,1,Maya,Ben,2026-09-01 18:49:00,The security alert says there was an unusual login.
CONV00085,2,Ben,Maya,2026-09-01 18:50:00,It may be a false alarm; MFA succeeded.
CONV00085,3,Maya,Ben,2026-09-01 18:51:00,"Still, there were repeated login attempts before it."
CONV00085,4,Ben,Maya,2026-09-01 18:52:00,Let's review the logs before deciding.
CONV00086,1,Alice,Bob,2026-09-02 18:56:00,I received a suspicious link asking me to verify your account.
CONV00086,2,Bob,Alice,2026-09-02 18:57:00,That could be a phishing link. Do not enter your login credentials.
CONV00086,3,Alice,Bob,2026-09-02 18:58:00,I already entered my password and now see an unauthorized login.
CONV00086,4,Bob,Alice,2026-09-02 18:59:00,"Change the password, enable MFA, and report the incident."
CONV00087,1,Kai,Zoe,2026-09-03 19:03:00,The shared files are encrypted and there is a ransom note.
CONV00087,2,Zoe,Kai,2026-09-03 19:04:00,This may be ransomware. Disconnect the affected host.
CONV00087,3,Kai,Zoe,2026-09-03 19:05:00,We need to check backups and the scope of the data breach.
CONV00087,4,Zoe,Kai,2026-09-03 19:06:00,Notify the security team; do not pay or delete evidence.
CONV00088,1,Isha,Arun,2026-09-04 19:10:00,Did you enable multi-factor authentication?
CONV00088,2,Arun,Isha,2026-09-04 19:11:00,"Yes, MFA is enabled on my account."
CONV00088,3,Isha,Arun,2026-09-04 19:12:00,Thanks. The security patch is also available.
CONV00088,4,Arun,Isha,2026-09-04 19:13:00,I will install it today.
CONV00089,1,Sam,Riya,2026-09-05 19:17:00,The incident response drill starts at ten.
CONV00089,2,Riya,Sam,2026-09-05 19:18:00,I have the checklist ready.
CONV00089,3,Sam,Riya,2026-09-05 19:19:00,Please verify the firewall rule too.
CONV00089,4,Riya,Sam,2026-09-05 19:20:00,The configuration looks correct.
CONV00090,1,Maya,Ben,2026-09-06 19:24:00,The security alert says there was an unusual login.
CONV00090,2,Ben,Maya,2026-09-06 19:25:00,It may be a false alarm; MFA succeeded.
CONV00090,3,Maya,Ben,2026-09-06 19:26:00,"Still, there were repeated login attempts before it."
CONV00090,4,Ben,Maya,2026-09-06 19:27:00,Let's review the logs before deciding.
CONV00091,1,Ravi,Meera,2026-09-07 19:31:00,The application may be vulnerable to SQL injection.
CONV00091,2,Meera,Ravi,2026-09-07 19:32:00,"The security test also detected cross-site scripting, or XSS."
CONV00091,3,Ravi,Meera,2026-09-07 19:33:00,We should review the vulnerable query and injected script handling.
CONV00091,4,Meera,Ravi,2026-09-07 19:34:00,Log the findings and apply the approved fixes.
CONV00092,1,Tara,Neil,2026-09-08 19:38:00,The antivirus flagged a suspicious attachment.
CONV00092,2,Neil,Tara,2026-09-08 19:39:00,It was part of our malware-awareness training.
CONV00092,3,Tara,Neil,2026-09-08 19:40:00,"Okay, the security team confirmed it was a test."
CONV00092,4,Neil,Tara,2026-09-08 19:41:00,I will document the result.
CONV00093,1,Kai,Zoe,2026-09-09 19:45:00,The shared files are encrypted and there is a ransom note.
CONV00093,2,Zoe,Kai,2026-09-09 19:46:00,This may be ransomware. Disconnect the affected host.
CONV00093,3,Kai,Zoe,2026-09-09 19:47:00,We need to check backups and the scope of the data breach.
CONV00093,4,Zoe,Kai,2026-09-09 19:48:00,Notify the security team; do not pay or delete evidence.
CONV00094,1,Isha,Arun,2026-09-10 19:52:00,Did you enable multi-factor authentication?
CONV00094,2,Arun,Isha,2026-09-10 19:53:00,"Yes, MFA is enabled on my account."
CONV00094,3,Isha,Arun,2026-09-10 19:54:00,Thanks. The security patch is also available.
CONV00094,4,Arun,Isha,2026-09-10 19:55:00,I will install it today.
CONV00095,1,Kai,Zoe,2026-09-11 19:59:00,The shared files are encrypted and there is a ransom note.
CONV00095,2,Zoe,Kai,2026-09-11 20:00:00,This may be ransomware. Disconnect the affected host.
CONV00095,3,Kai,Zoe,2026-09-11 20:01:00,We need to check backups and the scope of the data breach.
CONV00095,4,Zoe,Kai,2026-09-11 20:02:00,Notify the security team; do not pay or delete evidence.
CONV00096,1,Mia,Leo,2026-09-12 20:06:00,The security audit is scheduled for Friday.
CONV00096,2,Leo,Mia,2026-09-12 20:07:00,I have prepared the access review.
CONV00096,3,Mia,Leo,2026-09-12 20:08:00,Please include the backup status in the report.
CONV00096,4,Leo,Mia,2026-09-12 20:09:00,"Done, I will share it with the team."
CONV00097,1,Tara,Neil,2026-09-13 20:13:00,The antivirus flagged a suspicious attachment.
CONV00097,2,Neil,Tara,2026-09-13 20:14:00,It was part of our malware-awareness training.
CONV00097,3,Tara,Neil,2026-09-13 20:15:00,"Okay, the security team confirmed it was a test."
CONV00097,4,Neil,Tara,2026-09-13 20:16:00,I will document the result.
CONV00098,1,Sam,Riya,2026-09-14 20:20:00,The incident response drill starts at ten.
CONV00098,2,Riya,Sam,2026-09-14 20:21:00,I have the checklist ready.
CONV00098,3,Sam,Riya,2026-09-14 20:22:00,Please verify the firewall rule too.
CONV00098,4,Riya,Sam,2026-09-14 20:23:00,The configuration looks correct.
CONV00099,1,Maya,Ben,2026-09-15 20:27:00,The security alert says there was an unusual login.
CONV00099,2,Ben,Maya,2026-09-15 20:28:00,It may be a false alarm; MFA succeeded.
CONV00099,3,Maya,Ben,2026-09-15 20:29:00,"Still, there were repeated login attempts before it."
CONV00099,4,Ben,Maya,2026-09-15 20:30:00,Let's review the logs before deciding.
CONV00100,1,Ava,Noah,2026-09-16 20:34:00,Did the antivirus update finish?
CONV00100,2,Noah,Ava,2026-09-16 20:35:00,"Yes, the update completed this morning."
CONV00100,3,Ava,Noah,2026-09-16 20:36:00,"Great, please patch the server after lunch."
CONV00100,4,Noah,Ava,2026-09-16 20:37:00,I will confirm after the maintenance window.
CONV00101,1,Maya,Ben,2026-09-17 20:41:00,The security alert says there was an unusual login.
CONV00101,2,Ben,Maya,2026-09-17 20:42:00,It may be a false alarm; MFA succeeded.
CONV00101,3,Maya,Ben,2026-09-17 20:43:00,"Still, there were repeated login attempts before it."
CONV00101,4,Ben,Maya,2026-09-17 20:44:00,Let's review the logs before deciding.
CONV00102,1,Dev,Priya,2026-09-18 20:48:00,A suspicious download was found on the workstation.
CONV00102,2,Priya,Dev,2026-09-18 20:49:00,The file may contain malware or a trojan.
CONV00102,3,Dev,Priya,2026-09-18 20:50:00,The endpoint alert also mentions a keylogger.
CONV00102,4,Priya,Dev,2026-09-18 20:51:00,Isolate the device and follow the incident response procedure.
CONV00103,1,Eli,June,2026-09-19 20:55:00,A contractor may have accessed confidential data without authorization.
CONV00103,2,June,Eli,2026-09-19 20:56:00,That could indicate an insider threat or data exfiltration.
CONV00103,3,Eli,June,2026-09-19 20:57:00,The audit shows an unusual access pattern.
CONV00103,4,June,Eli,2026-09-19 20:58:00,Preserve logs and send the case for human review.
CONV00104,1,Eli,June,2026-09-20 21:02:00,A contractor may have accessed confidential data without authorization.
CONV00104,2,June,Eli,2026-09-20 21:03:00,That could indicate an insider threat or data exfiltration.
CONV00104,3,Eli,June,2026-09-20 21:04:00,The audit shows an unusual access pattern.
CONV00104,4,June,Eli,2026-09-20 21:05:00,Preserve logs and send the case for human review.
CONV00105,1,Dev,Priya,2026-09-21 21:09:00,A suspicious download was found on the workstation.
CONV00105,2,Priya,Dev,2026-09-21 21:10:00,The file may contain malware or a trojan.
CONV00105,3,Dev,Priya,2026-09-21 21:11:00,The endpoint alert also mentions a keylogger.
CONV00105,4,Priya,Dev,2026-09-21 21:12:00,Isolate the device and follow the incident response procedure.
CONV00106,1,Ava,Noah,2026-09-22 21:16:00,Did the antivirus update finish?
CONV00106,2,Noah,Ava,2026-09-22 21:17:00,"Yes, the update completed this morning."
CONV00106,3,Ava,Noah,2026-09-22 21:18:00,"Great, please patch the server after lunch."
CONV00106,4,Noah,Ava,2026-09-22 21:19:00,I will confirm after the maintenance window.
CONV00107,1,Ravi,Meera,2026-09-23 21:23:00,The application may be vulnerable to SQL injection.
CONV00107,2,Meera,Ravi,2026-09-23 21:24:00,"The security test also detected cross-site scripting, or XSS."
CONV00107,3,Ravi,Meera,2026-09-23 21:25:00,We should review the vulnerable query and injected script handling.
CONV00107,4,Meera,Ravi,2026-09-23 21:26:00,Log the findings and apply the approved fixes.
CONV00108,1,Sam,Riya,2026-09-24 21:30:00,The incident response drill starts at ten.
CONV00108,2,Riya,Sam,2026-09-24 21:31:00,I have the checklist ready.
CONV00108,3,Sam,Riya,2026-09-24 21:32:00,Please verify the firewall rule too.
CONV00108,4,Riya,Sam,2026-09-24 21:33:00,The configuration looks correct.
CONV00109,1,Isha,Arun,2026-09-25 21:37:00,Did you enable multi-factor authentication?
CONV00109,2,Arun,Isha,2026-09-25 21:38:00,"Yes, MFA is enabled on my account."
CONV00109,3,Isha,Arun,2026-09-25 21:39:00,Thanks. The security patch is also available.
CONV00109,4,Arun,Isha,2026-09-25 21:40:00,I will install it today.
CONV00110,1,Sam,Riya,2026-09-26 21:44:00,The incident response drill starts at ten.
CONV00110,2,Riya,Sam,2026-09-26 21:45:00,I have the checklist ready.
CONV00110,3,Sam,Riya,2026-09-26 21:46:00,Please verify the firewall rule too.
CONV00110,4,Riya,Sam,2026-09-26 21:47:00,The configuration looks correct.
CONV00111,1,Mia,Leo,2026-09-27 21:51:00,The security audit is scheduled for Friday.
CONV00111,2,Leo,Mia,2026-09-27 21:52:00,I have prepared the access review.
CONV00111,3,Mia,Leo,2026-09-27 21:53:00,Please include the backup status in the report.
CONV00111,4,Leo,Mia,2026-09-27 21:54:00,"Done, I will share it with the team."
CONV00112,1,Kai,Zoe,2026-09-28 21:58:00,The shared files are encrypted and there is a ransom note.
CONV00112,2,Zoe,Kai,2026-09-28 21:59:00,This may be ransomware. Disconnect the affected host.
CONV00112,3,Kai,Zoe,2026-09-28 22:00:00,We need to check backups and the scope of the data breach.
CONV00112,4,Zoe,Kai,2026-09-28 22:01:00,Notify the security team; do not pay or delete evidence.
CONV00113,1,Tara,Neil,2026-09-01 22:05:00,The antivirus flagged a suspicious attachment.
CONV00113,2,Neil,Tara,2026-09-01 22:06:00,It was part of our malware-awareness training.
CONV00113,3,Tara,Neil,2026-09-01 22:07:00,"Okay, the security team confirmed it was a test."
CONV00113,4,Neil,Tara,2026-09-01 22:08:00,I will document the result.
CONV00114,1,Sam,Riya,2026-09-02 22:12:00,The incident response drill starts at ten.
CONV00114,2,Riya,Sam,2026-09-02 22:13:00,I have the checklist ready.
CONV00114,3,Sam,Riya,2026-09-02 22:14:00,Please verify the firewall rule too.
CONV00114,4,Riya,Sam,2026-09-02 22:15:00,The configuration looks correct.
CONV00115,1,Nina,Omar,2026-09-03 22:19:00,Several failed login attempts appeared on the admin account.
CONV00115,2,Omar,Nina,2026-09-03 22:20:00,Could this be a brute force attempt? Check the logs.
CONV00115,3,Nina,Omar,2026-09-03 22:21:00,The account may be compromised; I also found unusual access.
CONV00115,4,Omar,Nina,2026-09-03 22:22:00,Escalate this to incident response and preserve the evidence.
CONV00116,1,Eli,June,2026-09-04 22:26:00,A contractor may have accessed confidential data without authorization.
CONV00116,2,June,Eli,2026-09-04 22:27:00,That could indicate an insider threat or data exfiltration.
CONV00116,3,Eli,June,2026-09-04 22:28:00,The audit shows an unusual access pattern.
CONV00116,4,June,Eli,2026-09-04 22:29:00,Preserve logs and send the case for human review.
CONV00117,1,Ava,Noah,2026-09-05 22:33:00,Did the antivirus update finish?
CONV00117,2,Noah,Ava,2026-09-05 22:34:00,"Yes, the update completed this morning."
CONV00117,3,Ava,Noah,2026-09-05 22:35:00,"Great, please patch the server after lunch."
CONV00117,4,Noah,Ava,2026-09-05 22:36:00,I will confirm after the maintenance window.
CONV00118,1,Sam,Riya,2026-09-06 22:40:00,The incident response drill starts at ten.
CONV00118,2,Riya,Sam,2026-09-06 22:41:00,I have the checklist ready.
CONV00118,3,Sam,Riya,2026-09-06 22:42:00,Please verify the firewall rule too.
CONV00118,4,Riya,Sam,2026-09-06 22:43:00,The configuration looks correct.
CONV00119,1,Alice,Bob,2026-09-07 22:47:00,I received a suspicious link asking me to verify your account.
CONV00119,2,Bob,Alice,2026-09-07 22:48:00,That could be a phishing link. Do not enter your login credentials.
CONV00119,3,Alice,Bob,2026-09-07 22:49:00,I already entered my password and now see an unauthorized login.
CONV00119,4,Bob,Alice,2026-09-07 22:50:00,"Change the password, enable MFA, and report the incident."
CONV00120,1,Dev,Priya,2026-09-08 22:54:00,A suspicious download was found on the workstation.
CONV00120,2,Priya,Dev,2026-09-08 22:55:00,The file may contain malware or a trojan.
CONV00120,3,Dev,Priya,2026-09-08 22:56:00,The endpoint alert also mentions a keylogger.
CONV00120,4,Priya,Dev,2026-09-08 22:57:00,Isolate the device and follow the incident response procedure.
CONV00121,1,Eli,June,2026-09-09 23:01:00,A contractor may have accessed confidential data without authorization.
CONV00121,2,June,Eli,2026-09-09 23:02:00,That could indicate an insider threat or data exfiltration.
CONV00121,3,Eli,June,2026-09-09 23:03:00,The audit shows an unusual access pattern.
CONV00121,4,June,Eli,2026-09-09 23:04:00,Preserve logs and send the case for human review.
CONV00122,1,Tara,Neil,2026-09-10 23:08:00,The antivirus flagged a suspicious attachment.
CONV00122,2,Neil,Tara,2026-09-10 23:09:00,It was part of our malware-awareness training.
CONV00122,3,Tara,Neil,2026-09-10 23:10:00,"Okay, the security team confirmed it was a test."
CONV00122,4,Neil,Tara,2026-09-10 23:11:00,I will document the result.
CONV00123,1,Dev,Priya,2026-09-11 23:15:00,A suspicious download was found on the workstation.
CONV00123,2,Priya,Dev,2026-09-11 23:16:00,The file may contain malware or a trojan.
CONV00123,3,Dev,Priya,2026-09-11 23:17:00,The endpoint alert also mentions a keylogger.
CONV00123,4,Priya,Dev,2026-09-11 23:18:00,Isolate the device and follow the incident response procedure.
CONV00124,1,Maya,Ben,2026-09-12 23:22:00,The security alert says there was an unusual login.
CONV00124,2,Ben,Maya,2026-09-12 23:23:00,It may be a false alarm; MFA succeeded.
CONV00124,3,Maya,Ben,2026-09-12 23:24:00,"Still, there were repeated login attempts before it."
CONV00124,4,Ben,Maya,2026-09-12 23:25:00,Let's review the logs before deciding.
CONV00125,1,Ravi,Meera,2026-09-13 23:29:00,The application may be vulnerable to SQL injection.
CONV00125,2,Meera,Ravi,2026-09-13 23:30:00,"The security test also detected cross-site scripting, or XSS."
CONV00125,3,Ravi,Meera,2026-09-13 23:31:00,We should review the vulnerable query and injected script handling.
CONV00125,4,Meera,Ravi,2026-09-13 23:32:00,Log the findings and apply the approved fixes.
CONV00126,1,Mia,Leo,2026-09-14 23:36:00,The security audit is scheduled for Friday.
CONV00126,2,Leo,Mia,2026-09-14 23:37:00,I have prepared the access review.
CONV00126,3,Mia,Leo,2026-09-14 23:38:00,Please include the backup status in the report.
CONV00126,4,Leo,Mia,2026-09-14 23:39:00,"Done, I will share it with the team."
CONV00127,1,Maya,Ben,2026-09-15 23:43:00,The security alert says there was an unusual login.
CONV00127,2,Ben,Maya,2026-09-15 23:44:00,It may be a false alarm; MFA succeeded.
CONV00127,3,Maya,Ben,2026-09-15 23:45:00,"Still, there were repeated login attempts before it."
CONV00127,4,Ben,Maya,2026-09-15 23:46:00,Let's review the logs before deciding.
CONV00128,1,Ava,Noah,2026-09-16 23:50:00,Did the antivirus update finish?
CONV00128,2,Noah,Ava,2026-09-16 23:51:00,"Yes, the update completed this morning."
CONV00128,3,Ava,Noah,2026-09-16 23:52:00,"Great, please patch the server after lunch."
CONV00128,4,Noah,Ava,2026-09-16 23:53:00,I will confirm after the maintenance window.
CONV00129,1,Alice,Bob,2026-09-17 23:57:00,I received a suspicious link asking me to verify your account.
CONV00129,2,Bob,Alice,2026-09-17 23:58:00,That could be a phishing link. Do not enter your login credentials.
CONV00129,3,Alice,Bob,2026-09-17 23:59:00,I already entered my password and now see an unauthorized login.
CONV00129,4,Bob,Alice,2026-09-17 00:00:00,"Change the password, enable MFA, and report the incident."
CONV00130,1,Kai,Zoe,2026-09-18 00:04:00,The shared files are encrypted and there is a ransom note.
CONV00130,2,Zoe,Kai,2026-09-18 00:05:00,This may be ransomware. Disconnect the affected host.
CONV00130,3,Kai,Zoe,2026-09-18 00:06:00,We need to check backups and the scope of the data breach.
CONV00130,4,Zoe,Kai,2026-09-18 00:07:00,Notify the security team; do not pay or delete evidence.
CONV00131,1,Ravi,Meera,2026-09-19 00:11:00,The application may be vulnerable to SQL injection.
CONV00131,2,Meera,Ravi,2026-09-19 00:12:00,"The security test also detected cross-site scripting, or XSS."
CONV00131,3,Ravi,Meera,2026-09-19 00:13:00,We should review the vulnerable query and injected script handling.
CONV00131,4,Meera,Ravi,2026-09-19 00:14:00,Log the findings and apply the approved fixes.
CONV00132,1,Nina,Omar,2026-09-20 00:18:00,Several failed login attempts appeared on the admin account.
CONV00132,2,Omar,Nina,2026-09-20 00:19:00,Could this be a brute force attempt? Check the logs.
CONV00132,3,Nina,Omar,2026-09-20 00:20:00,The account may be compromised; I also found unusual access.
CONV00132,4,Omar,Nina,2026-09-20 00:21:00,Escalate this to incident response and preserve the evidence.
CONV00133,1,Alice,Bob,2026-09-21 00:25:00,I received a suspicious link asking me to verify your account.
CONV00133,2,Bob,Alice,2026-09-21 00:26:00,That could be a phishing link. Do not enter your login credentials.
CONV00133,3,Alice,Bob,2026-09-21 00:27:00,I already entered my password and now see an unauthorized login.
CONV00133,4,Bob,Alice,2026-09-21 00:28:00,"Change the password, enable MFA, and report the incident."
CONV00134,1,Isha,Arun,2026-09-22 00:32:00,Did you enable multi-factor authentication?
CONV00134,2,Arun,Isha,2026-09-22 00:33:00,"Yes, MFA is enabled on my account."
CONV00134,3,Isha,Arun,2026-09-22 00:34:00,Thanks. The security patch is also available.
CONV00134,4,Arun,Isha,2026-09-22 00:35:00,I will install it today.
CONV00135,1,Ravi,Meera,2026-09-23 00:39:00,The application may be vulnerable to SQL injection.
CONV00135,2,Meera,Ravi,2026-09-23 00:40:00,"The security test also detected cross-site scripting, or XSS."
CONV00135,3,Ravi,Meera,2026-09-23 00:41:00,We should review the vulnerable query and injected script handling.
CONV00135,4,Meera,Ravi,2026-09-23 00:42:00,Log the findings and apply the approved fixes.
CONV00136,1,Dev,Priya,2026-09-24 00:46:00,A suspicious download was found on the workstation.
CONV00136,2,Priya,Dev,2026-09-24 00:47:00,The file may contain malware or a trojan.
CONV00136,3,Dev,Priya,2026-09-24 00:48:00,The endpoint alert also mentions a keylogger.
CONV00136,4,Priya,Dev,2026-09-24 00:49:00,Isolate the device and follow the incident response procedure.
CONV00137,1,Kai,Zoe,2026-09-25 00:53:00,The shared files are encrypted and there is a ransom note.
CONV00137,2,Zoe,Kai,2026-09-25 00:54:00,This may be ransomware. Disconnect the affected host.
CONV00137,3,Kai,Zoe,2026-09-25 00:55:00,We need to check backups and the scope of the data breach.
CONV00137,4,Zoe,Kai,2026-09-25 00:56:00,Notify the security team; do not pay or delete evidence.
CONV00138,1,Nina,Omar,2026-09-26 01:00:00,Several failed login attempts appeared on the admin account.
CONV00138,2,Omar,Nina,2026-09-26 01:01:00,Could this be a brute force attempt? Check the logs.
CONV00138,3,Nina,Omar,2026-09-26 01:02:00,The account may be compromised; I also found unusual access.
CONV00138,4,Omar,Nina,2026-09-26 01:03:00,Escalate this to incident response and preserve the evidence.
CONV00139,1,Alice,Bob,2026-09-27 01:07:00,I received a suspicious link asking me to verify your account.
CONV00139,2,Bob,Alice,2026-09-27 01:08:00,That could be a phishing link. Do not enter your login credentials.
CONV00139,3,Alice,Bob,2026-09-27 01:09:00,I already entered my password and now see an unauthorized login.
CONV00139,4,Bob,Alice,2026-09-27 01:10:00,"Change the password, enable MFA, and report the incident."
CONV00140,1,Sam,Riya,2026-09-28 01:14:00,The incident response drill starts at ten.
CONV00140,2,Riya,Sam,2026-09-28 01:15:00,I have the checklist ready.
CONV00140,3,Sam,Riya,2026-09-28 01:16:00,Please verify the firewall rule too.
CONV00140,4,Riya,Sam,2026-09-28 01:17:00,The configuration looks correct.
CONV00141,1,Maya,Ben,2026-09-01 01:21:00,The security alert says there was an unusual login.
CONV00141,2,Ben,Maya,2026-09-01 01:22:00,It may be a false alarm; MFA succeeded.
CONV00141,3,Maya,Ben,2026-09-01 01:23:00,"Still, there were repeated login attempts before it."
CONV00141,4,Ben,Maya,2026-09-01 01:24:00,Let's review the logs before deciding.
CONV00142,1,Sam,Riya,2026-09-02 01:28:00,The incident response drill starts at ten.
CONV00142,2,Riya,Sam,2026-09-02 01:29:00,I have the checklist ready.
CONV00142,3,Sam,Riya,2026-09-02 01:30:00,Please verify the firewall rule too.
CONV00142,4,Riya,Sam,2026-09-02 01:31:00,The configuration looks correct.
CONV00143,1,Kai,Zoe,2026-09-03 01:35:00,The shared files are encrypted and there is a ransom note.
CONV00143,2,Zoe,Kai,2026-09-03 01:36:00,This may be ransomware. Disconnect the affected host.
CONV00143,3,Kai,Zoe,2026-09-03 01:37:00,We need to check backups and the scope of the data breach.
CONV00143,4,Zoe,Kai,2026-09-03 01:38:00,Notify the security team; do not pay or delete evidence.
CONV00144,1,Sam,Riya,2026-09-04 01:42:00,The incident response drill starts at ten.
CONV00144,2,Riya,Sam,2026-09-04 01:43:00,I have the checklist ready.
CONV00144,3,Sam,Riya,2026-09-04 01:44:00,Please verify the firewall rule too.
CONV00144,4,Riya,Sam,2026-09-04 01:45:00,The configuration looks correct.
CONV00145,1,Nina,Omar,2026-09-05 01:49:00,Several failed login attempts appeared on the admin account.
CONV00145,2,Omar,Nina,2026-09-05 01:50:00,Could this be a brute force attempt? Check the logs.
CONV00145,3,Nina,Omar,2026-09-05 01:51:00,The account may be compromised; I also found unusual access.
CONV00145,4,Omar,Nina,2026-09-05 01:52:00,Escalate this to incident response and preserve the evidence.
CONV00146,1,Ava,Noah,2026-09-06 01:56:00,Did the antivirus update finish?
CONV00146,2,Noah,Ava,2026-09-06 01:57:00,"Yes, the update completed this morning."
CONV00146,3,Ava,Noah,2026-09-06 01:58:00,"Great, please patch the server after lunch."
CONV00146,4,Noah,Ava,2026-09-06 01:59:00,I will confirm after the maintenance window.
CONV00147,1,Mia,Leo,2026-09-07 02:03:00,The security audit is scheduled for Friday.
CONV00147,2,Leo,Mia,2026-09-07 02:04:00,I have prepared the access review.
CONV00147,3,Mia,Leo,2026-09-07 02:05:00,Please include the backup status in the report.
CONV00147,4,Leo,Mia,2026-09-07 02:06:00,"Done, I will share it with the team."
CONV00148,1,Mia,Leo,2026-09-08 02:10:00,The security audit is scheduled for Friday.
CONV00148,2,Leo,Mia,2026-09-08 02:11:00,I have prepared the access review.
CONV00148,3,Mia,Leo,2026-09-08 02:12:00,Please include the backup status in the report.
CONV00148,4,Leo,Mia,2026-09-08 02:13:00,"Done, I will share it with the team."
CONV00149,1,Maya,Ben,2026-09-09 02:17:00,The security alert says there was an unusual login.
CONV00149,2,Ben,Maya,2026-09-09 02:18:00,It may be a false alarm; MFA succeeded.
CONV00149,3,Maya,Ben,2026-09-09 02:19:00,"Still, there were repeated login attempts before it."
CONV00149,4,Ben,Maya,2026-09-09 02:20:00,Let's review the logs before deciding.
CONV00150,1,Dev,Priya,2026-09-10 02:24:00,A suspicious download was found on the workstation.
CONV00150,2,Priya,Dev,2026-09-10 02:25:00,The file may contain malware or a trojan.
CONV00150,3,Dev,Priya,2026-09-10 02:26:00,The endpoint alert also mentions a keylogger.
CONV00150,4,Priya,Dev,2026-09-10 02:27:00,Isolate the device and follow the incident response procedure.
CONV00151,1,Dev,Priya,2026-09-11 02:31:00,A suspicious download was found on the workstation.
CONV00151,2,Priya,Dev,2026-09-11 02:32:00,The file may contain malware or a trojan.
CONV00151,3,Dev,Priya,2026-09-11 02:33:00,The endpoint alert also mentions a keylogger.
CONV00151,4,Priya,Dev,2026-09-11 02:34:00,Isolate the device and follow the incident response procedure.
CONV00152,1,Alice,Bob,2026-09-12 02:38:00,I received a suspicious link asking me to verify your account.
CONV00152,2,Bob,Alice,2026-09-12 02:39:00,That could be a phishing link. Do not enter your login credentials.
CONV00152,3,Alice,Bob,2026-09-12 02:40:00,I already entered my password and now see an unauthorized login.
CONV00152,4,Bob,Alice,2026-09-12 02:41:00,"Change the password, enable MFA, and report the incident."
CONV00153,1,Isha,Arun,2026-09-13 02:45:00,Did you enable multi-factor authentication?
CONV00153,2,Arun,Isha,2026-09-13 02:46:00,"Yes, MFA is enabled on my account."
CONV00153,3,Isha,Arun,2026-09-13 02:47:00,Thanks. The security patch is also available.
CONV00153,4,Arun,Isha,2026-09-13 02:48:00,I will install it today.
CONV00154,1,Nina,Omar,2026-09-14 02:52:00,Several failed login attempts appeared on the admin account.
CONV00154,2,Omar,Nina,2026-09-14 02:53:00,Could this be a brute force attempt? Check the logs.
CONV00154,3,Nina,Omar,2026-09-14 02:54:00,The account may be compromised; I also found unusual access.
CONV00154,4,Omar,Nina,2026-09-14 02:55:00,Escalate this to incident response and preserve the evidence.
CONV00155,1,Ava,Noah,2026-09-15 02:59:00,Did the antivirus update finish?
CONV00155,2,Noah,Ava,2026-09-15 03:00:00,"Yes, the update completed this morning."
CONV00155,3,Ava,Noah,2026-09-15 03:01:00,"Great, please patch the server after lunch."
CONV00155,4,Noah,Ava,2026-09-15 03:02:00,I will confirm after the maintenance window.
CONV00156,1,Eli,June,2026-09-16 03:06:00,A contractor may have accessed confidential data without authorization.
CONV00156,2,June,Eli,2026-09-16 03:07:00,That could indicate an insider threat or data exfiltration.
CONV00156,3,Eli,June,2026-09-16 03:08:00,The audit shows an unusual access pattern.
CONV00156,4,June,Eli,2026-09-16 03:09:00,Preserve logs and send the case for human review.
CONV00157,1,Kai,Zoe,2026-09-17 03:13:00,The shared files are encrypted and there is a ransom note.
CONV00157,2,Zoe,Kai,2026-09-17 03:14:00,This may be ransomware. Disconnect the affected host.
CONV00157,3,Kai,Zoe,2026-09-17 03:15:00,We need to check backups and the scope of the data breach.
CONV00157,4,Zoe,Kai,2026-09-17 03:16:00,Notify the security team; do not pay or delete evidence.
CONV00158,1,Ravi,Meera,2026-09-18 03:20:00,The application may be vulnerable to SQL injection.
CONV00158,2,Meera,Ravi,2026-09-18 03:21:00,"The security test also detected cross-site scripting, or XSS."
CONV00158,3,Ravi,Meera,2026-09-18 03:22:00,We should review the vulnerable query and injected script handling.
CONV00158,4,Meera,Ravi,2026-09-18 03:23:00,Log the findings and apply the approved fixes.
CONV00159,1,Alice,Bob,2026-09-19 03:27:00,I received a suspicious link asking me to verify your account.
CONV00159,2,Bob,Alice,2026-09-19 03:28:00,That could be a phishing link. Do not enter your login credentials.
CONV00159,3,Alice,Bob,2026-09-19 03:29:00,I already entered my password and now see an unauthorized login.
CONV00159,4,Bob,Alice,2026-09-19 03:30:00,"Change the password, enable MFA, and report the incident."
CONV00160,1,Eli,June,2026-09-20 03:34:00,A contractor may have accessed confidential data without authorization.
CONV00160,2,June,Eli,2026-09-20 03:35:00,That could indicate an insider threat or data exfiltration.
CONV00160,3,Eli,June,2026-09-20 03:36:00,The audit shows an unusual access pattern.
CONV00160,4,June,Eli,2026-09-20 03:37:00,Preserve logs and send the case for human review.
CONV00161,1,Sam,Riya,2026-09-21 03:41:00,The incident response drill starts at ten.
CONV00161,2,Riya,Sam,2026-09-21 03:42:00,I have the checklist ready.
CONV00161,3,Sam,Riya,2026-09-21 03:43:00,Please verify the firewall rule too.
CONV00161,4,Riya,Sam,2026-09-21 03:44:00,The configuration looks correct.
CONV00162,1,Ava,Noah,2026-09-22 03:48:00,Did the antivirus update finish?
CONV00162,2,Noah,Ava,2026-09-22 03:49:00,"Yes, the update completed this morning."
CONV00162,3,Ava,Noah,2026-09-22 03:50:00,"Great, please patch the server after lunch."
CONV00162,4,Noah,Ava,2026-09-22 03:51:00,I will confirm after the maintenance window.
CONV00163,1,Alice,Bob,2026-09-23 03:55:00,I received a suspicious link asking me to verify your account.
CONV00163,2,Bob,Alice,2026-09-23 03:56:00,That could be a phishing link. Do not enter your login credentials.
CONV00163,3,Alice,Bob,2026-09-23 03:57:00,I already entered my password and now see an unauthorized login.
CONV00163,4,Bob,Alice,2026-09-23 03:58:00,"Change the password, enable MFA, and report the incident."
CONV00164,1,Tara,Neil,2026-09-24 04:02:00,The antivirus flagged a suspicious attachment.
CONV00164,2,Neil,Tara,2026-09-24 04:03:00,It was part of our malware-awareness training.
CONV00164,3,Tara,Neil,2026-09-24 04:04:00,"Okay, the security team confirmed it was a test."
CONV00164,4,Neil,Tara,2026-09-24 04:05:00,I will document the result.
CONV00165,1,Maya,Ben,2026-09-25 04:09:00,The security alert says there was an unusual login.
CONV00165,2,Ben,Maya,2026-09-25 04:10:00,It may be a false alarm; MFA succeeded.
CONV00165,3,Maya,Ben,2026-09-25 04:11:00,"Still, there were repeated login attempts before it."
CONV00165,4,Ben,Maya,2026-09-25 04:12:00,Let's review the logs before deciding.
CONV00166,1,Sam,Riya,2026-09-26 04:16:00,The incident response drill starts at ten.
CONV00166,2,Riya,Sam,2026-09-26 04:17:00,I have the checklist ready.
CONV00166,3,Sam,Riya,2026-09-26 04:18:00,Please verify the firewall rule too.
CONV00166,4,Riya,Sam,2026-09-26 04:19:00,The configuration looks correct.
CONV00167,1,Alice,Bob,2026-09-27 04:23:00,I received a suspicious link asking me to verify your account.
CONV00167,2,Bob,Alice,2026-09-27 04:24:00,That could be a phishing link. Do not enter your login credentials.
CONV00167,3,Alice,Bob,2026-09-27 04:25:00,I already entered my password and now see an unauthorized login.
CONV00167,4,Bob,Alice,2026-09-27 04:26:00,"Change the password, enable MFA, and report the incident."
CONV00168,1,Mia,Leo,2026-09-28 04:30:00,The security audit is scheduled for Friday.
CONV00168,2,Leo,Mia,2026-09-28 04:31:00,I have prepared the access review.
CONV00168,3,Mia,Leo,2026-09-28 04:32:00,Please include the backup status in the report.
CONV00168,4,Leo,Mia,2026-09-28 04:33:00,"Done, I will share it with the team."
CONV00169,1,Maya,Ben,2026-09-01 04:37:00,The security alert says there was an unusual login.
CONV00169,2,Ben,Maya,2026-09-01 04:38:00,It may be a false alarm; MFA succeeded.
CONV00169,3,Maya,Ben,2026-09-01 04:39:00,"Still, there were repeated login attempts before it."
CONV00169,4,Ben,Maya,2026-09-01 04:40:00,Let's review the logs before deciding.
CONV00170,1,Ravi,Meera,2026-09-02 04:44:00,The application may be vulnerable to SQL injection.
CONV00170,2,Meera,Ravi,2026-09-02 04:45:00,"The security test also detected cross-site scripting, or XSS."
CONV00170,3,Ravi,Meera,2026-09-02 04:46:00,We should review the vulnerable query and injected script handling.
CONV00170,4,Meera,Ravi,2026-09-02 04:47:00,Log the findings and apply the approved fixes.
CONV00171,1,Eli,June,2026-09-03 04:51:00,A contractor may have accessed confidential data without authorization.
CONV00171,2,June,Eli,2026-09-03 04:52:00,That could indicate an insider threat or data exfiltration.
CONV00171,3,Eli,June,2026-09-03 04:53:00,The audit shows an unusual access pattern.
CONV00171,4,June,Eli,2026-09-03 04:54:00,Preserve logs and send the case for human review.
CONV00172,1,Alice,Bob,2026-09-04 04:58:00,I received a suspicious link asking me to verify your account.
CONV00172,2,Bob,Alice,2026-09-04 04:59:00,That could be a phishing link. Do not enter your login credentials.
CONV00172,3,Alice,Bob,2026-09-04 05:00:00,I already entered my password and now see an unauthorized login.
CONV00172,4,Bob,Alice,2026-09-04 05:01:00,"Change the password, enable MFA, and report the incident."
CONV00173,1,Sam,Riya,2026-09-05 05:05:00,The incident response drill starts at ten.
CONV00173,2,Riya,Sam,2026-09-05 05:06:00,I have the checklist ready.
CONV00173,3,Sam,Riya,2026-09-05 05:07:00,Please verify the firewall rule too.
CONV00173,4,Riya,Sam,2026-09-05 05:08:00,The configuration looks correct.
CONV00174,1,Ava,Noah,2026-09-06 05:12:00,Did the antivirus update finish?
CONV00174,2,Noah,Ava,2026-09-06 05:13:00,"Yes, the update completed this morning."
CONV00174,3,Ava,Noah,2026-09-06 05:14:00,"Great, please patch the server after lunch."
CONV00174,4,Noah,Ava,2026-09-06 05:15:00,I will confirm after the maintenance window.
CONV00175,1,Mia,Leo,2026-09-07 05:19:00,The security audit is scheduled for Friday.
CONV00175,2,Leo,Mia,2026-09-07 05:20:00,I have prepared the access review.
CONV00175,3,Mia,Leo,2026-09-07 05:21:00,Please include the backup status in the report.
CONV00175,4,Leo,Mia,2026-09-07 05:22:00,"Done, I will share it with the team."
CONV00176,1,Eli,June,2026-09-08 05:26:00,A contractor may have accessed confidential data without authorization.
CONV00176,2,June,Eli,2026-09-08 05:27:00,That could indicate an insider threat or data exfiltration.
CONV00176,3,Eli,June,2026-09-08 05:28:00,The audit shows an unusual access pattern.
CONV00176,4,June,Eli,2026-09-08 05:29:00,Preserve logs and send the case for human review.
CONV00177,1,Tara,Neil,2026-09-09 05:33:00,The antivirus flagged a suspicious attachment.
CONV00177,2,Neil,Tara,2026-09-09 05:34:00,It was part of our malware-awareness training.
CONV00177,3,Tara,Neil,2026-09-09 05:35:00,"Okay, the security team confirmed it was a test."
CONV00177,4,Neil,Tara,2026-09-09 05:36:00,I will document the result.
CONV00178,1,Ravi,Meera,2026-09-10 05:40:00,The application may be vulnerable to SQL injection.
CONV00178,2,Meera,Ravi,2026-09-10 05:41:00,"The security test also detected cross-site scripting, or XSS."
CONV00178,3,Ravi,Meera,2026-09-10 05:42:00,We should review the vulnerable query and injected script handling.
CONV00178,4,Meera,Ravi,2026-09-10 05:43:00,Log the findings and apply the approved fixes.
CONV00179,1,Sam,Riya,2026-09-11 05:47:00,The incident response drill starts at ten.
CONV00179,2,Riya,Sam,2026-09-11 05:48:00,I have the checklist ready.
CONV00179,3,Sam,Riya,2026-09-11 05:49:00,Please verify the firewall rule too.
CONV00179,4,Riya,Sam,2026-09-11 05:50:00,The configuration looks correct.
CONV00180,1,Alice,Bob,2026-09-12 05:54:00,I received a suspicious link asking me to verify your account.
CONV00180,2,Bob,Alice,2026-09-12 05:55:00,That could be a phishing link. Do not enter your login credentials.
CONV00180,3,Alice,Bob,2026-09-12 05:56:00,I already entered my password and now see an unauthorized login.
CONV00180,4,Bob,Alice,2026-09-12 05:57:00,"Change the password, enable MFA, and report the incident."
CONV00181,1,Eli,June,2026-09-13 06:01:00,A contractor may have accessed confidential data without authorization.
CONV00181,2,June,Eli,2026-09-13 06:02:00,That could indicate an insider threat or data exfiltration.
CONV00181,3,Eli,June,2026-09-13 06:03:00,The audit shows an unusual access pattern.
CONV00181,4,June,Eli,2026-09-13 06:04:00,Preserve logs and send the case for human review.
CONV00182,1,Ravi,Meera,2026-09-14 06:08:00,The application may be vulnerable to SQL injection.
CONV00182,2,Meera,Ravi,2026-09-14 06:09:00,"The security test also detected cross-site scripting, or XSS."
CONV00182,3,Ravi,Meera,2026-09-14 06:10:00,We should review the vulnerable query and injected script handling.
CONV00182,4,Meera,Ravi,2026-09-14 06:11:00,Log the findings and apply the approved fixes.
CONV00183,1,Sam,Riya,2026-09-15 06:15:00,The incident response drill starts at ten.
CONV00183,2,Riya,Sam,2026-09-15 06:16:00,I have the checklist ready.
CONV00183,3,Sam,Riya,2026-09-15 06:17:00,Please verify the firewall rule too.
CONV00183,4,Riya,Sam,2026-09-15 06:18:00,The configuration looks correct.
CONV00184,1,Mia,Leo,2026-09-16 06:22:00,The security audit is scheduled for Friday.
CONV00184,2,Leo,Mia,2026-09-16 06:23:00,I have prepared the access review.
CONV00184,3,Mia,Leo,2026-09-16 06:24:00,Please include the backup status in the report.
CONV00184,4,Leo,Mia,2026-09-16 06:25:00,"Done, I will share it with the team."
CONV00185,1,Maya,Ben,2026-09-17 06:29:00,The security alert says there was an unusual login.
CONV00185,2,Ben,Maya,2026-09-17 06:30:00,It may be a false alarm; MFA succeeded.
CONV00185,3,Maya,Ben,2026-09-17 06:31:00,"Still, there were repeated login attempts before it."
CONV00185,4,Ben,Maya,2026-09-17 06:32:00,Let's review the logs before deciding.
CONV00186,1,Isha,Arun,2026-09-18 06:36:00,Did you enable multi-factor authentication?
CONV00186,2,Arun,Isha,2026-09-18 06:37:00,"Yes, MFA is enabled on my account."
CONV00186,3,Isha,Arun,2026-09-18 06:38:00,Thanks. The security patch is also available.
CONV00186,4,Arun,Isha,2026-09-18 06:39:00,I will install it today.
CONV00187,1,Isha,Arun,2026-09-19 06:43:00,Did you enable multi-factor authentication?
CONV00187,2,Arun,Isha,2026-09-19 06:44:00,"Yes, MFA is enabled on my account."
CONV00187,3,Isha,Arun,2026-09-19 06:45:00,Thanks. The security patch is also available.
CONV00187,4,Arun,Isha,2026-09-19 06:46:00,I will install it today.
CONV00188,1,Kai,Zoe,2026-09-20 06:50:00,The shared files are encrypted and there is a ransom note.
CONV00188,2,Zoe,Kai,2026-09-20 06:51:00,This may be ransomware. Disconnect the affected host.
CONV00188,3,Kai,Zoe,2026-09-20 06:52:00,We need to check backups and the scope of the data breach.
CONV00188,4,Zoe,Kai,2026-09-20 06:53:00,Notify the security team; do not pay or delete evidence.
CONV00189,1,Maya,Ben,2026-09-21 06:57:00,The security alert says there was an unusual login.
CONV00189,2,Ben,Maya,2026-09-21 06:58:00,It may be a false alarm; MFA succeeded.
CONV00189,3,Maya,Ben,2026-09-21 06:59:00,"Still, there were repeated login attempts before it."
CONV00189,4,Ben,Maya,2026-09-21 07:00:00,Let's review the logs before deciding.
CONV00190,1,Maya,Ben,2026-09-22 07:04:00,The security alert says there was an unusual login.
CONV00190,2,Ben,Maya,2026-09-22 07:05:00,It may be a false alarm; MFA succeeded.
CONV00190,3,Maya,Ben,2026-09-22 07:06:00,"Still, there were repeated login attempts before it."
CONV00190,4,Ben,Maya,2026-09-22 07:07:00,Let's review the logs before deciding.
CONV00191,1,Alice,Bob,2026-09-23 07:11:00,I received a suspicious link asking me to verify your account.
CONV00191,2,Bob,Alice,2026-09-23 07:12:00,That could be a phishing link. Do not enter your login credentials.
CONV00191,3,Alice,Bob,2026-09-23 07:13:00,I already entered my password and now see an unauthorized login.
CONV00191,4,Bob,Alice,2026-09-23 07:14:00,"Change the password, enable MFA, and report the incident."
CONV00192,1,Kai,Zoe,2026-09-24 07:18:00,The shared files are encrypted and there is a ransom note.
CONV00192,2,Zoe,Kai,2026-09-24 07:19:00,This may be ransomware. Disconnect the affected host.
CONV00192,3,Kai,Zoe,2026-09-24 07:20:00,We need to check backups and the scope of the data breach.
CONV00192,4,Zoe,Kai,2026-09-24 07:21:00,Notify the security team; do not pay or delete evidence.
CONV00193,1,Maya,Ben,2026-09-25 07:25:00,The security alert says there was an unusual login.
CONV00193,2,Ben,Maya,2026-09-25 07:26:00,It may be a false alarm; MFA succeeded.
CONV00193,3,Maya,Ben,2026-09-25 07:27:00,"Still, there were repeated login attempts before it."
CONV00193,4,Ben,Maya,2026-09-25 07:28:00,Let's review the logs before deciding.
CONV00194,1,Mia,Leo,2026-09-26 07:32:00,The security audit is scheduled for Friday.
CONV00194,2,Leo,Mia,2026-09-26 07:33:00,I have prepared the access review.
CONV00194,3,Mia,Leo,2026-09-26 07:34:00,Please include the backup status in the report.
CONV00194,4,Leo,Mia,2026-09-26 07:35:00,"Done, I will share it with the team."
CONV00195,1,Ravi,Meera,2026-09-27 07:39:00,The application may be vulnerable to SQL injection.
CONV00195,2,Meera,Ravi,2026-09-27 07:40:00,"The security test also detected cross-site scripting, or XSS."
CONV00195,3,Ravi,Meera,2026-09-27 07:41:00,We should review the vulnerable query and injected script handling.
CONV00195,4,Meera,Ravi,2026-09-27 07:42:00,Log the findings and apply the approved fixes.
CONV00196,1,Ravi,Meera,2026-09-28 07:46:00,The application may be vulnerable to SQL injection.
CONV00196,2,Meera,Ravi,2026-09-28 07:47:00,"The security test also detected cross-site scripting, or XSS."
CONV00196,3,Ravi,Meera,2026-09-28 07:48:00,We should review the vulnerable query and injected script handling.
CONV00196,4,Meera,Ravi,2026-09-28 07:49:00,Log the findings and apply the approved fixes.
CONV00197,1,Ava,Noah,2026-09-01 07:53:00,Did the antivirus update finish?
CONV00197,2,Noah,Ava,2026-09-01 07:54:00,"Yes, the update completed this morning."
CONV00197,3,Ava,Noah,2026-09-01 07:55:00,"Great, please patch the server after lunch."
CONV00197,4,Noah,Ava,2026-09-01 07:56:00,I will confirm after the maintenance window.
CONV00198,1,Eli,June,2026-09-02 08:00:00,A contractor may have accessed confidential data without authorization.
CONV00198,2,June,Eli,2026-09-02 08:01:00,That could indicate an insider threat or data exfiltration.
CONV00198,3,Eli,June,2026-09-02 08:02:00,The audit shows an unusual access pattern.
CONV00198,4,June,Eli,2026-09-02 08:03:00,Preserve logs and send the case for human review.
CONV00199,1,Kai,Zoe,2026-09-03 08:07:00,The shared files are encrypted and there is a ransom note.
CONV00199,2,Zoe,Kai,2026-09-03 08:08:00,This may be ransomware. Disconnect the affected host.
CONV00199,3,Kai,Zoe,2026-09-03 08:09:00,We need to check backups and the scope of the data breach.
CONV00199,4,Zoe,Kai,2026-09-03 08:10:00,Notify the security team; do not pay or delete evidence.
CONV00200,1,Eli,June,2026-09-04 08:14:00,A contractor may have accessed confidential data without authorization.
CONV00200,2,June,Eli,2026-09-04 08:15:00,That could indicate an insider threat or data exfiltration.
CONV00200,3,Eli,June,2026-09-04 08:16:00,The audit shows an unusual access pattern.
CONV00200,4,June,Eli,2026-09-04 08:17:00,Preserve logs and send the case for human review.
CONV00201,1,Mia,Leo,2026-09-05 08:21:00,The security audit is scheduled for Friday.
CONV00201,2,Leo,Mia,2026-09-05 08:22:00,I have prepared the access review.
CONV00201,3,Mia,Leo,2026-09-05 08:23:00,Please include the backup status in the report.
CONV00201,4,Leo,Mia,2026-09-05 08:24:00,"Done, I will share it with the team."
CONV00202,1,Sam,Riya,2026-09-06 08:28:00,The incident response drill starts at ten.
CONV00202,2,Riya,Sam,2026-09-06 08:29:00,I have the checklist ready.
CONV00202,3,Sam,Riya,2026-09-06 08:30:00,Please verify the firewall rule too.
CONV00202,4,Riya,Sam,2026-09-06 08:31:00,The configuration looks correct.
CONV00203,1,Eli,June,2026-09-07 08:35:00,A contractor may have accessed confidential data without authorization.
CONV00203,2,June,Eli,2026-09-07 08:36:00,That could indicate an insider threat or data exfiltration.
CONV00203,3,Eli,June,2026-09-07 08:37:00,The audit shows an unusual access pattern.
CONV00203,4,June,Eli,2026-09-07 08:38:00,Preserve logs and send the case for human review.
CONV00204,1,Ava,Noah,2026-09-08 08:42:00,Did the antivirus update finish?
CONV00204,2,Noah,Ava,2026-09-08 08:43:00,"Yes, the update completed this morning."
CONV00204,3,Ava,Noah,2026-09-08 08:44:00,"Great, please patch the server after lunch."
CONV00204,4,Noah,Ava,2026-09-08 08:45:00,I will confirm after the maintenance window.
CONV00205,1,Alice,Bob,2026-09-09 08:49:00,I received a suspicious link asking me to verify your account.
CONV00205,2,Bob,Alice,2026-09-09 08:50:00,That could be a phishing link. Do not enter your login credentials.
CONV00205,3,Alice,Bob,2026-09-09 08:51:00,I already entered my password and now see an unauthorized login.
CONV00205,4,Bob,Alice,2026-09-09 08:52:00,"Change the password, enable MFA, and report the incident."
CONV00206,1,Isha,Arun,2026-09-10 08:56:00,Did you enable multi-factor authentication?
CONV00206,2,Arun,Isha,2026-09-10 08:57:00,"Yes, MFA is enabled on my account."
CONV00206,3,Isha,Arun,2026-09-10 08:58:00,Thanks. The security patch is also available.
CONV00206,4,Arun,Isha,2026-09-10 08:59:00,I will install it today.
CONV00207,1,Mia,Leo,2026-09-11 09:03:00,The security audit is scheduled for Friday.
CONV00207,2,Leo,Mia,2026-09-11 09:04:00,I have prepared the access review.
CONV00207,3,Mia,Leo,2026-09-11 09:05:00,Please include the backup status in the report.
CONV00207,4,Leo,Mia,2026-09-11 09:06:00,"Done, I will share it with the team."
CONV00208,1,Maya,Ben,2026-09-12 09:10:00,The security alert says there was an unusual login.
CONV00208,2,Ben,Maya,2026-09-12 09:11:00,It may be a false alarm; MFA succeeded.
CONV00208,3,Maya,Ben,2026-09-12 09:12:00,"Still, there were repeated login attempts before it."
CONV00208,4,Ben,Maya,2026-09-12 09:13:00,Let's review the logs before deciding.
CONV00209,1,Isha,Arun,2026-09-13 09:17:00,Did you enable multi-factor authentication?
CONV00209,2,Arun,Isha,2026-09-13 09:18:00,"Yes, MFA is enabled on my account."
CONV00209,3,Isha,Arun,2026-09-13 09:19:00,Thanks. The security patch is also available.
CONV00209,4,Arun,Isha,2026-09-13 09:20:00,I will install it today.
CONV00210,1,Dev,Priya,2026-09-14 09:24:00,A suspicious download was found on the workstation.
CONV00210,2,Priya,Dev,2026-09-14 09:25:00,The file may contain malware or a trojan.
CONV00210,3,Dev,Priya,2026-09-14 09:26:00,The endpoint alert also mentions a keylogger.
CONV00210,4,Priya,Dev,2026-09-14 09:27:00,Isolate the device and follow the incident response procedure.
CONV00211,1,Kai,Zoe,2026-09-15 09:31:00,The shared files are encrypted and there is a ransom note.
CONV00211,2,Zoe,Kai,2026-09-15 09:32:00,This may be ransomware. Disconnect the affected host.
CONV00211,3,Kai,Zoe,2026-09-15 09:33:00,We need to check backups and the scope of the data breach.
CONV00211,4,Zoe,Kai,2026-09-15 09:34:00,Notify the security team; do not pay or delete evidence.
CONV00212,1,Ravi,Meera,2026-09-16 09:38:00,The application may be vulnerable to SQL injection.
CONV00212,2,Meera,Ravi,2026-09-16 09:39:00,"The security test also detected cross-site scripting, or XSS."
CONV00212,3,Ravi,Meera,2026-09-16 09:40:00,We should review the vulnerable query and injected script handling.
CONV00212,4,Meera,Ravi,2026-09-16 09:41:00,Log the findings and apply the approved fixes.
CONV00213,1,Nina,Omar,2026-09-17 09:45:00,Several failed login attempts appeared on the admin account.
CONV00213,2,Omar,Nina,2026-09-17 09:46:00,Could this be a brute force attempt? Check the logs.
CONV00213,3,Nina,Omar,2026-09-17 09:47:00,The account may be compromised; I also found unusual access.
CONV00213,4,Omar,Nina,2026-09-17 09:48:00,Escalate this to incident response and preserve the evidence.
CONV00214,1,Eli,June,2026-09-18 09:52:00,A contractor may have accessed confidential data without authorization.
CONV00214,2,June,Eli,2026-09-18 09:53:00,That could indicate an insider threat or data exfiltration.
CONV00214,3,Eli,June,2026-09-18 09:54:00,The audit shows an unusual access pattern.
CONV00214,4,June,Eli,2026-09-18 09:55:00,Preserve logs and send the case for human review.
CONV00215,1,Sam,Riya,2026-09-19 09:59:00,The incident response drill starts at ten.
CONV00215,2,Riya,Sam,2026-09-19 10:00:00,I have the checklist ready.
CONV00215,3,Sam,Riya,2026-09-19 10:01:00,Please verify the firewall rule too.
CONV00215,4,Riya,Sam,2026-09-19 10:02:00,The configuration looks correct.
CONV00216,1,Eli,June,2026-09-20 10:06:00,A contractor may have accessed confidential data without authorization.
CONV00216,2,June,Eli,2026-09-20 10:07:00,That could indicate an insider threat or data exfiltration.
CONV00216,3,Eli,June,2026-09-20 10:08:00,The audit shows an unusual access pattern.
CONV00216,4,June,Eli,2026-09-20 10:09:00,Preserve logs and send the case for human review.
CONV00217,1,Eli,June,2026-09-21 10:13:00,A contractor may have accessed confidential data without authorization.
CONV00217,2,June,Eli,2026-09-21 10:14:00,That could indicate an insider threat or data exfiltration.
CONV00217,3,Eli,June,2026-09-21 10:15:00,The audit shows an unusual access pattern.
CONV00217,4,June,Eli,2026-09-21 10:16:00,Preserve logs and send the case for human review.
CONV00218,1,Ravi,Meera,2026-09-22 10:20:00,The application may be vulnerable to SQL injection.
CONV00218,2,Meera,Ravi,2026-09-22 10:21:00,"The security test also detected cross-site scripting, or XSS."
CONV00218,3,Ravi,Meera,2026-09-22 10:22:00,We should review the vulnerable query and injected script handling.
CONV00218,4,Meera,Ravi,2026-09-22 10:23:00,Log the findings and apply the approved fixes.
CONV00219,1,Isha,Arun,2026-09-23 10:27:00,Did you enable multi-factor authentication?
CONV00219,2,Arun,Isha,2026-09-23 10:28:00,"Yes, MFA is enabled on my account."
CONV00219,3,Isha,Arun,2026-09-23 10:29:00,Thanks. The security patch is also available.
CONV00219,4,Arun,Isha,2026-09-23 10:30:00,I will install it today.
CONV00220,1,Eli,June,2026-09-24 10:34:00,A contractor may have accessed confidential data without authorization.
CONV00220,2,June,Eli,2026-09-24 10:35:00,That could indicate an insider threat or data exfiltration.
CONV00220,3,Eli,June,2026-09-24 10:36:00,The audit shows an unusual access pattern.
CONV00220,4,June,Eli,2026-09-24 10:37:00,Preserve logs and send the case for human review.
CONV00221,1,Ravi,Meera,2026-09-25 10:41:00,The application may be vulnerable to SQL injection.
CONV00221,2,Meera,Ravi,2026-09-25 10:42:00,"The security test also detected cross-site scripting, or XSS."
CONV00221,3,Ravi,Meera,2026-09-25 10:43:00,We should review the vulnerable query and injected script handling.
CONV00221,4,Meera,Ravi,2026-09-25 10:44:00,Log the findings and apply the approved fixes.
CONV00222,1,Kai,Zoe,2026-09-26 10:48:00,The shared files are encrypted and there is a ransom note.
CONV00222,2,Zoe,Kai,2026-09-26 10:49:00,This may be ransomware. Disconnect the affected host.
CONV00222,3,Kai,Zoe,2026-09-26 10:50:00,We need to check backups and the scope of the data breach.
CONV00222,4,Zoe,Kai,2026-09-26 10:51:00,Notify the security team; do not pay or delete evidence.
CONV00223,1,Kai,Zoe,2026-09-27 10:55:00,The shared files are encrypted and there is a ransom note.
CONV00223,2,Zoe,Kai,2026-09-27 10:56:00,This may be ransomware. Disconnect the affected host.
CONV00223,3,Kai,Zoe,2026-09-27 10:57:00,We need to check backups and the scope of the data breach.
CONV00223,4,Zoe,Kai,2026-09-27 10:58:00,Notify the security team; do not pay or delete evidence.
CONV00224,1,Ravi,Meera,2026-09-28 11:02:00,The application may be vulnerable to SQL injection.
CONV00224,2,Meera,Ravi,2026-09-28 11:03:00,"The security test also detected cross-site scripting, or XSS."
CONV00224,3,Ravi,Meera,2026-09-28 11:04:00,We should review the vulnerable query and injected script handling.
CONV00224,4,Meera,Ravi,2026-09-28 11:05:00,Log the findings and apply the approved fixes.
CONV00225,1,Nina,Omar,2026-09-01 11:09:00,Several failed login attempts appeared on the admin account.
CONV00225,2,Omar,Nina,2026-09-01 11:10:00,Could this be a brute force attempt? Check the logs.
CONV00225,3,Nina,Omar,2026-09-01 11:11:00,The account may be compromised; I also found unusual access.
CONV00225,4,Omar,Nina,2026-09-01 11:12:00,Escalate this to incident response and preserve the evidence.
CONV00226,1,Ravi,Meera,2026-09-02 11:16:00,The application may be vulnerable to SQL injection.
CONV00226,2,Meera,Ravi,2026-09-02 11:17:00,"The security test also detected cross-site scripting, or XSS."
CONV00226,3,Ravi,Meera,2026-09-02 11:18:00,We should review the vulnerable query and injected script handling.
CONV00226,4,Meera,Ravi,2026-09-02 11:19:00,Log the findings and apply the approved fixes.
CONV00227,1,Kai,Zoe,2026-09-03 11:23:00,The shared files are encrypted and there is a ransom note.
CONV00227,2,Zoe,Kai,2026-09-03 11:24:00,This may be ransomware. Disconnect the affected host.
CONV00227,3,Kai,Zoe,2026-09-03 11:25:00,We need to check backups and the scope of the data breach.
CONV00227,4,Zoe,Kai,2026-09-03 11:26:00,Notify the security team; do not pay or delete evidence.
CONV00228,1,Maya,Ben,2026-09-04 11:30:00,The security alert says there was an unusual login.
CONV00228,2,Ben,Maya,2026-09-04 11:31:00,It may be a false alarm; MFA succeeded.
CONV00228,3,Maya,Ben,2026-09-04 11:32:00,"Still, there were repeated login attempts before it."
CONV00228,4,Ben,Maya,2026-09-04 11:33:00,Let's review the logs before deciding.
CONV00229,1,Ava,Noah,2026-09-05 11:37:00,Did the antivirus update finish?
CONV00229,2,Noah,Ava,2026-09-05 11:38:00,"Yes, the update completed this morning."
CONV00229,3,Ava,Noah,2026-09-05 11:39:00,"Great, please patch the server after lunch."
CONV00229,4,Noah,Ava,2026-09-05 11:40:00,I will confirm after the maintenance window.
CONV00230,1,Mia,Leo,2026-09-06 11:44:00,The security audit is scheduled for Friday.
CONV00230,2,Leo,Mia,2026-09-06 11:45:00,I have prepared the access review.
CONV00230,3,Mia,Leo,2026-09-06 11:46:00,Please include the backup status in the report.
CONV00230,4,Leo,Mia,2026-09-06 11:47:00,"Done, I will share it with the team."
CONV00231,1,Sam,Riya,2026-09-07 11:51:00,The incident response drill starts at ten.
CONV00231,2,Riya,Sam,2026-09-07 11:52:00,I have the checklist ready.
CONV00231,3,Sam,Riya,2026-09-07 11:53:00,Please verify the firewall rule too.
CONV00231,4,Riya,Sam,2026-09-07 11:54:00,The configuration looks correct.
CONV00232,1,Ravi,Meera,2026-09-08 11:58:00,The application may be vulnerable to SQL injection.
CONV00232,2,Meera,Ravi,2026-09-08 11:59:00,"The security test also detected cross-site scripting, or XSS."
CONV00232,3,Ravi,Meera,2026-09-08 12:00:00,We should review the vulnerable query and injected script handling.
CONV00232,4,Meera,Ravi,2026-09-08 12:01:00,Log the findings and apply the approved fixes.
CONV00233,1,Isha,Arun,2026-09-09 12:05:00,Did you enable multi-factor authentication?
CONV00233,2,Arun,Isha,2026-09-09 12:06:00,"Yes, MFA is enabled on my account."
CONV00233,3,Isha,Arun,2026-09-09 12:07:00,Thanks. The security patch is also available.
CONV00233,4,Arun,Isha,2026-09-09 12:08:00,I will install it today.
CONV00234,1,Sam,Riya,2026-09-10 12:12:00,The incident response drill starts at ten.
CONV00234,2,Riya,Sam,2026-09-10 12:13:00,I have the checklist ready.
CONV00234,3,Sam,Riya,2026-09-10 12:14:00,Please verify the firewall rule too.
CONV00234,4,Riya,Sam,2026-09-10 12:15:00,The configuration looks correct.
CONV00235,1,Mia,Leo,2026-09-11 12:19:00,The security audit is scheduled for Friday.
CONV00235,2,Leo,Mia,2026-09-11 12:20:00,I have prepared the access review.
CONV00235,3,Mia,Leo,2026-09-11 12:21:00,Please include the backup status in the report.
CONV00235,4,Leo,Mia,2026-09-11 12:22:00,"Done, I will share it with the team."
CONV00236,1,Dev,Priya,2026-09-12 12:26:00,A suspicious download was found on the workstation.
CONV00236,2,Priya,Dev,2026-09-12 12:27:00,The file may contain malware or a trojan.
CONV00236,3,Dev,Priya,2026-09-12 12:28:00,The endpoint alert also mentions a keylogger.
CONV00236,4,Priya,Dev,2026-09-12 12:29:00,Isolate the device and follow the incident response procedure.
CONV00237,1,Sam,Riya,2026-09-13 12:33:00,The incident response drill starts at ten.
CONV00237,2,Riya,Sam,2026-09-13 12:34:00,I have the checklist ready.
CONV00237,3,Sam,Riya,2026-09-13 12:35:00,Please verify the firewall rule too.
CONV00237,4,Riya,Sam,2026-09-13 12:36:00,The configuration looks correct.
CONV00238,1,Ava,Noah,2026-09-14 12:40:00,Did the antivirus update finish?
CONV00238,2,Noah,Ava,2026-09-14 12:41:00,"Yes, the update completed this morning."
CONV00238,3,Ava,Noah,2026-09-14 12:42:00,"Great, please patch the server after lunch."
CONV00238,4,Noah,Ava,2026-09-14 12:43:00,I will confirm after the maintenance window.
CONV00239,1,Eli,June,2026-09-15 12:47:00,A contractor may have accessed confidential data without authorization.
CONV00239,2,June,Eli,2026-09-15 12:48:00,That could indicate an insider threat or data exfiltration.
CONV00239,3,Eli,June,2026-09-15 12:49:00,The audit shows an unusual access pattern.
CONV00239,4,June,Eli,2026-09-15 12:50:00,Preserve logs and send the case for human review.
CONV00240,1,Nina,Omar,2026-09-16 12:54:00,Several failed login attempts appeared on the admin account.
CONV00240,2,Omar,Nina,2026-09-16 12:55:00,Could this be a brute force attempt? Check the logs.
CONV00240,3,Nina,Omar,2026-09-16 12:56:00,The account may be compromised; I also found unusual access.
CONV00240,4,Omar,Nina,2026-09-16 12:57:00,Escalate this to incident response and preserve the evidence.
CONV00241,1,Nina,Omar,2026-09-17 13:01:00,Several failed login attempts appeared on the admin account.
CONV00241,2,Omar,Nina,2026-09-17 13:02:00,Could this be a brute force attempt? Check the logs.
CONV00241,3,Nina,Omar,2026-09-17 13:03:00,The account may be compromised; I also found unusual access.
CONV00241,4,Omar,Nina,2026-09-17 13:04:00,Escalate this to incident response and preserve the evidence.
CONV00242,1,Isha,Arun,2026-09-18 13:08:00,Did you enable multi-factor authentication?
CONV00242,2,Arun,Isha,2026-09-18 13:09:00,"Yes, MFA is enabled on my account."
CONV00242,3,Isha,Arun,2026-09-18 13:10:00,Thanks. The security patch is also available.
CONV00242,4,Arun,Isha,2026-09-18 13:11:00,I will install it today.
CONV00243,1,Dev,Priya,2026-09-19 13:15:00,A suspicious download was found on the workstation.
CONV00243,2,Priya,Dev,2026-09-19 13:16:00,The file may contain malware or a trojan.
CONV00243,3,Dev,Priya,2026-09-19 13:17:00,The endpoint alert also mentions a keylogger.
CONV00243,4,Priya,Dev,2026-09-19 13:18:00,Isolate the device and follow the incident response procedure.
CONV00244,1,Tara,Neil,2026-09-20 13:22:00,The antivirus flagged a suspicious attachment.
CONV00244,2,Neil,Tara,2026-09-20 13:23:00,It was part of our malware-awareness training.
CONV00244,3,Tara,Neil,2026-09-20 13:24:00,"Okay, the security team confirmed it was a test."
CONV00244,4,Neil,Tara,2026-09-20 13:25:00,I will document the result.
CONV00245,1,Eli,June,2026-09-21 13:29:00,A contractor may have accessed confidential data without authorization.
CONV00245,2,June,Eli,2026-09-21 13:30:00,That could indicate an insider threat or data exfiltration.
CONV00245,3,Eli,June,2026-09-21 13:31:00,The audit shows an unusual access pattern.
CONV00245,4,June,Eli,2026-09-21 13:32:00,Preserve logs and send the case for human review.
CONV00246,1,Nina,Omar,2026-09-22 13:36:00,Several failed login attempts appeared on the admin account.
CONV00246,2,Omar,Nina,2026-09-22 13:37:00,Could this be a brute force attempt? Check the logs.
CONV00246,3,Nina,Omar,2026-09-22 13:38:00,The account may be compromised; I also found unusual access.
CONV00246,4,Omar,Nina,2026-09-22 13:39:00,Escalate this to incident response and preserve the evidence.
CONV00247,1,Tara,Neil,2026-09-23 13:43:00,The antivirus flagged a suspicious attachment.
CONV00247,2,Neil,Tara,2026-09-23 13:44:00,It was part of our malware-awareness training.
CONV00247,3,Tara,Neil,2026-09-23 13:45:00,"Okay, the security team confirmed it was a test."
CONV00247,4,Neil,Tara,2026-09-23 13:46:00,I will document the result.
CONV00248,1,Dev,Priya,2026-09-24 13:50:00,A suspicious download was found on the workstation.
CONV00248,2,Priya,Dev,2026-09-24 13:51:00,The file may contain malware or a trojan.
CONV00248,3,Dev,Priya,2026-09-24 13:52:00,The endpoint alert also mentions a keylogger.
CONV00248,4,Priya,Dev,2026-09-24 13:53:00,Isolate the device and follow the incident response procedure.
CONV00249,1,Sam,Riya,2026-09-25 13:57:00,The incident response drill starts at ten.
CONV00249,2,Riya,Sam,2026-09-25 13:58:00,I have the checklist ready.
CONV00249,3,Sam,Riya,2026-09-25 13:59:00,Please verify the firewall rule too.
CONV00249,4,Riya,Sam,2026-09-25 14:00:00,The configuration looks correct.
CONV00250,1,Isha,Arun,2026-09-26 14:04:00,Did you enable multi-factor authentication?
CONV00250,2,Arun,Isha,2026-09-26 14:05:00,"Yes, MFA is enabled on my account."
CONV00250,3,Isha,Arun,2026-09-26 14:06:00,Thanks. The security patch is also available.
CONV00250,4,Arun,Isha,2026-09-26 14:07:00,I will install it today.
CONV00251,1,Mia,Leo,2026-09-27 14:11:00,The security audit is scheduled for Friday.
CONV00251,2,Leo,Mia,2026-09-27 14:12:00,I have prepared the access review.
CONV00251,3,Mia,Leo,2026-09-27 14:13:00,Please include the backup status in the report.
CONV00251,4,Leo,Mia,2026-09-27 14:14:00,"Done, I will share it with the team."
CONV00252,1,Kai,Zoe,2026-09-28 14:18:00,The shared files are encrypted and there is a ransom note.
CONV00252,2,Zoe,Kai,2026-09-28 14:19:00,This may be ransomware. Disconnect the affected host.
CONV00252,3,Kai,Zoe,2026-09-28 14:20:00,We need to check backups and the scope of the data breach.
CONV00252,4,Zoe,Kai,2026-09-28 14:21:00,Notify the security team; do not pay or delete evidence.
CONV00253,1,Tara,Neil,2026-09-01 14:25:00,The antivirus flagged a suspicious attachment.
CONV00253,2,Neil,Tara,2026-09-01 14:26:00,It was part of our malware-awareness training.
CONV00253,3,Tara,Neil,2026-09-01 14:27:00,"Okay, the security team confirmed it was a test."
CONV00253,4,Neil,Tara,2026-09-01 14:28:00,I will document the result.
CONV00254,1,Sam,Riya,2026-09-02 14:32:00,The incident response drill starts at ten.
CONV00254,2,Riya,Sam,2026-09-02 14:33:00,I have the checklist ready.
CONV00254,3,Sam,Riya,2026-09-02 14:34:00,Please verify the firewall rule too.
CONV00254,4,Riya,Sam,2026-09-02 14:35:00,The configuration looks correct.
CONV00255,1,Isha,Arun,2026-09-03 14:39:00,Did you enable multi-factor authentication?
CONV00255,2,Arun,Isha,2026-09-03 14:40:00,"Yes, MFA is enabled on my account."
CONV00255,3,Isha,Arun,2026-09-03 14:41:00,Thanks. The security patch is also available.
CONV00255,4,Arun,Isha,2026-09-03 14:42:00,I will install it today.
CONV00256,1,Ava,Noah,2026-09-04 14:46:00,Did the antivirus update finish?
CONV00256,2,Noah,Ava,2026-09-04 14:47:00,"Yes, the update completed this morning."
CONV00256,3,Ava,Noah,2026-09-04 14:48:00,"Great, please patch the server after lunch."
CONV00256,4,Noah,Ava,2026-09-04 14:49:00,I will confirm after the maintenance window.
CONV00257,1,Maya,Ben,2026-09-05 14:53:00,The security alert says there was an unusual login.
CONV00257,2,Ben,Maya,2026-09-05 14:54:00,It may be a false alarm; MFA succeeded.
CONV00257,3,Maya,Ben,2026-09-05 14:55:00,"Still, there were repeated login attempts before it."
CONV00257,4,Ben,Maya,2026-09-05 14:56:00,Let's review the logs before deciding.
CONV00258,1,Dev,Priya,2026-09-06 15:00:00,A suspicious download was found on the workstation.
CONV00258,2,Priya,Dev,2026-09-06 15:01:00,The file may contain malware or a trojan.
CONV00258,3,Dev,Priya,2026-09-06 15:02:00,The endpoint alert also mentions a keylogger.
CONV00258,4,Priya,Dev,2026-09-06 15:03:00,Isolate the device and follow the incident response procedure.
CONV00259,1,Mia,Leo,2026-09-07 15:07:00,The security audit is scheduled for Friday.
CONV00259,2,Leo,Mia,2026-09-07 15:08:00,I have prepared the access review.
CONV00259,3,Mia,Leo,2026-09-07 15:09:00,Please include the backup status in the report.
CONV00259,4,Leo,Mia,2026-09-07 15:10:00,"Done, I will share it with the team."
CONV00260,1,Kai,Zoe,2026-09-08 15:14:00,The shared files are encrypted and there is a ransom note.
CONV00260,2,Zoe,Kai,2026-09-08 15:15:00,This may be ransomware. Disconnect the affected host.
CONV00260,3,Kai,Zoe,2026-09-08 15:16:00,We need to check backups and the scope of the data breach.
CONV00260,4,Zoe,Kai,2026-09-08 15:17:00,Notify the security team; do not pay or delete evidence.
CONV00261,1,Sam,Riya,2026-09-09 15:21:00,The incident response drill starts at ten.
CONV00261,2,Riya,Sam,2026-09-09 15:22:00,I have the checklist ready.
CONV00261,3,Sam,Riya,2026-09-09 15:23:00,Please verify the firewall rule too.
CONV00261,4,Riya,Sam,2026-09-09 15:24:00,The configuration looks correct.
CONV00262,1,Ava,Noah,2026-09-10 15:28:00,Did the antivirus update finish?
CONV00262,2,Noah,Ava,2026-09-10 15:29:00,"Yes, the update completed this morning."
CONV00262,3,Ava,Noah,2026-09-10 15:30:00,"Great, please patch the server after lunch."
CONV00262,4,Noah,Ava,2026-09-10 15:31:00,I will confirm after the maintenance window.
CONV00263,1,Nina,Omar,2026-09-11 15:35:00,Several failed login attempts appeared on the admin account.
CONV00263,2,Omar,Nina,2026-09-11 15:36:00,Could this be a brute force attempt? Check the logs.
CONV00263,3,Nina,Omar,2026-09-11 15:37:00,The account may be compromised; I also found unusual access.
CONV00263,4,Omar,Nina,2026-09-11 15:38:00,Escalate this to incident response and preserve the evidence.
CONV00264,1,Ravi,Meera,2026-09-12 15:42:00,The application may be vulnerable to SQL injection.
CONV00264,2,Meera,Ravi,2026-09-12 15:43:00,"The security test also detected cross-site scripting, or XSS."
CONV00264,3,Ravi,Meera,2026-09-12 15:44:00,We should review the vulnerable query and injected script handling.
CONV00264,4,Meera,Ravi,2026-09-12 15:45:00,Log the findings and apply the approved fixes.
CONV00265,1,Ravi,Meera,2026-09-13 15:49:00,The application may be vulnerable to SQL injection.
CONV00265,2,Meera,Ravi,2026-09-13 15:50:00,"The security test also detected cross-site scripting, or XSS."
CONV00265,3,Ravi,Meera,2026-09-13 15:51:00,We should review the vulnerable query and injected script handling.
CONV00265,4,Meera,Ravi,2026-09-13 15:52:00,Log the findings and apply the approved fixes.
CONV00266,1,Tara,Neil,2026-09-14 15:56:00,The antivirus flagged a suspicious attachment.
CONV00266,2,Neil,Tara,2026-09-14 15:57:00,It was part of our malware-awareness training.
CONV00266,3,Tara,Neil,2026-09-14 15:58:00,"Okay, the security team confirmed it was a test."
CONV00266,4,Neil,Tara,2026-09-14 15:59:00,I will document the result.
CONV00267,1,Alice,Bob,2026-09-15 16:03:00,I received a suspicious link asking me to verify your account.
CONV00267,2,Bob,Alice,2026-09-15 16:04:00,That could be a phishing link. Do not enter your login credentials.
CONV00267,3,Alice,Bob,2026-09-15 16:05:00,I already entered my password and now see an unauthorized login.
CONV00267,4,Bob,Alice,2026-09-15 16:06:00,"Change the password, enable MFA, and report the incident."
CONV00268,1,Isha,Arun,2026-09-16 16:10:00,Did you enable multi-factor authentication?
CONV00268,2,Arun,Isha,2026-09-16 16:11:00,"Yes, MFA is enabled on my account."
CONV00268,3,Isha,Arun,2026-09-16 16:12:00,Thanks. The security patch is also available.
CONV00268,4,Arun,Isha,2026-09-16 16:13:00,I will install it today.
CONV00269,1,Isha,Arun,2026-09-17 16:17:00,Did you enable multi-factor authentication?
CONV00269,2,Arun,Isha,2026-09-17 16:18:00,"Yes, MFA is enabled on my account."
CONV00269,3,Isha,Arun,2026-09-17 16:19:00,Thanks. The security patch is also available.
CONV00269,4,Arun,Isha,2026-09-17 16:20:00,I will install it today.
CONV00270,1,Sam,Riya,2026-09-18 16:24:00,The incident response drill starts at ten.
CONV00270,2,Riya,Sam,2026-09-18 16:25:00,I have the checklist ready.
CONV00270,3,Sam,Riya,2026-09-18 16:26:00,Please verify the firewall rule too.
CONV00270,4,Riya,Sam,2026-09-18 16:27:00,The configuration looks correct.
CONV00271,1,Mia,Leo,2026-09-19 16:31:00,The security audit is scheduled for Friday.
CONV00271,2,Leo,Mia,2026-09-19 16:32:00,I have prepared the access review.
CONV00271,3,Mia,Leo,2026-09-19 16:33:00,Please include the backup status in the report.
CONV00271,4,Leo,Mia,2026-09-19 16:34:00,"Done, I will share it with the team."
CONV00272,1,Ava,Noah,2026-09-20 16:38:00,Did the antivirus update finish?
CONV00272,2,Noah,Ava,2026-09-20 16:39:00,"Yes, the update completed this morning."
CONV00272,3,Ava,Noah,2026-09-20 16:40:00,"Great, please patch the server after lunch."
CONV00272,4,Noah,Ava,2026-09-20 16:41:00,I will confirm after the maintenance window.
CONV00273,1,Alice,Bob,2026-09-21 16:45:00,I received a suspicious link asking me to verify your account.
CONV00273,2,Bob,Alice,2026-09-21 16:46:00,That could be a phishing link. Do not enter your login credentials.
CONV00273,3,Alice,Bob,2026-09-21 16:47:00,I already entered my password and now see an unauthorized login.
CONV00273,4,Bob,Alice,2026-09-21 16:48:00,"Change the password, enable MFA, and report the incident."
CONV00274,1,Ava,Noah,2026-09-22 16:52:00,Did the antivirus update finish?
CONV00274,2,Noah,Ava,2026-09-22 16:53:00,"Yes, the update completed this morning."
CONV00274,3,Ava,Noah,2026-09-22 16:54:00,"Great, please patch the server after lunch."
CONV00274,4,Noah,Ava,2026-09-22 16:55:00,I will confirm after the maintenance window.
CONV00275,1,Sam,Riya,2026-09-23 16:59:00,The incident response drill starts at ten.
CONV00275,2,Riya,Sam,2026-09-23 17:00:00,I have the checklist ready.
CONV00275,3,Sam,Riya,2026-09-23 17:01:00,Please verify the firewall rule too.
CONV00275,4,Riya,Sam,2026-09-23 17:02:00,The configuration looks correct.
CONV00276,1,Sam,Riya,2026-09-24 17:06:00,The incident response drill starts at ten.
CONV00276,2,Riya,Sam,2026-09-24 17:07:00,I have the checklist ready.
CONV00276,3,Sam,Riya,2026-09-24 17:08:00,Please verify the firewall rule too.
CONV00276,4,Riya,Sam,2026-09-24 17:09:00,The configuration looks correct.
CONV00277,1,Mia,Leo,2026-09-25 17:13:00,The security audit is scheduled for Friday.
CONV00277,2,Leo,Mia,2026-09-25 17:14:00,I have prepared the access review.
CONV00277,3,Mia,Leo,2026-09-25 17:15:00,Please include the backup status in the report.
CONV00277,4,Leo,Mia,2026-09-25 17:16:00,"Done, I will share it with the team."
CONV00278,1,Sam,Riya,2026-09-26 17:20:00,The incident response drill starts at ten.
CONV00278,2,Riya,Sam,2026-09-26 17:21:00,I have the checklist ready.
CONV00278,3,Sam,Riya,2026-09-26 17:22:00,Please verify the firewall rule too.
CONV00278,4,Riya,Sam,2026-09-26 17:23:00,The configuration looks correct.
CONV00279,1,Maya,Ben,2026-09-27 17:27:00,The security alert says there was an unusual login.
CONV00279,2,Ben,Maya,2026-09-27 17:28:00,It may be a false alarm; MFA succeeded.
CONV00279,3,Maya,Ben,2026-09-27 17:29:00,"Still, there were repeated login attempts before it."
CONV00279,4,Ben,Maya,2026-09-27 17:30:00,Let's review the logs before deciding.
CONV00280,1,Sam,Riya,2026-09-28 17:34:00,The incident response drill starts at ten.
CONV00280,2,Riya,Sam,2026-09-28 17:35:00,I have the checklist ready.
CONV00280,3,Sam,Riya,2026-09-28 17:36:00,Please verify the firewall rule too.
CONV00280,4,Riya,Sam,2026-09-28 17:37:00,The configuration looks correct.
CONV00281,1,Isha,Arun,2026-09-01 17:41:00,Did you enable multi-factor authentication?
CONV00281,2,Arun,Isha,2026-09-01 17:42:00,"Yes, MFA is enabled on my account."
CONV00281,3,Isha,Arun,2026-09-01 17:43:00,Thanks. The security patch is also available.
CONV00281,4,Arun,Isha,2026-09-01 17:44:00,I will install it today.
CONV00282,1,Kai,Zoe,2026-09-02 17:48:00,The shared files are encrypted and there is a ransom note.
CONV00282,2,Zoe,Kai,2026-09-02 17:49:00,This may be ransomware. Disconnect the affected host.
CONV00282,3,Kai,Zoe,2026-09-02 17:50:00,We need to check backups and the scope of the data breach.
CONV00282,4,Zoe,Kai,2026-09-02 17:51:00,Notify the security team; do not pay or delete evidence.
CONV00283,1,Mia,Leo,2026-09-03 17:55:00,The security audit is scheduled for Friday.
CONV00283,2,Leo,Mia,2026-09-03 17:56:00,I have prepared the access review.
CONV00283,3,Mia,Leo,2026-09-03 17:57:00,Please include the backup status in the report.
CONV00283,4,Leo,Mia,2026-09-03 17:58:00,"Done, I will share it with the team."
CONV00284,1,Alice,Bob,2026-09-04 18:02:00,I received a suspicious link asking me to verify your account.
CONV00284,2,Bob,Alice,2026-09-04 18:03:00,That could be a phishing link. Do not enter your login credentials.
CONV00284,3,Alice,Bob,2026-09-04 18:04:00,I already entered my password and now see an unauthorized login.
CONV00284,4,Bob,Alice,2026-09-04 18:05:00,"Change the password, enable MFA, and report the incident."
CONV00285,1,Ravi,Meera,2026-09-05 18:09:00,The application may be vulnerable to SQL injection.
CONV00285,2,Meera,Ravi,2026-09-05 18:10:00,"The security test also detected cross-site scripting, or XSS."
CONV00285,3,Ravi,Meera,2026-09-05 18:11:00,We should review the vulnerable query and injected script handling.
CONV00285,4,Meera,Ravi,2026-09-05 18:12:00,Log the findings and apply the approved fixes.
CONV00286,1,Alice,Bob,2026-09-06 18:16:00,I received a suspicious link asking me to verify your account.
CONV00286,2,Bob,Alice,2026-09-06 18:17:00,That could be a phishing link. Do not enter your login credentials.
CONV00286,3,Alice,Bob,2026-09-06 18:18:00,I already entered my password and now see an unauthorized login.
CONV00286,4,Bob,Alice,2026-09-06 18:19:00,"Change the password, enable MFA, and report the incident."
CONV00287,1,Ravi,Meera,2026-09-07 18:23:00,The application may be vulnerable to SQL injection.
CONV00287,2,Meera,Ravi,2026-09-07 18:24:00,"The security test also detected cross-site scripting, or XSS."
CONV00287,3,Ravi,Meera,2026-09-07 18:25:00,We should review the vulnerable query and injected script handling.
CONV00287,4,Meera,Ravi,2026-09-07 18:26:00,Log the findings and apply the approved fixes.
CONV00288,1,Nina,Omar,2026-09-08 18:30:00,Several failed login attempts appeared on the admin account.
CONV00288,2,Omar,Nina,2026-09-08 18:31:00,Could this be a brute force attempt? Check the logs.
CONV00288,3,Nina,Omar,2026-09-08 18:32:00,The account may be compromised; I also found unusual access.
CONV00288,4,Omar,Nina,2026-09-08 18:33:00,Escalate this to incident response and preserve the evidence.
CONV00289,1,Eli,June,2026-09-09 18:37:00,A contractor may have accessed confidential data without authorization.
CONV00289,2,June,Eli,2026-09-09 18:38:00,That could indicate an insider threat or data exfiltration.
CONV00289,3,Eli,June,2026-09-09 18:39:00,The audit shows an unusual access pattern.
CONV00289,4,June,Eli,2026-09-09 18:40:00,Preserve logs and send the case for human review.
CONV00290,1,Ravi,Meera,2026-09-10 18:44:00,The application may be vulnerable to SQL injection.
CONV00290,2,Meera,Ravi,2026-09-10 18:45:00,"The security test also detected cross-site scripting, or XSS."
CONV00290,3,Ravi,Meera,2026-09-10 18:46:00,We should review the vulnerable query and injected script handling.
CONV00290,4,Meera,Ravi,2026-09-10 18:47:00,Log the findings and apply the approved fixes.
CONV00291,1,Tara,Neil,2026-09-11 18:51:00,The antivirus flagged a suspicious attachment.
CONV00291,2,Neil,Tara,2026-09-11 18:52:00,It was part of our malware-awareness training.
CONV00291,3,Tara,Neil,2026-09-11 18:53:00,"Okay, the security team confirmed it was a test."
CONV00291,4,Neil,Tara,2026-09-11 18:54:00,I will document the result.
CONV00292,1,Isha,Arun,2026-09-12 18:58:00,Did you enable multi-factor authentication?
CONV00292,2,Arun,Isha,2026-09-12 18:59:00,"Yes, MFA is enabled on my account."
CONV00292,3,Isha,Arun,2026-09-12 19:00:00,Thanks. The security patch is also available.
CONV00292,4,Arun,Isha,2026-09-12 19:01:00,I will install it today.
CONV00293,1,Alice,Bob,2026-09-13 19:05:00,I received a suspicious link asking me to verify your account.
CONV00293,2,Bob,Alice,2026-09-13 19:06:00,That could be a phishing link. Do not enter your login credentials.
CONV00293,3,Alice,Bob,2026-09-13 19:07:00,I already entered my password and now see an unauthorized login.
CONV00293,4,Bob,Alice,2026-09-13 19:08:00,"Change the password, enable MFA, and report the incident."
CONV00294,1,Maya,Ben,2026-09-14 19:12:00,The security alert says there was an unusual login.
CONV00294,2,Ben,Maya,2026-09-14 19:13:00,It may be a false alarm; MFA succeeded.
CONV00294,3,Maya,Ben,2026-09-14 19:14:00,"Still, there were repeated login attempts before it."
CONV00294,4,Ben,Maya,2026-09-14 19:15:00,Let's review the logs before deciding.
CONV00295,1,Isha,Arun,2026-09-15 19:19:00,Did you enable multi-factor authentication?
CONV00295,2,Arun,Isha,2026-09-15 19:20:00,"Yes, MFA is enabled on my account."
CONV00295,3,Isha,Arun,2026-09-15 19:21:00,Thanks. The security patch is also available.
CONV00295,4,Arun,Isha,2026-09-15 19:22:00,I will install it today.
CONV00296,1,Ava,Noah,2026-09-16 19:26:00,Did the antivirus update finish?
CONV00296,2,Noah,Ava,2026-09-16 19:27:00,"Yes, the update completed this morning."
CONV00296,3,Ava,Noah,2026-09-16 19:28:00,"Great, please patch the server after lunch."
CONV00296,4,Noah,Ava,2026-09-16 19:29:00,I will confirm after the maintenance window.
CONV00297,1,Alice,Bob,2026-09-17 19:33:00,I received a suspicious link asking me to verify your account.
CONV00297,2,Bob,Alice,2026-09-17 19:34:00,That could be a phishing link. Do not enter your login credentials.
CONV00297,3,Alice,Bob,2026-09-17 19:35:00,I already entered my password and now see an unauthorized login.
CONV00297,4,Bob,Alice,2026-09-17 19:36:00,"Change the password, enable MFA, and report the incident."
CONV00298,1,Kai,Zoe,2026-09-18 19:40:00,The shared files are encrypted and there is a ransom note.
CONV00298,2,Zoe,Kai,2026-09-18 19:41:00,This may be ransomware. Disconnect the affected host.
CONV00298,3,Kai,Zoe,2026-09-18 19:42:00,We need to check backups and the scope of the data breach.
CONV00298,4,Zoe,Kai,2026-09-18 19:43:00,Notify the security team; do not pay or delete evidence.
CONV00299,1,Tara,Neil,2026-09-19 19:47:00,The antivirus flagged a suspicious attachment.
CONV00299,2,Neil,Tara,2026-09-19 19:48:00,It was part of our malware-awareness training.
CONV00299,3,Tara,Neil,2026-09-19 19:49:00,"Okay, the security team confirmed it was a test."
CONV00299,4,Neil,Tara,2026-09-19 19:50:00,I will document the result.
CONV00300,1,Mia,Leo,2026-09-20 19:54:00,The security audit is scheduled for Friday.
CONV00300,2,Leo,Mia,2026-09-20 19:55:00,I have prepared the access review.
CONV00300,3,Mia,Leo,2026-09-20 19:56:00,Please include the backup status in the report.
CONV00300,4,Leo,Mia,2026-09-20 19:57:00,"Done, I will share it with the team."
CONV00301,1,Sam,Riya,2026-09-21 20:01:00,The incident response drill starts at ten.
CONV00301,2,Riya,Sam,2026-09-21 20:02:00,I have the checklist ready.
CONV00301,3,Sam,Riya,2026-09-21 20:03:00,Please verify the firewall rule too.
CONV00301,4,Riya,Sam,2026-09-21 20:04:00,The configuration looks correct.
CONV00302,1,Kai,Zoe,2026-09-22 20:08:00,The shared files are encrypted and there is a ransom note.
CONV00302,2,Zoe,Kai,2026-09-22 20:09:00,This may be ransomware. Disconnect the affected host.
CONV00302,3,Kai,Zoe,2026-09-22 20:10:00,We need to check backups and the scope of the data breach.
CONV00302,4,Zoe,Kai,2026-09-22 20:11:00,Notify the security team; do not pay or delete evidence.
CONV00303,1,Ava,Noah,2026-09-23 20:15:00,Did the antivirus update finish?
CONV00303,2,Noah,Ava,2026-09-23 20:16:00,"Yes, the update completed this morning."
CONV00303,3,Ava,Noah,2026-09-23 20:17:00,"Great, please patch the server after lunch."
CONV00303,4,Noah,Ava,2026-09-23 20:18:00,I will confirm after the maintenance window.
CONV00304,1,Isha,Arun,2026-09-24 20:22:00,Did you enable multi-factor authentication?
CONV00304,2,Arun,Isha,2026-09-24 20:23:00,"Yes, MFA is enabled on my account."
CONV00304,3,Isha,Arun,2026-09-24 20:24:00,Thanks. The security patch is also available.
CONV00304,4,Arun,Isha,2026-09-24 20:25:00,I will install it today.
CONV00305,1,Nina,Omar,2026-09-25 20:29:00,Several failed login attempts appeared on the admin account.
CONV00305,2,Omar,Nina,2026-09-25 20:30:00,Could this be a brute force attempt? Check the logs.
CONV00305,3,Nina,Omar,2026-09-25 20:31:00,The account may be compromised; I also found unusual access.
CONV00305,4,Omar,Nina,2026-09-25 20:32:00,Escalate this to incident response and preserve the evidence.
CONV00306,1,Tara,Neil,2026-09-26 20:36:00,The antivirus flagged a suspicious attachment.
CONV00306,2,Neil,Tara,2026-09-26 20:37:00,It was part of our malware-awareness training.
CONV00306,3,Tara,Neil,2026-09-26 20:38:00,"Okay, the security team confirmed it was a test."
CONV00306,4,Neil,Tara,2026-09-26 20:39:00,I will document the result.
CONV00307,1,Kai,Zoe,2026-09-27 20:43:00,The shared files are encrypted and there is a ransom note.
CONV00307,2,Zoe,Kai,2026-09-27 20:44:00,This may be ransomware. Disconnect the affected host.
CONV00307,3,Kai,Zoe,2026-09-27 20:45:00,We need to check backups and the scope of the data breach.
CONV00307,4,Zoe,Kai,2026-09-27 20:46:00,Notify the security team; do not pay or delete evidence.
CONV00308,1,Nina,Omar,2026-09-28 20:50:00,Several failed login attempts appeared on the admin account.
CONV00308,2,Omar,Nina,2026-09-28 20:51:00,Could this be a brute force attempt? Check the logs.
CONV00308,3,Nina,Omar,2026-09-28 20:52:00,The account may be compromised; I also found unusual access.
CONV00308,4,Omar,Nina,2026-09-28 20:53:00,Escalate this to incident response and preserve the evidence.
CONV00309,1,Sam,Riya,2026-09-01 20:57:00,The incident response drill starts at ten.
CONV00309,2,Riya,Sam,2026-09-01 20:58:00,I have the checklist ready.
CONV00309,3,Sam,Riya,2026-09-01 20:59:00,Please verify the firewall rule too.
CONV00309,4,Riya,Sam,2026-09-01 21:00:00,The configuration looks correct.
CONV00310,1,Alice,Bob,2026-09-02 21:04:00,I received a suspicious link asking me to verify your account.
CONV00310,2,Bob,Alice,2026-09-02 21:05:00,That could be a phishing link. Do not enter your login credentials.
CONV00310,3,Alice,Bob,2026-09-02 21:06:00,I already entered my password and now see an unauthorized login.
CONV00310,4,Bob,Alice,2026-09-02 21:07:00,"Change the password, enable MFA, and report the incident."
CONV00311,1,Nina,Omar,2026-09-03 21:11:00,Several failed login attempts appeared on the admin account.
CONV00311,2,Omar,Nina,2026-09-03 21:12:00,Could this be a brute force attempt? Check the logs.
CONV00311,3,Nina,Omar,2026-09-03 21:13:00,The account may be compromised; I also found unusual access.
CONV00311,4,Omar,Nina,2026-09-03 21:14:00,Escalate this to incident response and preserve the evidence.
CONV00312,1,Isha,Arun,2026-09-04 21:18:00,Did you enable multi-factor authentication?
CONV00312,2,Arun,Isha,2026-09-04 21:19:00,"Yes, MFA is enabled on my account."
CONV00312,3,Isha,Arun,2026-09-04 21:20:00,Thanks. The security patch is also available.
CONV00312,4,Arun,Isha,2026-09-04 21:21:00,I will install it today.
CONV00313,1,Maya,Ben,2026-09-05 21:25:00,The security alert says there was an unusual login.
CONV00313,2,Ben,Maya,2026-09-05 21:26:00,It may be a false alarm; MFA succeeded.
CONV00313,3,Maya,Ben,2026-09-05 21:27:00,"Still, there were repeated login attempts before it."
CONV00313,4,Ben,Maya,2026-09-05 21:28:00,Let's review the logs before deciding.
CONV00314,1,Isha,Arun,2026-09-06 21:32:00,Did you enable multi-factor authentication?
CONV00314,2,Arun,Isha,2026-09-06 21:33:00,"Yes, MFA is enabled on my account."
CONV00314,3,Isha,Arun,2026-09-06 21:34:00,Thanks. The security patch is also available.
CONV00314,4,Arun,Isha,2026-09-06 21:35:00,I will install it today.
CONV00315,1,Kai,Zoe,2026-09-07 21:39:00,The shared files are encrypted and there is a ransom note.
CONV00315,2,Zoe,Kai,2026-09-07 21:40:00,This may be ransomware. Disconnect the affected host.
CONV00315,3,Kai,Zoe,2026-09-07 21:41:00,We need to check backups and the scope of the data breach.
CONV00315,4,Zoe,Kai,2026-09-07 21:42:00,Notify the security team; do not pay or delete evidence.
CONV00316,1,Nina,Omar,2026-09-08 21:46:00,Several failed login attempts appeared on the admin account.
CONV00316,2,Omar,Nina,2026-09-08 21:47:00,Could this be a brute force attempt? Check the logs.
CONV00316,3,Nina,Omar,2026-09-08 21:48:00,The account may be compromised; I also found unusual access.
CONV00316,4,Omar,Nina,2026-09-08 21:49:00,Escalate this to incident response and preserve the evidence.
CONV00317,1,Dev,Priya,2026-09-09 21:53:00,A suspicious download was found on the workstation.
CONV00317,2,Priya,Dev,2026-09-09 21:54:00,The file may contain malware or a trojan.
CONV00317,3,Dev,Priya,2026-09-09 21:55:00,The endpoint alert also mentions a keylogger.
CONV00317,4,Priya,Dev,2026-09-09 21:56:00,Isolate the device and follow the incident response procedure.
CONV00318,1,Ava,Noah,2026-09-10 22:00:00,Did the antivirus update finish?
CONV00318,2,Noah,Ava,2026-09-10 22:01:00,"Yes, the update completed this morning."
CONV00318,3,Ava,Noah,2026-09-10 22:02:00,"Great, please patch the server after lunch."
CONV00318,4,Noah,Ava,2026-09-10 22:03:00,I will confirm after the maintenance window.
CONV00319,1,Alice,Bob,2026-09-11 22:07:00,I received a suspicious link asking me to verify your account.
CONV00319,2,Bob,Alice,2026-09-11 22:08:00,That could be a phishing link. Do not enter your login credentials.
CONV00319,3,Alice,Bob,2026-09-11 22:09:00,I already entered my password and now see an unauthorized login.
CONV00319,4,Bob,Alice,2026-09-11 22:10:00,"Change the password, enable MFA, and report the incident."
CONV00320,1,Ravi,Meera,2026-09-12 22:14:00,The application may be vulnerable to SQL injection.
CONV00320,2,Meera,Ravi,2026-09-12 22:15:00,"The security test also detected cross-site scripting, or XSS."
CONV00320,3,Ravi,Meera,2026-09-12 22:16:00,We should review the vulnerable query and injected script handling.
CONV00320,4,Meera,Ravi,2026-09-12 22:17:00,Log the findings and apply the approved fixes.
CONV00321,1,Dev,Priya,2026-09-13 22:21:00,A suspicious download was found on the workstation.
CONV00321,2,Priya,Dev,2026-09-13 22:22:00,The file may contain malware or a trojan.
CONV00321,3,Dev,Priya,2026-09-13 22:23:00,The endpoint alert also mentions a keylogger.
CONV00321,4,Priya,Dev,2026-09-13 22:24:00,Isolate the device and follow the incident response procedure.
CONV00322,1,Isha,Arun,2026-09-14 22:28:00,Did you enable multi-factor authentication?
CONV00322,2,Arun,Isha,2026-09-14 22:29:00,"Yes, MFA is enabled on my account."
CONV00322,3,Isha,Arun,2026-09-14 22:30:00,Thanks. The security patch is also available.
CONV00322,4,Arun,Isha,2026-09-14 22:31:00,I will install it today.
CONV00323,1,Ava,Noah,2026-09-15 22:35:00,Did the antivirus update finish?
CONV00323,2,Noah,Ava,2026-09-15 22:36:00,"Yes, the update completed this morning."
CONV00323,3,Ava,Noah,2026-09-15 22:37:00,"Great, please patch the server after lunch."
CONV00323,4,Noah,Ava,2026-09-15 22:38:00,I will confirm after the maintenance window.
CONV00324,1,Ava,Noah,2026-09-16 22:42:00,Did the antivirus update finish?
CONV00324,2,Noah,Ava,2026-09-16 22:43:00,"Yes, the update completed this morning."
CONV00324,3,Ava,Noah,2026-09-16 22:44:00,"Great, please patch the server after lunch."
CONV00324,4,Noah,Ava,2026-09-16 22:45:00,I will confirm after the maintenance window.
CONV00325,1,Alice,Bob,2026-09-17 22:49:00,I received a suspicious link asking me to verify your account.
CONV00325,2,Bob,Alice,2026-09-17 22:50:00,That could be a phishing link. Do not enter your login credentials.
CONV00325,3,Alice,Bob,2026-09-17 22:51:00,I already entered my password and now see an unauthorized login.
CONV00325,4,Bob,Alice,2026-09-17 22:52:00,"Change the password, enable MFA, and report the incident."
CONV00326,1,Ava,Noah,2026-09-18 22:56:00,Did the antivirus update finish?
CONV00326,2,Noah,Ava,2026-09-18 22:57:00,"Yes, the update completed this morning."
CONV00326,3,Ava,Noah,2026-09-18 22:58:00,"Great, please patch the server after lunch."
CONV00326,4,Noah,Ava,2026-09-18 22:59:00,I will confirm after the maintenance window.
CONV00327,1,Tara,Neil,2026-09-19 23:03:00,The antivirus flagged a suspicious attachment.
CONV00327,2,Neil,Tara,2026-09-19 23:04:00,It was part of our malware-awareness training.
CONV00327,3,Tara,Neil,2026-09-19 23:05:00,"Okay, the security team confirmed it was a test."
CONV00327,4,Neil,Tara,2026-09-19 23:06:00,I will document the result.
CONV00328,1,Ravi,Meera,2026-09-20 23:10:00,The application may be vulnerable to SQL injection.
CONV00328,2,Meera,Ravi,2026-09-20 23:11:00,"The security test also detected cross-site scripting, or XSS."
CONV00328,3,Ravi,Meera,2026-09-20 23:12:00,We should review the vulnerable query and injected script handling.
CONV00328,4,Meera,Ravi,2026-09-20 23:13:00,Log the findings and apply the approved fixes.
CONV00329,1,Nina,Omar,2026-09-21 23:17:00,Several failed login attempts appeared on the admin account.
CONV00329,2,Omar,Nina,2026-09-21 23:18:00,Could this be a brute force attempt? Check the logs.
CONV00329,3,Nina,Omar,2026-09-21 23:19:00,The account may be compromised; I also found unusual access.
CONV00329,4,Omar,Nina,2026-09-21 23:20:00,Escalate this to incident response and preserve the evidence.
CONV00330,1,Mia,Leo,2026-09-22 23:24:00,The security audit is scheduled for Friday.
CONV00330,2,Leo,Mia,2026-09-22 23:25:00,I have prepared the access review.
CONV00330,3,Mia,Leo,2026-09-22 23:26:00,Please include the backup status in the report.
CONV00330,4,Leo,Mia,2026-09-22 23:27:00,"Done, I will share it with the team."
CONV00331,1,Kai,Zoe,2026-09-23 23:31:00,The shared files are encrypted and there is a ransom note.
CONV00331,2,Zoe,Kai,2026-09-23 23:32:00,This may be ransomware. Disconnect the affected host.
CONV00331,3,Kai,Zoe,2026-09-23 23:33:00,We need to check backups and the scope of the data breach.
CONV00331,4,Zoe,Kai,2026-09-23 23:34:00,Notify the security team; do not pay or delete evidence.
CONV00332,1,Sam,Riya,2026-09-24 23:38:00,The incident response drill starts at ten.
CONV00332,2,Riya,Sam,2026-09-24 23:39:00,I have the checklist ready.
CONV00332,3,Sam,Riya,2026-09-24 23:40:00,Please verify the firewall rule too.
CONV00332,4,Riya,Sam,2026-09-24 23:41:00,The configuration looks correct.
CONV00333,1,Dev,Priya,2026-09-25 23:45:00,A suspicious download was found on the workstation.
CONV00333,2,Priya,Dev,2026-09-25 23:46:00,The file may contain malware or a trojan.
CONV00333,3,Dev,Priya,2026-09-25 23:47:00,The endpoint alert also mentions a keylogger.
CONV00333,4,Priya,Dev,2026-09-25 23:48:00,Isolate the device and follow the incident response procedure.
CONV00334,1,Ravi,Meera,2026-09-26 23:52:00,The application may be vulnerable to SQL injection.
CONV00334,2,Meera,Ravi,2026-09-26 23:53:00,"The security test also detected cross-site scripting, or XSS."
CONV00334,3,Ravi,Meera,2026-09-26 23:54:00,We should review the vulnerable query and injected script handling.
CONV00334,4,Meera,Ravi,2026-09-26 23:55:00,Log the findings and apply the approved fixes.
CONV00335,1,Isha,Arun,2026-09-27 23:59:00,Did you enable multi-factor authentication?
CONV00335,2,Arun,Isha,2026-09-27 00:00:00,"Yes, MFA is enabled on my account."
CONV00335,3,Isha,Arun,2026-09-27 00:01:00,Thanks. The security patch is also available.
CONV00335,4,Arun,Isha,2026-09-27 00:02:00,I will install it today.
CONV00336,1,Dev,Priya,2026-09-28 00:06:00,A suspicious download was found on the workstation.
CONV00336,2,Priya,Dev,2026-09-28 00:07:00,The file may contain malware or a trojan.
CONV00336,3,Dev,Priya,2026-09-28 00:08:00,The endpoint alert also mentions a keylogger.
CONV00336,4,Priya,Dev,2026-09-28 00:09:00,Isolate the device and follow the incident response procedure.
CONV00337,1,Mia,Leo,2026-09-01 00:13:00,The security audit is scheduled for Friday.
CONV00337,2,Leo,Mia,2026-09-01 00:14:00,I have prepared the access review.
CONV00337,3,Mia,Leo,2026-09-01 00:15:00,Please include the backup status in the report.
CONV00337,4,Leo,Mia,2026-09-01 00:16:00,"Done, I will share it with the team."
CONV00338,1,Dev,Priya,2026-09-02 00:20:00,A suspicious download was found on the workstation.
CONV00338,2,Priya,Dev,2026-09-02 00:21:00,The file may contain malware or a trojan.
CONV00338,3,Dev,Priya,2026-09-02 00:22:00,The endpoint alert also mentions a keylogger.
CONV00338,4,Priya,Dev,2026-09-02 00:23:00,Isolate the device and follow the incident response procedure.
CONV00339,1,Isha,Arun,2026-09-03 00:27:00,Did you enable multi-factor authentication?
CONV00339,2,Arun,Isha,2026-09-03 00:28:00,"Yes, MFA is enabled on my account."
CONV00339,3,Isha,Arun,2026-09-03 00:29:00,Thanks. The security patch is also available.
CONV00339,4,Arun,Isha,2026-09-03 00:30:00,I will install it today.
CONV00340,1,Ravi,Meera,2026-09-04 00:34:00,The application may be vulnerable to SQL injection.
CONV00340,2,Meera,Ravi,2026-09-04 00:35:00,"The security test also detected cross-site scripting, or XSS."
CONV00340,3,Ravi,Meera,2026-09-04 00:36:00,We should review the vulnerable query and injected script handling.
CONV00340,4,Meera,Ravi,2026-09-04 00:37:00,Log the findings and apply the approved fixes.
CONV00341,1,Eli,June,2026-09-05 00:41:00,A contractor may have accessed confidential data without authorization.
CONV00341,2,June,Eli,2026-09-05 00:42:00,That could indicate an insider threat or data exfiltration.
CONV00341,3,Eli,June,2026-09-05 00:43:00,The audit shows an unusual access pattern.
CONV00341,4,June,Eli,2026-09-05 00:44:00,Preserve logs and send the case for human review.
CONV00342,1,Alice,Bob,2026-09-06 00:48:00,I received a suspicious link asking me to verify your account.
CONV00342,2,Bob,Alice,2026-09-06 00:49:00,That could be a phishing link. Do not enter your login credentials.
CONV00342,3,Alice,Bob,2026-09-06 00:50:00,I already entered my password and now see an unauthorized login.
CONV00342,4,Bob,Alice,2026-09-06 00:51:00,"Change the password, enable MFA, and report the incident."
CONV00343,1,Tara,Neil,2026-09-07 00:55:00,The antivirus flagged a suspicious attachment.
CONV00343,2,Neil,Tara,2026-09-07 00:56:00,It was part of our malware-awareness training.
CONV00343,3,Tara,Neil,2026-09-07 00:57:00,"Okay, the security team confirmed it was a test."
CONV00343,4,Neil,Tara,2026-09-07 00:58:00,I will document the result.
CONV00344,1,Isha,Arun,2026-09-08 01:02:00,Did you enable multi-factor authentication?
CONV00344,2,Arun,Isha,2026-09-08 01:03:00,"Yes, MFA is enabled on my account."
CONV00344,3,Isha,Arun,2026-09-08 01:04:00,Thanks. The security patch is also available.
CONV00344,4,Arun,Isha,2026-09-08 01:05:00,I will install it today.
CONV00345,1,Ravi,Meera,2026-09-09 01:09:00,The application may be vulnerable to SQL injection.
CONV00345,2,Meera,Ravi,2026-09-09 01:10:00,"The security test also detected cross-site scripting, or XSS."
CONV00345,3,Ravi,Meera,2026-09-09 01:11:00,We should review the vulnerable query and injected script handling.
CONV00345,4,Meera,Ravi,2026-09-09 01:12:00,Log the findings and apply the approved fixes.
CONV00346,1,Isha,Arun,2026-09-10 01:16:00,Did you enable multi-factor authentication?
CONV00346,2,Arun,Isha,2026-09-10 01:17:00,"Yes, MFA is enabled on my account."
CONV00346,3,Isha,Arun,2026-09-10 01:18:00,Thanks. The security patch is also available.
CONV00346,4,Arun,Isha,2026-09-10 01:19:00,I will install it today.
CONV00347,1,Kai,Zoe,2026-09-11 01:23:00,The shared files are encrypted and there is a ransom note.
CONV00347,2,Zoe,Kai,2026-09-11 01:24:00,This may be ransomware. Disconnect the affected host.
CONV00347,3,Kai,Zoe,2026-09-11 01:25:00,We need to check backups and the scope of the data breach.
CONV00347,4,Zoe,Kai,2026-09-11 01:26:00,Notify the security team; do not pay or delete evidence.
CONV00348,1,Alice,Bob,2026-09-12 01:30:00,I received a suspicious link asking me to verify your account.
CONV00348,2,Bob,Alice,2026-09-12 01:31:00,That could be a phishing link. Do not enter your login credentials.
CONV00348,3,Alice,Bob,2026-09-12 01:32:00,I already entered my password and now see an unauthorized login.
CONV00348,4,Bob,Alice,2026-09-12 01:33:00,"Change the password, enable MFA, and report the incident."
CONV00349,1,Isha,Arun,2026-09-13 01:37:00,Did you enable multi-factor authentication?
CONV00349,2,Arun,Isha,2026-09-13 01:38:00,"Yes, MFA is enabled on my account."
CONV00349,3,Isha,Arun,2026-09-13 01:39:00,Thanks. The security patch is also available.
CONV00349,4,Arun,Isha,2026-09-13 01:40:00,I will install it today.
CONV00350,1,Ravi,Meera,2026-09-14 01:44:00,The application may be vulnerable to SQL injection.
CONV00350,2,Meera,Ravi,2026-09-14 01:45:00,"The security test also detected cross-site scripting, or XSS."
CONV00350,3,Ravi,Meera,2026-09-14 01:46:00,We should review the vulnerable query and injected script handling.
CONV00350,4,Meera,Ravi,2026-09-14 01:47:00,Log the findings and apply the approved fixes.
CONV00351,1,Maya,Ben,2026-09-15 01:51:00,The security alert says there was an unusual login.
CONV00351,2,Ben,Maya,2026-09-15 01:52:00,It may be a false alarm; MFA succeeded.
CONV00351,3,Maya,Ben,2026-09-15 01:53:00,"Still, there were repeated login attempts before it."
CONV00351,4,Ben,Maya,2026-09-15 01:54:00,Let's review the logs before deciding.
CONV00352,1,Nina,Omar,2026-09-16 01:58:00,Several failed login attempts appeared on the admin account.
CONV00352,2,Omar,Nina,2026-09-16 01:59:00,Could this be a brute force attempt? Check the logs.
CONV00352,3,Nina,Omar,2026-09-16 02:00:00,The account may be compromised; I also found unusual access.
CONV00352,4,Omar,Nina,2026-09-16 02:01:00,Escalate this to incident response and preserve the evidence.
CONV00353,1,Ravi,Meera,2026-09-17 02:05:00,The application may be vulnerable to SQL injection.
CONV00353,2,Meera,Ravi,2026-09-17 02:06:00,"The security test also detected cross-site scripting, or XSS."
CONV00353,3,Ravi,Meera,2026-09-17 02:07:00,We should review the vulnerable query and injected script handling.
CONV00353,4,Meera,Ravi,2026-09-17 02:08:00,Log the findings and apply the approved fixes.
CONV00354,1,Kai,Zoe,2026-09-18 02:12:00,The shared files are encrypted and there is a ransom note.
CONV00354,2,Zoe,Kai,2026-09-18 02:13:00,This may be ransomware. Disconnect the affected host.
CONV00354,3,Kai,Zoe,2026-09-18 02:14:00,We need to check backups and the scope of the data breach.
CONV00354,4,Zoe,Kai,2026-09-18 02:15:00,Notify the security team; do not pay or delete evidence.
CONV00355,1,Alice,Bob,2026-09-19 02:19:00,I received a suspicious link asking me to verify your account.
CONV00355,2,Bob,Alice,2026-09-19 02:20:00,That could be a phishing link. Do not enter your login credentials.
CONV00355,3,Alice,Bob,2026-09-19 02:21:00,I already entered my password and now see an unauthorized login.
CONV00355,4,Bob,Alice,2026-09-19 02:22:00,"Change the password, enable MFA, and report the incident."
CONV00356,1,Maya,Ben,2026-09-20 02:26:00,The security alert says there was an unusual login.
CONV00356,2,Ben,Maya,2026-09-20 02:27:00,It may be a false alarm; MFA succeeded.
CONV00356,3,Maya,Ben,2026-09-20 02:28:00,"Still, there were repeated login attempts before it."
CONV00356,4,Ben,Maya,2026-09-20 02:29:00,Let's review the logs before deciding.
CONV00357,1,Ava,Noah,2026-09-21 02:33:00,Did the antivirus update finish?
CONV00357,2,Noah,Ava,2026-09-21 02:34:00,"Yes, the update completed this morning."
CONV00357,3,Ava,Noah,2026-09-21 02:35:00,"Great, please patch the server after lunch."
CONV00357,4,Noah,Ava,2026-09-21 02:36:00,I will confirm after the maintenance window.
CONV00358,1,Nina,Omar,2026-09-22 02:40:00,Several failed login attempts appeared on the admin account.
CONV00358,2,Omar,Nina,2026-09-22 02:41:00,Could this be a brute force attempt? Check the logs.
CONV00358,3,Nina,Omar,2026-09-22 02:42:00,The account may be compromised; I also found unusual access.
CONV00358,4,Omar,Nina,2026-09-22 02:43:00,Escalate this to incident response and preserve the evidence.
CONV00359,1,Eli,June,2026-09-23 02:47:00,A contractor may have accessed confidential data without authorization.
CONV00359,2,June,Eli,2026-09-23 02:48:00,That could indicate an insider threat or data exfiltration.
CONV00359,3,Eli,June,2026-09-23 02:49:00,The audit shows an unusual access pattern.
CONV00359,4,June,Eli,2026-09-23 02:50:00,Preserve logs and send the case for human review.
CONV00360,1,Ravi,Meera,2026-09-24 02:54:00,The application may be vulnerable to SQL injection.
CONV00360,2,Meera,Ravi,2026-09-24 02:55:00,"The security test also detected cross-site scripting, or XSS."
CONV00360,3,Ravi,Meera,2026-09-24 02:56:00,We should review the vulnerable query and injected script handling.
CONV00360,4,Meera,Ravi,2026-09-24 02:57:00,Log the findings and apply the approved fixes.
CONV00361,1,Maya,Ben,2026-09-25 03:01:00,The security alert says there was an unusual login.
CONV00361,2,Ben,Maya,2026-09-25 03:02:00,It may be a false alarm; MFA succeeded.
CONV00361,3,Maya,Ben,2026-09-25 03:03:00,"Still, there were repeated login attempts before it."
CONV00361,4,Ben,Maya,2026-09-25 03:04:00,Let's review the logs before deciding.
CONV00362,1,Isha,Arun,2026-09-26 03:08:00,Did you enable multi-factor authentication?
CONV00362,2,Arun,Isha,2026-09-26 03:09:00,"Yes, MFA is enabled on my account."
CONV00362,3,Isha,Arun,2026-09-26 03:10:00,Thanks. The security patch is also available.
CONV00362,4,Arun,Isha,2026-09-26 03:11:00,I will install it today.
CONV00363,1,Isha,Arun,2026-09-27 03:15:00,Did you enable multi-factor authentication?
CONV00363,2,Arun,Isha,2026-09-27 03:16:00,"Yes, MFA is enabled on my account."
CONV00363,3,Isha,Arun,2026-09-27 03:17:00,Thanks. The security patch is also available.
CONV00363,4,Arun,Isha,2026-09-27 03:18:00,I will install it today.
CONV00364,1,Sam,Riya,2026-09-28 03:22:00,The incident response drill starts at ten.
CONV00364,2,Riya,Sam,2026-09-28 03:23:00,I have the checklist ready.
CONV00364,3,Sam,Riya,2026-09-28 03:24:00,Please verify the firewall rule too.
CONV00364,4,Riya,Sam,2026-09-28 03:25:00,The configuration looks correct.
CONV00365,1,Dev,Priya,2026-09-01 03:29:00,A suspicious download was found on the workstation.
CONV00365,2,Priya,Dev,2026-09-01 03:30:00,The file may contain malware or a trojan.
CONV00365,3,Dev,Priya,2026-09-01 03:31:00,The endpoint alert also mentions a keylogger.
CONV00365,4,Priya,Dev,2026-09-01 03:32:00,Isolate the device and follow the incident response procedure.
CONV00366,1,Tara,Neil,2026-09-02 03:36:00,The antivirus flagged a suspicious attachment.
CONV00366,2,Neil,Tara,2026-09-02 03:37:00,It was part of our malware-awareness training.
CONV00366,3,Tara,Neil,2026-09-02 03:38:00,"Okay, the security team confirmed it was a test."
CONV00366,4,Neil,Tara,2026-09-02 03:39:00,I will document the result.
CONV00367,1,Mia,Leo,2026-09-03 03:43:00,The security audit is scheduled for Friday.
CONV00367,2,Leo,Mia,2026-09-03 03:44:00,I have prepared the access review.
CONV00367,3,Mia,Leo,2026-09-03 03:45:00,Please include the backup status in the report.
CONV00367,4,Leo,Mia,2026-09-03 03:46:00,"Done, I will share it with the team."
CONV00368,1,Sam,Riya,2026-09-04 03:50:00,The incident response drill starts at ten.
CONV00368,2,Riya,Sam,2026-09-04 03:51:00,I have the checklist ready.
CONV00368,3,Sam,Riya,2026-09-04 03:52:00,Please verify the firewall rule too.
CONV00368,4,Riya,Sam,2026-09-04 03:53:00,The configuration looks correct.
CONV00369,1,Alice,Bob,2026-09-05 03:57:00,I received a suspicious link asking me to verify your account.
CONV00369,2,Bob,Alice,2026-09-05 03:58:00,That could be a phishing link. Do not enter your login credentials.
CONV00369,3,Alice,Bob,2026-09-05 03:59:00,I already entered my password and now see an unauthorized login.
CONV00369,4,Bob,Alice,2026-09-05 04:00:00,"Change the password, enable MFA, and report the incident."
CONV00370,1,Mia,Leo,2026-09-06 04:04:00,The security audit is scheduled for Friday.
CONV00370,2,Leo,Mia,2026-09-06 04:05:00,I have prepared the access review.
CONV00370,3,Mia,Leo,2026-09-06 04:06:00,Please include the backup status in the report.
CONV00370,4,Leo,Mia,2026-09-06 04:07:00,"Done, I will share it with the team."
CONV00371,1,Eli,June,2026-09-07 04:11:00,A contractor may have accessed confidential data without authorization.
CONV00371,2,June,Eli,2026-09-07 04:12:00,That could indicate an insider threat or data exfiltration.
CONV00371,3,Eli,June,2026-09-07 04:13:00,The audit shows an unusual access pattern.
CONV00371,4,June,Eli,2026-09-07 04:14:00,Preserve logs and send the case for human review.
CONV00372,1,Ava,Noah,2026-09-08 04:18:00,Did the antivirus update finish?
CONV00372,2,Noah,Ava,2026-09-08 04:19:00,"Yes, the update completed this morning."
CONV00372,3,Ava,Noah,2026-09-08 04:20:00,"Great, please patch the server after lunch."
CONV00372,4,Noah,Ava,2026-09-08 04:21:00,I will confirm after the maintenance window.
CONV00373,1,Nina,Omar,2026-09-09 04:25:00,Several failed login attempts appeared on the admin account.
CONV00373,2,Omar,Nina,2026-09-09 04:26:00,Could this be a brute force attempt? Check the logs.
CONV00373,3,Nina,Omar,2026-09-09 04:27:00,The account may be compromised; I also found unusual access.
CONV00373,4,Omar,Nina,2026-09-09 04:28:00,Escalate this to incident response and preserve the evidence.
CONV00374,1,Isha,Arun,2026-09-10 04:32:00,Did you enable multi-factor authentication?
CONV00374,2,Arun,Isha,2026-09-10 04:33:00,"Yes, MFA is enabled on my account."
CONV00374,3,Isha,Arun,2026-09-10 04:34:00,Thanks. The security patch is also available.
CONV00374,4,Arun,Isha,2026-09-10 04:35:00,I will install it today.
CONV00375,1,Kai,Zoe,2026-09-11 04:39:00,The shared files are encrypted and there is a ransom note.
CONV00375,2,Zoe,Kai,2026-09-11 04:40:00,This may be ransomware. Disconnect the affected host.
CONV00375,3,Kai,Zoe,2026-09-11 04:41:00,We need to check backups and the scope of the data breach.
CONV00375,4,Zoe,Kai,2026-09-11 04:42:00,Notify the security team; do not pay or delete evidence.
CONV00376,1,Alice,Bob,2026-09-12 04:46:00,I received a suspicious link asking me to verify your account.
CONV00376,2,Bob,Alice,2026-09-12 04:47:00,That could be a phishing link. Do not enter your login credentials.
CONV00376,3,Alice,Bob,2026-09-12 04:48:00,I already entered my password and now see an unauthorized login.
CONV00376,4,Bob,Alice,2026-09-12 04:49:00,"Change the password, enable MFA, and report the incident."
CONV00377,1,Eli,June,2026-09-13 04:53:00,A contractor may have accessed confidential data without authorization.
CONV00377,2,June,Eli,2026-09-13 04:54:00,That could indicate an insider threat or data exfiltration.
CONV00377,3,Eli,June,2026-09-13 04:55:00,The audit shows an unusual access pattern.
CONV00377,4,June,Eli,2026-09-13 04:56:00,Preserve logs and send the case for human review.
CONV00378,1,Nina,Omar,2026-09-14 05:00:00,Several failed login attempts appeared on the admin account.
CONV00378,2,Omar,Nina,2026-09-14 05:01:00,Could this be a brute force attempt? Check the logs.
CONV00378,3,Nina,Omar,2026-09-14 05:02:00,The account may be compromised; I also found unusual access.
CONV00378,4,Omar,Nina,2026-09-14 05:03:00,Escalate this to incident response and preserve the evidence.
CONV00379,1,Alice,Bob,2026-09-15 05:07:00,I received a suspicious link asking me to verify your account.
CONV00379,2,Bob,Alice,2026-09-15 05:08:00,That could be a phishing link. Do not enter your login credentials.
CONV00379,3,Alice,Bob,2026-09-15 05:09:00,I already entered my password and now see an unauthorized login.
CONV00379,4,Bob,Alice,2026-09-15 05:10:00,"Change the password, enable MFA, and report the incident."
CONV00380,1,Ava,Noah,2026-09-16 05:14:00,Did the antivirus update finish?
CONV00380,2,Noah,Ava,2026-09-16 05:15:00,"Yes, the update completed this morning."
CONV00380,3,Ava,Noah,2026-09-16 05:16:00,"Great, please patch the server after lunch."
CONV00380,4,Noah,Ava,2026-09-16 05:17:00,I will confirm after the maintenance window.
CONV00381,1,Alice,Bob,2026-09-17 05:21:00,I received a suspicious link asking me to verify your account.
CONV00381,2,Bob,Alice,2026-09-17 05:22:00,That could be a phishing link. Do not enter your login credentials.
CONV00381,3,Alice,Bob,2026-09-17 05:23:00,I already entered my password and now see an unauthorized login.
CONV00381,4,Bob,Alice,2026-09-17 05:24:00,"Change the password, enable MFA, and report the incident."
CONV00382,1,Eli,June,2026-09-18 05:28:00,A contractor may have accessed confidential data without authorization.
CONV00382,2,June,Eli,2026-09-18 05:29:00,That could indicate an insider threat or data exfiltration.
CONV00382,3,Eli,June,2026-09-18 05:30:00,The audit shows an unusual access pattern.
CONV00382,4,June,Eli,2026-09-18 05:31:00,Preserve logs and send the case for human review.
CONV00383,1,Nina,Omar,2026-09-19 05:35:00,Several failed login attempts appeared on the admin account.
CONV00383,2,Omar,Nina,2026-09-19 05:36:00,Could this be a brute force attempt? Check the logs.
CONV00383,3,Nina,Omar,2026-09-19 05:37:00,The account may be compromised; I also found unusual access.
CONV00383,4,Omar,Nina,2026-09-19 05:38:00,Escalate this to incident response and preserve the evidence.
CONV00384,1,Maya,Ben,2026-09-20 05:42:00,The security alert says there was an unusual login.
CONV00384,2,Ben,Maya,2026-09-20 05:43:00,It may be a false alarm; MFA succeeded.
CONV00384,3,Maya,Ben,2026-09-20 05:44:00,"Still, there were repeated login attempts before it."
CONV00384,4,Ben,Maya,2026-09-20 05:45:00,Let's review the logs before deciding.
CONV00385,1,Ravi,Meera,2026-09-21 05:49:00,The application may be vulnerable to SQL injection.
CONV00385,2,Meera,Ravi,2026-09-21 05:50:00,"The security test also detected cross-site scripting, or XSS."
CONV00385,3,Ravi,Meera,2026-09-21 05:51:00,We should review the vulnerable query and injected script handling.
CONV00385,4,Meera,Ravi,2026-09-21 05:52:00,Log the findings and apply the approved fixes.
CONV00386,1,Kai,Zoe,2026-09-22 05:56:00,The shared files are encrypted and there is a ransom note.
CONV00386,2,Zoe,Kai,2026-09-22 05:57:00,This may be ransomware. Disconnect the affected host.
CONV00386,3,Kai,Zoe,2026-09-22 05:58:00,We need to check backups and the scope of the data breach.
CONV00386,4,Zoe,Kai,2026-09-22 05:59:00,Notify the security team; do not pay or delete evidence.
CONV00387,1,Kai,Zoe,2026-09-23 06:03:00,The shared files are encrypted and there is a ransom note.
CONV00387,2,Zoe,Kai,2026-09-23 06:04:00,This may be ransomware. Disconnect the affected host.
CONV00387,3,Kai,Zoe,2026-09-23 06:05:00,We need to check backups and the scope of the data breach.
CONV00387,4,Zoe,Kai,2026-09-23 06:06:00,Notify the security team; do not pay or delete evidence.
CONV00388,1,Mia,Leo,2026-09-24 06:10:00,The security audit is scheduled for Friday.
CONV00388,2,Leo,Mia,2026-09-24 06:11:00,I have prepared the access review.
CONV00388,3,Mia,Leo,2026-09-24 06:12:00,Please include the backup status in the report.
CONV00388,4,Leo,Mia,2026-09-24 06:13:00,"Done, I will share it with the team."
CONV00389,1,Maya,Ben,2026-09-25 06:17:00,The security alert says there was an unusual login.
CONV00389,2,Ben,Maya,2026-09-25 06:18:00,It may be a false alarm; MFA succeeded.
CONV00389,3,Maya,Ben,2026-09-25 06:19:00,"Still, there were repeated login attempts before it."
CONV00389,4,Ben,Maya,2026-09-25 06:20:00,Let's review the logs before deciding.
CONV00390,1,Maya,Ben,2026-09-26 06:24:00,The security alert says there was an unusual login.
CONV00390,2,Ben,Maya,2026-09-26 06:25:00,It may be a false alarm; MFA succeeded.
CONV00390,3,Maya,Ben,2026-09-26 06:26:00,"Still, there were repeated login attempts before it."
CONV00390,4,Ben,Maya,2026-09-26 06:27:00,Let's review the logs before deciding.
CONV00391,1,Dev,Priya,2026-09-27 06:31:00,A suspicious download was found on the workstation.
CONV00391,2,Priya,Dev,2026-09-27 06:32:00,The file may contain malware or a trojan.
CONV00391,3,Dev,Priya,2026-09-27 06:33:00,The endpoint alert also mentions a keylogger.
CONV00391,4,Priya,Dev,2026-09-27 06:34:00,Isolate the device and follow the incident response procedure.
CONV00392,1,Sam,Riya,2026-09-28 06:38:00,The incident response drill starts at ten.
CONV00392,2,Riya,Sam,2026-09-28 06:39:00,I have the checklist ready.
CONV00392,3,Sam,Riya,2026-09-28 06:40:00,Please verify the firewall rule too.
CONV00392,4,Riya,Sam,2026-09-28 06:41:00,The configuration looks correct.
CONV00393,1,Tara,Neil,2026-09-01 06:45:00,The antivirus flagged a suspicious attachment.
CONV00393,2,Neil,Tara,2026-09-01 06:46:00,It was part of our malware-awareness training.
CONV00393,3,Tara,Neil,2026-09-01 06:47:00,"Okay, the security team confirmed it was a test."
CONV00393,4,Neil,Tara,2026-09-01 06:48:00,I will document the result.
CONV00394,1,Isha,Arun,2026-09-02 06:52:00,Did you enable multi-factor authentication?
CONV00394,2,Arun,Isha,2026-09-02 06:53:00,"Yes, MFA is enabled on my account."
CONV00394,3,Isha,Arun,2026-09-02 06:54:00,Thanks. The security patch is also available.
CONV00394,4,Arun,Isha,2026-09-02 06:55:00,I will install it today.
CONV00395,1,Dev,Priya,2026-09-03 06:59:00,A suspicious download was found on the workstation.
CONV00395,2,Priya,Dev,2026-09-03 07:00:00,The file may contain malware or a trojan.
CONV00395,3,Dev,Priya,2026-09-03 07:01:00,The endpoint alert also mentions a keylogger.
CONV00395,4,Priya,Dev,2026-09-03 07:02:00,Isolate the device and follow the incident response procedure.
CONV00396,1,Tara,Neil,2026-09-04 07:06:00,The antivirus flagged a suspicious attachment.
CONV00396,2,Neil,Tara,2026-09-04 07:07:00,It was part of our malware-awareness training.
CONV00396,3,Tara,Neil,2026-09-04 07:08:00,"Okay, the security team confirmed it was a test."
CONV00396,4,Neil,Tara,2026-09-04 07:09:00,I will document the result.
CONV00397,1,Sam,Riya,2026-09-05 07:13:00,The incident response drill starts at ten.
CONV00397,2,Riya,Sam,2026-09-05 07:14:00,I have the checklist ready.
CONV00397,3,Sam,Riya,2026-09-05 07:15:00,Please verify the firewall rule too.
CONV00397,4,Riya,Sam,2026-09-05 07:16:00,The configuration looks correct.
CONV00398,1,Alice,Bob,2026-09-06 07:20:00,I received a suspicious link asking me to verify your account.
CONV00398,2,Bob,Alice,2026-09-06 07:21:00,That could be a phishing link. Do not enter your login credentials.
CONV00398,3,Alice,Bob,2026-09-06 07:22:00,I already entered my password and now see an unauthorized login.
CONV00398,4,Bob,Alice,2026-09-06 07:23:00,"Change the password, enable MFA, and report the incident."
CONV00399,1,Sam,Riya,2026-09-07 07:27:00,The incident response drill starts at ten.
CONV00399,2,Riya,Sam,2026-09-07 07:28:00,I have the checklist ready.
CONV00399,3,Sam,Riya,2026-09-07 07:29:00,Please verify the firewall rule too.
CONV00399,4,Riya,Sam,2026-09-07 07:30:00,The configuration looks correct.
CONV00400,1,Ravi,Meera,2026-09-08 07:34:00,The application may be vulnerable to SQL injection.
CONV00400,2,Meera,Ravi,2026-09-08 07:35:00,"The security test also detected cross-site scripting, or XSS."
CONV00400,3,Ravi,Meera,2026-09-08 07:36:00,We should review the vulnerable query and injected script handling.
CONV00400,4,Meera,Ravi,2026-09-08 07:37:00,Log the findings and apply the approved fixes.
CONV00401,1,Ravi,Meera,2026-09-09 07:41:00,The application may be vulnerable to SQL injection.
CONV00401,2,Meera,Ravi,2026-09-09 07:42:00,"The security test also detected cross-site scripting, or XSS."
CONV00401,3,Ravi,Meera,2026-09-09 07:43:00,We should review the vulnerable query and injected script handling.
CONV00401,4,Meera,Ravi,2026-09-09 07:44:00,Log the findings and apply the approved fixes.
CONV00402,1,Tara,Neil,2026-09-10 07:48:00,The antivirus flagged a suspicious attachment.
CONV00402,2,Neil,Tara,2026-09-10 07:49:00,It was part of our malware-awareness training.
CONV00402,3,Tara,Neil,2026-09-10 07:50:00,"Okay, the security team confirmed it was a test."
CONV00402,4,Neil,Tara,2026-09-10 07:51:00,I will document the result.
CONV00403,1,Maya,Ben,2026-09-11 07:55:00,The security alert says there was an unusual login.
CONV00403,2,Ben,Maya,2026-09-11 07:56:00,It may be a false alarm; MFA succeeded.
CONV00403,3,Maya,Ben,2026-09-11 07:57:00,"Still, there were repeated login attempts before it."
CONV00403,4,Ben,Maya,2026-09-11 07:58:00,Let's review the logs before deciding.
CONV00404,1,Ravi,Meera,2026-09-12 08:02:00,The application may be vulnerable to SQL injection.
CONV00404,2,Meera,Ravi,2026-09-12 08:03:00,"The security test also detected cross-site scripting, or XSS."
CONV00404,3,Ravi,Meera,2026-09-12 08:04:00,We should review the vulnerable query and injected script handling.
CONV00404,4,Meera,Ravi,2026-09-12 08:05:00,Log the findings and apply the approved fixes.
CONV00405,1,Isha,Arun,2026-09-13 08:09:00,Did you enable multi-factor authentication?
CONV00405,2,Arun,Isha,2026-09-13 08:10:00,"Yes, MFA is enabled on my account."
CONV00405,3,Isha,Arun,2026-09-13 08:11:00,Thanks. The security patch is also available.
CONV00405,4,Arun,Isha,2026-09-13 08:12:00,I will install it today.
CONV00406,1,Dev,Priya,2026-09-14 08:16:00,A suspicious download was found on the workstation.
CONV00406,2,Priya,Dev,2026-09-14 08:17:00,The file may contain malware or a trojan.
CONV00406,3,Dev,Priya,2026-09-14 08:18:00,The endpoint alert also mentions a keylogger.
CONV00406,4,Priya,Dev,2026-09-14 08:19:00,Isolate the device and follow the incident response procedure.
CONV00407,1,Isha,Arun,2026-09-15 08:23:00,Did you enable multi-factor authentication?
CONV00407,2,Arun,Isha,2026-09-15 08:24:00,"Yes, MFA is enabled on my account."
CONV00407,3,Isha,Arun,2026-09-15 08:25:00,Thanks. The security patch is also available.
CONV00407,4,Arun,Isha,2026-09-15 08:26:00,I will install it today.
CONV00408,1,Eli,June,2026-09-16 08:30:00,A contractor may have accessed confidential data without authorization.
CONV00408,2,June,Eli,2026-09-16 08:31:00,That could indicate an insider threat or data exfiltration.
CONV00408,3,Eli,June,2026-09-16 08:32:00,The audit shows an unusual access pattern.
CONV00408,4,June,Eli,2026-09-16 08:33:00,Preserve logs and send the case for human review.
CONV00409,1,Dev,Priya,2026-09-17 08:37:00,A suspicious download was found on the workstation.
CONV00409,2,Priya,Dev,2026-09-17 08:38:00,The file may contain malware or a trojan.
CONV00409,3,Dev,Priya,2026-09-17 08:39:00,The endpoint alert also mentions a keylogger.
CONV00409,4,Priya,Dev,2026-09-17 08:40:00,Isolate the device and follow the incident response procedure.
CONV00410,1,Dev,Priya,2026-09-18 08:44:00,A suspicious download was found on the workstation.
CONV00410,2,Priya,Dev,2026-09-18 08:45:00,The file may contain malware or a trojan.
CONV00410,3,Dev,Priya,2026-09-18 08:46:00,The endpoint alert also mentions a keylogger.
CONV00410,4,Priya,Dev,2026-09-18 08:47:00,Isolate the device and follow the incident response procedure.
CONV00411,1,Sam,Riya,2026-09-19 08:51:00,The incident response drill starts at ten.
CONV00411,2,Riya,Sam,2026-09-19 08:52:00,I have the checklist ready.
CONV00411,3,Sam,Riya,2026-09-19 08:53:00,Please verify the firewall rule too.
CONV00411,4,Riya,Sam,2026-09-19 08:54:00,The configuration looks correct.
CONV00412,1,Ravi,Meera,2026-09-20 08:58:00,The application may be vulnerable to SQL injection.
CONV00412,2,Meera,Ravi,2026-09-20 08:59:00,"The security test also detected cross-site scripting, or XSS."
CONV00412,3,Ravi,Meera,2026-09-20 09:00:00,We should review the vulnerable query and injected script handling.
CONV00412,4,Meera,Ravi,2026-09-20 09:01:00,Log the findings and apply the approved fixes.
CONV00413,1,Sam,Riya,2026-09-21 09:05:00,The incident response drill starts at ten.
CONV00413,2,Riya,Sam,2026-09-21 09:06:00,I have the checklist ready.
CONV00413,3,Sam,Riya,2026-09-21 09:07:00,Please verify the firewall rule too.
CONV00413,4,Riya,Sam,2026-09-21 09:08:00,The configuration looks correct.
CONV00414,1,Isha,Arun,2026-09-22 09:12:00,Did you enable multi-factor authentication?
CONV00414,2,Arun,Isha,2026-09-22 09:13:00,"Yes, MFA is enabled on my account."
CONV00414,3,Isha,Arun,2026-09-22 09:14:00,Thanks. The security patch is also available.
CONV00414,4,Arun,Isha,2026-09-22 09:15:00,I will install it today.
CONV00415,1,Nina,Omar,2026-09-23 09:19:00,Several failed login attempts appeared on the admin account.
CONV00415,2,Omar,Nina,2026-09-23 09:20:00,Could this be a brute force attempt? Check the logs.
CONV00415,3,Nina,Omar,2026-09-23 09:21:00,The account may be compromised; I also found unusual access.
CONV00415,4,Omar,Nina,2026-09-23 09:22:00,Escalate this to incident response and preserve the evidence.
CONV00416,1,Dev,Priya,2026-09-24 09:26:00,A suspicious download was found on the workstation.
CONV00416,2,Priya,Dev,2026-09-24 09:27:00,The file may contain malware or a trojan.
CONV00416,3,Dev,Priya,2026-09-24 09:28:00,The endpoint alert also mentions a keylogger.
CONV00416,4,Priya,Dev,2026-09-24 09:29:00,Isolate the device and follow the incident response procedure.
CONV00417,1,Maya,Ben,2026-09-25 09:33:00,The security alert says there was an unusual login.
CONV00417,2,Ben,Maya,2026-09-25 09:34:00,It may be a false alarm; MFA succeeded.
CONV00417,3,Maya,Ben,2026-09-25 09:35:00,"Still, there were repeated login attempts before it."
CONV00417,4,Ben,Maya,2026-09-25 09:36:00,Let's review the logs before deciding.
CONV00418,1,Alice,Bob,2026-09-26 09:40:00,I received a suspicious link asking me to verify your account.
CONV00418,2,Bob,Alice,2026-09-26 09:41:00,That could be a phishing link. Do not enter your login credentials.
CONV00418,3,Alice,Bob,2026-09-26 09:42:00,I already entered my password and now see an unauthorized login.
CONV00418,4,Bob,Alice,2026-09-26 09:43:00,"Change the password, enable MFA, and report the incident."
CONV00419,1,Sam,Riya,2026-09-27 09:47:00,The incident response drill starts at ten.
CONV00419,2,Riya,Sam,2026-09-27 09:48:00,I have the checklist ready.
CONV00419,3,Sam,Riya,2026-09-27 09:49:00,Please verify the firewall rule too.
CONV00419,4,Riya,Sam,2026-09-27 09:50:00,The configuration looks correct.
CONV00420,1,Nina,Omar,2026-09-28 09:54:00,Several failed login attempts appeared on the admin account.
CONV00420,2,Omar,Nina,2026-09-28 09:55:00,Could this be a brute force attempt? Check the logs.
CONV00420,3,Nina,Omar,2026-09-28 09:56:00,The account may be compromised; I also found unusual access.
CONV00420,4,Omar,Nina,2026-09-28 09:57:00,Escalate this to incident response and preserve the evidence.
CONV00421,1,Ava,Noah,2026-09-01 10:01:00,Did the antivirus update finish?
CONV00421,2,Noah,Ava,2026-09-01 10:02:00,"Yes, the update completed this morning."
CONV00421,3,Ava,Noah,2026-09-01 10:03:00,"Great, please patch the server after lunch."
CONV00421,4,Noah,Ava,2026-09-01 10:04:00,I will confirm after the maintenance window.
CONV00422,1,Isha,Arun,2026-09-02 10:08:00,Did you enable multi-factor authentication?
CONV00422,2,Arun,Isha,2026-09-02 10:09:00,"Yes, MFA is enabled on my account."
CONV00422,3,Isha,Arun,2026-09-02 10:10:00,Thanks. The security patch is also available.
CONV00422,4,Arun,Isha,2026-09-02 10:11:00,I will install it today.
CONV00423,1,Ava,Noah,2026-09-03 10:15:00,Did the antivirus update finish?
CONV00423,2,Noah,Ava,2026-09-03 10:16:00,"Yes, the update completed this morning."
CONV00423,3,Ava,Noah,2026-09-03 10:17:00,"Great, please patch the server after lunch."
CONV00423,4,Noah,Ava,2026-09-03 10:18:00,I will confirm after the maintenance window.
CONV00424,1,Isha,Arun,2026-09-04 10:22:00,Did you enable multi-factor authentication?
CONV00424,2,Arun,Isha,2026-09-04 10:23:00,"Yes, MFA is enabled on my account."
CONV00424,3,Isha,Arun,2026-09-04 10:24:00,Thanks. The security patch is also available.
CONV00424,4,Arun,Isha,2026-09-04 10:25:00,I will install it today.
CONV00425,1,Ravi,Meera,2026-09-05 10:29:00,The application may be vulnerable to SQL injection.
CONV00425,2,Meera,Ravi,2026-09-05 10:30:00,"The security test also detected cross-site scripting, or XSS."
CONV00425,3,Ravi,Meera,2026-09-05 10:31:00,We should review the vulnerable query and injected script handling.
CONV00425,4,Meera,Ravi,2026-09-05 10:32:00,Log the findings and apply the approved fixes.
CONV00426,1,Alice,Bob,2026-09-06 10:36:00,I received a suspicious link asking me to verify your account.
CONV00426,2,Bob,Alice,2026-09-06 10:37:00,That could be a phishing link. Do not enter your login credentials.
CONV00426,3,Alice,Bob,2026-09-06 10:38:00,I already entered my password and now see an unauthorized login.
CONV00426,4,Bob,Alice,2026-09-06 10:39:00,"Change the password, enable MFA, and report the incident."
CONV00427,1,Kai,Zoe,2026-09-07 10:43:00,The shared files are encrypted and there is a ransom note.
CONV00427,2,Zoe,Kai,2026-09-07 10:44:00,This may be ransomware. Disconnect the affected host.
CONV00427,3,Kai,Zoe,2026-09-07 10:45:00,We need to check backups and the scope of the data breach.
CONV00427,4,Zoe,Kai,2026-09-07 10:46:00,Notify the security team; do not pay or delete evidence.
CONV00428,1,Mia,Leo,2026-09-08 10:50:00,The security audit is scheduled for Friday.
CONV00428,2,Leo,Mia,2026-09-08 10:51:00,I have prepared the access review.
CONV00428,3,Mia,Leo,2026-09-08 10:52:00,Please include the backup status in the report.
CONV00428,4,Leo,Mia,2026-09-08 10:53:00,"Done, I will share it with the team."
CONV00429,1,Isha,Arun,2026-09-09 10:57:00,Did you enable multi-factor authentication?
CONV00429,2,Arun,Isha,2026-09-09 10:58:00,"Yes, MFA is enabled on my account."
CONV00429,3,Isha,Arun,2026-09-09 10:59:00,Thanks. The security patch is also available.
CONV00429,4,Arun,Isha,2026-09-09 11:00:00,I will install it today.
CONV00430,1,Ravi,Meera,2026-09-10 11:04:00,The application may be vulnerable to SQL injection.
CONV00430,2,Meera,Ravi,2026-09-10 11:05:00,"The security test also detected cross-site scripting, or XSS."
CONV00430,3,Ravi,Meera,2026-09-10 11:06:00,We should review the vulnerable query and injected script handling.
CONV00430,4,Meera,Ravi,2026-09-10 11:07:00,Log the findings and apply the approved fixes.
CONV00431,1,Kai,Zoe,2026-09-11 11:11:00,The shared files are encrypted and there is a ransom note.
CONV00431,2,Zoe,Kai,2026-09-11 11:12:00,This may be ransomware. Disconnect the affected host.
CONV00431,3,Kai,Zoe,2026-09-11 11:13:00,We need to check backups and the scope of the data breach.
CONV00431,4,Zoe,Kai,2026-09-11 11:14:00,Notify the security team; do not pay or delete evidence.
CONV00432,1,Eli,June,2026-09-12 11:18:00,A contractor may have accessed confidential data without authorization.
CONV00432,2,June,Eli,2026-09-12 11:19:00,That could indicate an insider threat or data exfiltration.
CONV00432,3,Eli,June,2026-09-12 11:20:00,The audit shows an unusual access pattern.
CONV00432,4,June,Eli,2026-09-12 11:21:00,Preserve logs and send the case for human review.
CONV00433,1,Eli,June,2026-09-13 11:25:00,A contractor may have accessed confidential data without authorization.
CONV00433,2,June,Eli,2026-09-13 11:26:00,That could indicate an insider threat or data exfiltration.
CONV00433,3,Eli,June,2026-09-13 11:27:00,The audit shows an unusual access pattern.
CONV00433,4,June,Eli,2026-09-13 11:28:00,Preserve logs and send the case for human review.
CONV00434,1,Ravi,Meera,2026-09-14 11:32:00,The application may be vulnerable to SQL injection.
CONV00434,2,Meera,Ravi,2026-09-14 11:33:00,"The security test also detected cross-site scripting, or XSS."
CONV00434,3,Ravi,Meera,2026-09-14 11:34:00,We should review the vulnerable query and injected script handling.
CONV00434,4,Meera,Ravi,2026-09-14 11:35:00,Log the findings and apply the approved fixes.
CONV00435,1,Mia,Leo,2026-09-15 11:39:00,The security audit is scheduled for Friday.
CONV00435,2,Leo,Mia,2026-09-15 11:40:00,I have prepared the access review.
CONV00435,3,Mia,Leo,2026-09-15 11:41:00,Please include the backup status in the report.
CONV00435,4,Leo,Mia,2026-09-15 11:42:00,"Done, I will share it with the team."
CONV00436,1,Ava,Noah,2026-09-16 11:46:00,Did the antivirus update finish?
CONV00436,2,Noah,Ava,2026-09-16 11:47:00,"Yes, the update completed this morning."
CONV00436,3,Ava,Noah,2026-09-16 11:48:00,"Great, please patch the server after lunch."
CONV00436,4,Noah,Ava,2026-09-16 11:49:00,I will confirm after the maintenance window.
CONV00437,1,Nina,Omar,2026-09-17 11:53:00,Several failed login attempts appeared on the admin account.
CONV00437,2,Omar,Nina,2026-09-17 11:54:00,Could this be a brute force attempt? Check the logs.
CONV00437,3,Nina,Omar,2026-09-17 11:55:00,The account may be compromised; I also found unusual access.
CONV00437,4,Omar,Nina,2026-09-17 11:56:00,Escalate this to incident response and preserve the evidence.
CONV00438,1,Eli,June,2026-09-18 12:00:00,A contractor may have accessed confidential data without authorization.
CONV00438,2,June,Eli,2026-09-18 12:01:00,That could indicate an insider threat or data exfiltration.
CONV00438,3,Eli,June,2026-09-18 12:02:00,The audit shows an unusual access pattern.
CONV00438,4,June,Eli,2026-09-18 12:03:00,Preserve logs and send the case for human review.
CONV00439,1,Sam,Riya,2026-09-19 12:07:00,The incident response drill starts at ten.
CONV00439,2,Riya,Sam,2026-09-19 12:08:00,I have the checklist ready.
CONV00439,3,Sam,Riya,2026-09-19 12:09:00,Please verify the firewall rule too.
CONV00439,4,Riya,Sam,2026-09-19 12:10:00,The configuration looks correct.
CONV00440,1,Tara,Neil,2026-09-20 12:14:00,The antivirus flagged a suspicious attachment.
CONV00440,2,Neil,Tara,2026-09-20 12:15:00,It was part of our malware-awareness training.
CONV00440,3,Tara,Neil,2026-09-20 12:16:00,"Okay, the security team confirmed it was a test."
CONV00440,4,Neil,Tara,2026-09-20 12:17:00,I will document the result.
CONV00441,1,Mia,Leo,2026-09-21 12:21:00,The security audit is scheduled for Friday.
CONV00441,2,Leo,Mia,2026-09-21 12:22:00,I have prepared the access review.
CONV00441,3,Mia,Leo,2026-09-21 12:23:00,Please include the backup status in the report.
CONV00441,4,Leo,Mia,2026-09-21 12:24:00,"Done, I will share it with the team."
CONV00442,1,Ravi,Meera,2026-09-22 12:28:00,The application may be vulnerable to SQL injection.
CONV00442,2,Meera,Ravi,2026-09-22 12:29:00,"The security test also detected cross-site scripting, or XSS."
CONV00442,3,Ravi,Meera,2026-09-22 12:30:00,We should review the vulnerable query and injected script handling.
CONV00442,4,Meera,Ravi,2026-09-22 12:31:00,Log the findings and apply the approved fixes.
CONV00443,1,Nina,Omar,2026-09-23 12:35:00,Several failed login attempts appeared on the admin account.
CONV00443,2,Omar,Nina,2026-09-23 12:36:00,Could this be a brute force attempt? Check the logs.
CONV00443,3,Nina,Omar,2026-09-23 12:37:00,The account may be compromised; I also found unusual access.
CONV00443,4,Omar,Nina,2026-09-23 12:38:00,Escalate this to incident response and preserve the evidence.
CONV00444,1,Isha,Arun,2026-09-24 12:42:00,Did you enable multi-factor authentication?
CONV00444,2,Arun,Isha,2026-09-24 12:43:00,"Yes, MFA is enabled on my account."
CONV00444,3,Isha,Arun,2026-09-24 12:44:00,Thanks. The security patch is also available.
CONV00444,4,Arun,Isha,2026-09-24 12:45:00,I will install it today.
CONV00445,1,Isha,Arun,2026-09-25 12:49:00,Did you enable multi-factor authentication?
CONV00445,2,Arun,Isha,2026-09-25 12:50:00,"Yes, MFA is enabled on my account."
CONV00445,3,Isha,Arun,2026-09-25 12:51:00,Thanks. The security patch is also available.
CONV00445,4,Arun,Isha,2026-09-25 12:52:00,I will install it today.
CONV00446,1,Mia,Leo,2026-09-26 12:56:00,The security audit is scheduled for Friday.
CONV00446,2,Leo,Mia,2026-09-26 12:57:00,I have prepared the access review.
CONV00446,3,Mia,Leo,2026-09-26 12:58:00,Please include the backup status in the report.
CONV00446,4,Leo,Mia,2026-09-26 12:59:00,"Done, I will share it with the team."
CONV00447,1,Kai,Zoe,2026-09-27 13:03:00,The shared files are encrypted and there is a ransom note.
CONV00447,2,Zoe,Kai,2026-09-27 13:04:00,This may be ransomware. Disconnect the affected host.
CONV00447,3,Kai,Zoe,2026-09-27 13:05:00,We need to check backups and the scope of the data breach.
CONV00447,4,Zoe,Kai,2026-09-27 13:06:00,Notify the security team; do not pay or delete evidence.
CONV00448,1,Sam,Riya,2026-09-28 13:10:00,The incident response drill starts at ten.
CONV00448,2,Riya,Sam,2026-09-28 13:11:00,I have the checklist ready.
CONV00448,3,Sam,Riya,2026-09-28 13:12:00,Please verify the firewall rule too.
CONV00448,4,Riya,Sam,2026-09-28 13:13:00,The configuration looks correct.
CONV00449,1,Isha,Arun,2026-09-01 13:17:00,Did you enable multi-factor authentication?
CONV00449,2,Arun,Isha,2026-09-01 13:18:00,"Yes, MFA is enabled on my account."
CONV00449,3,Isha,Arun,2026-09-01 13:19:00,Thanks. The security patch is also available.
CONV00449,4,Arun,Isha,2026-09-01 13:20:00,I will install it today.
CONV00450,1,Maya,Ben,2026-09-02 13:24:00,The security alert says there was an unusual login.
CONV00450,2,Ben,Maya,2026-09-02 13:25:00,It may be a false alarm; MFA succeeded.
CONV00450,3,Maya,Ben,2026-09-02 13:26:00,"Still, there were repeated login attempts before it."
CONV00450,4,Ben,Maya,2026-09-02 13:27:00,Let's review the logs before deciding.
CONV00451,1,Mia,Leo,2026-09-03 13:31:00,The security audit is scheduled for Friday.
CONV00451,2,Leo,Mia,2026-09-03 13:32:00,I have prepared the access review.
CONV00451,3,Mia,Leo,2026-09-03 13:33:00,Please include the backup status in the report.
CONV00451,4,Leo,Mia,2026-09-03 13:34:00,"Done, I will share it with the team."
CONV00452,1,Alice,Bob,2026-09-04 13:38:00,I received a suspicious link asking me to verify your account.
CONV00452,2,Bob,Alice,2026-09-04 13:39:00,That could be a phishing link. Do not enter your login credentials.
CONV00452,3,Alice,Bob,2026-09-04 13:40:00,I already entered my password and now see an unauthorized login.
CONV00452,4,Bob,Alice,2026-09-04 13:41:00,"Change the password, enable MFA, and report the incident."
CONV00453,1,Alice,Bob,2026-09-05 13:45:00,I received a suspicious link asking me to verify your account.
CONV00453,2,Bob,Alice,2026-09-05 13:46:00,That could be a phishing link. Do not enter your login credentials.
CONV00453,3,Alice,Bob,2026-09-05 13:47:00,I already entered my password and now see an unauthorized login.
CONV00453,4,Bob,Alice,2026-09-05 13:48:00,"Change the password, enable MFA, and report the incident."
CONV00454,1,Eli,June,2026-09-06 13:52:00,A contractor may have accessed confidential data without authorization.
CONV00454,2,June,Eli,2026-09-06 13:53:00,That could indicate an insider threat or data exfiltration.
CONV00454,3,Eli,June,2026-09-06 13:54:00,The audit shows an unusual access pattern.
CONV00454,4,June,Eli,2026-09-06 13:55:00,Preserve logs and send the case for human review.
CONV00455,1,Isha,Arun,2026-09-07 13:59:00,Did you enable multi-factor authentication?
CONV00455,2,Arun,Isha,2026-09-07 14:00:00,"Yes, MFA is enabled on my account."
CONV00455,3,Isha,Arun,2026-09-07 14:01:00,Thanks. The security patch is also available.
CONV00455,4,Arun,Isha,2026-09-07 14:02:00,I will install it today.
CONV00456,1,Sam,Riya,2026-09-08 14:06:00,The incident response drill starts at ten.
CONV00456,2,Riya,Sam,2026-09-08 14:07:00,I have the checklist ready.
CONV00456,3,Sam,Riya,2026-09-08 14:08:00,Please verify the firewall rule too.
CONV00456,4,Riya,Sam,2026-09-08 14:09:00,The configuration looks correct.
CONV00457,1,Tara,Neil,2026-09-09 14:13:00,The antivirus flagged a suspicious attachment.
CONV00457,2,Neil,Tara,2026-09-09 14:14:00,It was part of our malware-awareness training.
CONV00457,3,Tara,Neil,2026-09-09 14:15:00,"Okay, the security team confirmed it was a test."
CONV00457,4,Neil,Tara,2026-09-09 14:16:00,I will document the result.
CONV00458,1,Ava,Noah,2026-09-10 14:20:00,Did the antivirus update finish?
CONV00458,2,Noah,Ava,2026-09-10 14:21:00,"Yes, the update completed this morning."
CONV00458,3,Ava,Noah,2026-09-10 14:22:00,"Great, please patch the server after lunch."
CONV00458,4,Noah,Ava,2026-09-10 14:23:00,I will confirm after the maintenance window.
CONV00459,1,Alice,Bob,2026-09-11 14:27:00,I received a suspicious link asking me to verify your account.
CONV00459,2,Bob,Alice,2026-09-11 14:28:00,That could be a phishing link. Do not enter your login credentials.
CONV00459,3,Alice,Bob,2026-09-11 14:29:00,I already entered my password and now see an unauthorized login.
CONV00459,4,Bob,Alice,2026-09-11 14:30:00,"Change the password, enable MFA, and report the incident."
CONV00460,1,Eli,June,2026-09-12 14:34:00,A contractor may have accessed confidential data without authorization.
CONV00460,2,June,Eli,2026-09-12 14:35:00,That could indicate an insider threat or data exfiltration.
CONV00460,3,Eli,June,2026-09-12 14:36:00,The audit shows an unusual access pattern.
CONV00460,4,June,Eli,2026-09-12 14:37:00,Preserve logs and send the case for human review.
CONV00461,1,Mia,Leo,2026-09-13 14:41:00,The security audit is scheduled for Friday.
CONV00461,2,Leo,Mia,2026-09-13 14:42:00,I have prepared the access review.
CONV00461,3,Mia,Leo,2026-09-13 14:43:00,Please include the backup status in the report.
CONV00461,4,Leo,Mia,2026-09-13 14:44:00,"Done, I will share it with the team."
CONV00462,1,Isha,Arun,2026-09-14 14:48:00,Did you enable multi-factor authentication?
CONV00462,2,Arun,Isha,2026-09-14 14:49:00,"Yes, MFA is enabled on my account."
CONV00462,3,Isha,Arun,2026-09-14 14:50:00,Thanks. The security patch is also available.
CONV00462,4,Arun,Isha,2026-09-14 14:51:00,I will install it today.
CONV00463,1,Eli,June,2026-09-15 14:55:00,A contractor may have accessed confidential data without authorization.
CONV00463,2,June,Eli,2026-09-15 14:56:00,That could indicate an insider threat or data exfiltration.
CONV00463,3,Eli,June,2026-09-15 14:57:00,The audit shows an unusual access pattern.
CONV00463,4,June,Eli,2026-09-15 14:58:00,Preserve logs and send the case for human review.
CONV00464,1,Mia,Leo,2026-09-16 15:02:00,The security audit is scheduled for Friday.
CONV00464,2,Leo,Mia,2026-09-16 15:03:00,I have prepared the access review.
CONV00464,3,Mia,Leo,2026-09-16 15:04:00,Please include the backup status in the report.
CONV00464,4,Leo,Mia,2026-09-16 15:05:00,"Done, I will share it with the team."
CONV00465,1,Kai,Zoe,2026-09-17 15:09:00,The shared files are encrypted and there is a ransom note.
CONV00465,2,Zoe,Kai,2026-09-17 15:10:00,This may be ransomware. Disconnect the affected host.
CONV00465,3,Kai,Zoe,2026-09-17 15:11:00,We need to check backups and the scope of the data breach.
CONV00465,4,Zoe,Kai,2026-09-17 15:12:00,Notify the security team; do not pay or delete evidence.
CONV00466,1,Dev,Priya,2026-09-18 15:16:00,A suspicious download was found on the workstation.
CONV00466,2,Priya,Dev,2026-09-18 15:17:00,The file may contain malware or a trojan.
CONV00466,3,Dev,Priya,2026-09-18 15:18:00,The endpoint alert also mentions a keylogger.
CONV00466,4,Priya,Dev,2026-09-18 15:19:00,Isolate the device and follow the incident response procedure.
CONV00467,1,Isha,Arun,2026-09-19 15:23:00,Did you enable multi-factor authentication?
CONV00467,2,Arun,Isha,2026-09-19 15:24:00,"Yes, MFA is enabled on my account."
CONV00467,3,Isha,Arun,2026-09-19 15:25:00,Thanks. The security patch is also available.
CONV00467,4,Arun,Isha,2026-09-19 15:26:00,I will install it today.
CONV00468,1,Alice,Bob,2026-09-20 15:30:00,I received a suspicious link asking me to verify your account.
CONV00468,2,Bob,Alice,2026-09-20 15:31:00,That could be a phishing link. Do not enter your login credentials.
CONV00468,3,Alice,Bob,2026-09-20 15:32:00,I already entered my password and now see an unauthorized login.
CONV00468,4,Bob,Alice,2026-09-20 15:33:00,"Change the password, enable MFA, and report the incident."
CONV00469,1,Maya,Ben,2026-09-21 15:37:00,The security alert says there was an unusual login.
CONV00469,2,Ben,Maya,2026-09-21 15:38:00,It may be a false alarm; MFA succeeded.
CONV00469,3,Maya,Ben,2026-09-21 15:39:00,"Still, there were repeated login attempts before it."
CONV00469,4,Ben,Maya,2026-09-21 15:40:00,Let's review the logs before deciding.
CONV00470,1,Tara,Neil,2026-09-22 15:44:00,The antivirus flagged a suspicious attachment.
CONV00470,2,Neil,Tara,2026-09-22 15:45:00,It was part of our malware-awareness training.
CONV00470,3,Tara,Neil,2026-09-22 15:46:00,"Okay, the security team confirmed it was a test."
CONV00470,4,Neil,Tara,2026-09-22 15:47:00,I will document the result.
CONV00471,1,Eli,June,2026-09-23 15:51:00,A contractor may have accessed confidential data without authorization.
CONV00471,2,June,Eli,2026-09-23 15:52:00,That could indicate an insider threat or data exfiltration.
CONV00471,3,Eli,June,2026-09-23 15:53:00,The audit shows an unusual access pattern.
CONV00471,4,June,Eli,2026-09-23 15:54:00,Preserve logs and send the case for human review.
CONV00472,1,Kai,Zoe,2026-09-24 15:58:00,The shared files are encrypted and there is a ransom note.
CONV00472,2,Zoe,Kai,2026-09-24 15:59:00,This may be ransomware. Disconnect the affected host.
CONV00472,3,Kai,Zoe,2026-09-24 16:00:00,We need to check backups and the scope of the data breach.
CONV00472,4,Zoe,Kai,2026-09-24 16:01:00,Notify the security team; do not pay or delete evidence.
CONV00473,1,Sam,Riya,2026-09-25 16:05:00,The incident response drill starts at ten.
CONV00473,2,Riya,Sam,2026-09-25 16:06:00,I have the checklist ready.
CONV00473,3,Sam,Riya,2026-09-25 16:07:00,Please verify the firewall rule too.
CONV00473,4,Riya,Sam,2026-09-25 16:08:00,The configuration looks correct.
CONV00474,1,Mia,Leo,2026-09-26 16:12:00,The security audit is scheduled for Friday.
CONV00474,2,Leo,Mia,2026-09-26 16:13:00,I have prepared the access review.
CONV00474,3,Mia,Leo,2026-09-26 16:14:00,Please include the backup status in the report.
CONV00474,4,Leo,Mia,2026-09-26 16:15:00,"Done, I will share it with the team."
CONV00475,1,Kai,Zoe,2026-09-27 16:19:00,The shared files are encrypted and there is a ransom note.
CONV00475,2,Zoe,Kai,2026-09-27 16:20:00,This may be ransomware. Disconnect the affected host.
CONV00475,3,Kai,Zoe,2026-09-27 16:21:00,We need to check backups and the scope of the data breach.
CONV00475,4,Zoe,Kai,2026-09-27 16:22:00,Notify the security team; do not pay or delete evidence.
CONV00476,1,Mia,Leo,2026-09-28 16:26:00,The security audit is scheduled for Friday.
CONV00476,2,Leo,Mia,2026-09-28 16:27:00,I have prepared the access review.
CONV00476,3,Mia,Leo,2026-09-28 16:28:00,Please include the backup status in the report.
CONV00476,4,Leo,Mia,2026-09-28 16:29:00,"Done, I will share it with the team."
CONV00477,1,Maya,Ben,2026-09-01 16:33:00,The security alert says there was an unusual login.
CONV00477,2,Ben,Maya,2026-09-01 16:34:00,It may be a false alarm; MFA succeeded.
CONV00477,3,Maya,Ben,2026-09-01 16:35:00,"Still, there were repeated login attempts before it."
CONV00477,4,Ben,Maya,2026-09-01 16:36:00,Let's review the logs before deciding.
CONV00478,1,Nina,Omar,2026-09-02 16:40:00,Several failed login attempts appeared on the admin account.
CONV00478,2,Omar,Nina,2026-09-02 16:41:00,Could this be a brute force attempt? Check the logs.
CONV00478,3,Nina,Omar,2026-09-02 16:42:00,The account may be compromised; I also found unusual access.
CONV00478,4,Omar,Nina,2026-09-02 16:43:00,Escalate this to incident response and preserve the evidence.
CONV00479,1,Maya,Ben,2026-09-03 16:47:00,The security alert says there was an unusual login.
CONV00479,2,Ben,Maya,2026-09-03 16:48:00,It may be a false alarm; MFA succeeded.
CONV00479,3,Maya,Ben,2026-09-03 16:49:00,"Still, there were repeated login attempts before it."
CONV00479,4,Ben,Maya,2026-09-03 16:50:00,Let's review the logs before deciding.
CONV00480,1,Mia,Leo,2026-09-04 16:54:00,The security audit is scheduled for Friday.
CONV00480,2,Leo,Mia,2026-09-04 16:55:00,I have prepared the access review.
CONV00480,3,Mia,Leo,2026-09-04 16:56:00,Please include the backup status in the report.
CONV00480,4,Leo,Mia,2026-09-04 16:57:00,"Done, I will share it with the team."
CONV00481,1,Sam,Riya,2026-09-05 17:01:00,The incident response drill starts at ten.
CONV00481,2,Riya,Sam,2026-09-05 17:02:00,I have the checklist ready.
CONV00481,3,Sam,Riya,2026-09-05 17:03:00,Please verify the firewall rule too.
CONV00481,4,Riya,Sam,2026-09-05 17:04:00,The configuration looks correct.
CONV00482,1,Tara,Neil,2026-09-06 17:08:00,The antivirus flagged a suspicious attachment.
CONV00482,2,Neil,Tara,2026-09-06 17:09:00,It was part of our malware-awareness training.
CONV00482,3,Tara,Neil,2026-09-06 17:10:00,"Okay, the security team confirmed it was a test."
CONV00482,4,Neil,Tara,2026-09-06 17:11:00,I will document the result.
CONV00483,1,Eli,June,2026-09-07 17:15:00,A contractor may have accessed confidential data without authorization.
CONV00483,2,June,Eli,2026-09-07 17:16:00,That could indicate an insider threat or data exfiltration.
CONV00483,3,Eli,June,2026-09-07 17:17:00,The audit shows an unusual access pattern.
CONV00483,4,June,Eli,2026-09-07 17:18:00,Preserve logs and send the case for human review.
CONV00484,1,Mia,Leo,2026-09-08 17:22:00,The security audit is scheduled for Friday.
CONV00484,2,Leo,Mia,2026-09-08 17:23:00,I have prepared the access review.
CONV00484,3,Mia,Leo,2026-09-08 17:24:00,Please include the backup status in the report.
CONV00484,4,Leo,Mia,2026-09-08 17:25:00,"Done, I will share it with the team."
CONV00485,1,Sam,Riya,2026-09-09 17:29:00,The incident response drill starts at ten.
CONV00485,2,Riya,Sam,2026-09-09 17:30:00,I have the checklist ready.
CONV00485,3,Sam,Riya,2026-09-09 17:31:00,Please verify the firewall rule too.
CONV00485,4,Riya,Sam,2026-09-09 17:32:00,The configuration looks correct.
CONV00486,1,Alice,Bob,2026-09-10 17:36:00,I received a suspicious link asking me to verify your account.
CONV00486,2,Bob,Alice,2026-09-10 17:37:00,That could be a phishing link. Do not enter your login credentials.
CONV00486,3,Alice,Bob,2026-09-10 17:38:00,I already entered my password and now see an unauthorized login.
CONV00486,4,Bob,Alice,2026-09-10 17:39:00,"Change the password, enable MFA, and report the incident."
CONV00487,1,Mia,Leo,2026-09-11 17:43:00,The security audit is scheduled for Friday.
CONV00487,2,Leo,Mia,2026-09-11 17:44:00,I have prepared the access review.
CONV00487,3,Mia,Leo,2026-09-11 17:45:00,Please include the backup status in the report.
CONV00487,4,Leo,Mia,2026-09-11 17:46:00,"Done, I will share it with the team."
CONV00488,1,Isha,Arun,2026-09-12 17:50:00,Did you enable multi-factor authentication?
CONV00488,2,Arun,Isha,2026-09-12 17:51:00,"Yes, MFA is enabled on my account."
CONV00488,3,Isha,Arun,2026-09-12 17:52:00,Thanks. The security patch is also available.
CONV00488,4,Arun,Isha,2026-09-12 17:53:00,I will install it today.
CONV00489,1,Maya,Ben,2026-09-13 17:57:00,The security alert says there was an unusual login.
CONV00489,2,Ben,Maya,2026-09-13 17:58:00,It may be a false alarm; MFA succeeded.
CONV00489,3,Maya,Ben,2026-09-13 17:59:00,"Still, there were repeated login attempts before it."
CONV00489,4,Ben,Maya,2026-09-13 18:00:00,Let's review the logs before deciding.
CONV00490,1,Kai,Zoe,2026-09-14 18:04:00,The shared files are encrypted and there is a ransom note.
CONV00490,2,Zoe,Kai,2026-09-14 18:05:00,This may be ransomware. Disconnect the affected host.
CONV00490,3,Kai,Zoe,2026-09-14 18:06:00,We need to check backups and the scope of the data breach.
CONV00490,4,Zoe,Kai,2026-09-14 18:07:00,Notify the security team; do not pay or delete evidence.
CONV00491,1,Ravi,Meera,2026-09-15 18:11:00,The application may be vulnerable to SQL injection.
CONV00491,2,Meera,Ravi,2026-09-15 18:12:00,"The security test also detected cross-site scripting, or XSS."
CONV00491,3,Ravi,Meera,2026-09-15 18:13:00,We should review the vulnerable query and injected script handling.
CONV00491,4,Meera,Ravi,2026-09-15 18:14:00,Log the findings and apply the approved fixes.
CONV00492,1,Isha,Arun,2026-09-16 18:18:00,Did you enable multi-factor authentication?
CONV00492,2,Arun,Isha,2026-09-16 18:19:00,"Yes, MFA is enabled on my account."
CONV00492,3,Isha,Arun,2026-09-16 18:20:00,Thanks. The security patch is also available.
CONV00492,4,Arun,Isha,2026-09-16 18:21:00,I will install it today.
CONV00493,1,Isha,Arun,2026-09-17 18:25:00,Did you enable multi-factor authentication?
CONV00493,2,Arun,Isha,2026-09-17 18:26:00,"Yes, MFA is enabled on my account."
CONV00493,3,Isha,Arun,2026-09-17 18:27:00,Thanks. The security patch is also available.
CONV00493,4,Arun,Isha,2026-09-17 18:28:00,I will install it today.
CONV00494,1,Tara,Neil,2026-09-18 18:32:00,The antivirus flagged a suspicious attachment.
CONV00494,2,Neil,Tara,2026-09-18 18:33:00,It was part of our malware-awareness training.
CONV00494,3,Tara,Neil,2026-09-18 18:34:00,"Okay, the security team confirmed it was a test."
CONV00494,4,Neil,Tara,2026-09-18 18:35:00,I will document the result.
CONV00495,1,Kai,Zoe,2026-09-19 18:39:00,The shared files are encrypted and there is a ransom note.
CONV00495,2,Zoe,Kai,2026-09-19 18:40:00,This may be ransomware. Disconnect the affected host.
CONV00495,3,Kai,Zoe,2026-09-19 18:41:00,We need to check backups and the scope of the data breach.
CONV00495,4,Zoe,Kai,2026-09-19 18:42:00,Notify the security team; do not pay or delete evidence.
CONV00496,1,Sam,Riya,2026-09-20 18:46:00,The incident response drill starts at ten.
CONV00496,2,Riya,Sam,2026-09-20 18:47:00,I have the checklist ready.
CONV00496,3,Sam,Riya,2026-09-20 18:48:00,Please verify the firewall rule too.
CONV00496,4,Riya,Sam,2026-09-20 18:49:00,The configuration looks correct.
CONV00497,1,Nina,Omar,2026-09-21 18:53:00,Several failed login attempts appeared on the admin account.
CONV00497,2,Omar,Nina,2026-09-21 18:54:00,Could this be a brute force attempt? Check the logs.
CONV00497,3,Nina,Omar,2026-09-21 18:55:00,The account may be compromised; I also found unusual access.
CONV00497,4,Omar,Nina,2026-09-21 18:56:00,Escalate this to incident response and preserve the evidence.
CONV00498,1,Eli,June,2026-09-22 19:00:00,A contractor may have accessed confidential data without authorization.
CONV00498,2,June,Eli,2026-09-22 19:01:00,That could indicate an insider threat or data exfiltration.
CONV00498,3,Eli,June,2026-09-22 19:02:00,The audit shows an unusual access pattern.
CONV00498,4,June,Eli,2026-09-22 19:03:00,Preserve logs and send the case for human review.
CONV00499,1,Nina,Omar,2026-09-23 19:07:00,Several failed login attempts appeared on the admin account.
CONV00499,2,Omar,Nina,2026-09-23 19:08:00,Could this be a brute force attempt? Check the logs.
CONV00499,3,Nina,Omar,2026-09-23 19:09:00,The account may be compromised; I also found unusual access.
CONV00499,4,Omar,Nina,2026-09-23 19:10:00,Escalate this to incident response and preserve the evidence.
CONV00500,1,Mia,Leo,2026-09-24 19:14:00,The security audit is scheduled for Friday.
CONV00500,2,Leo,Mia,2026-09-24 19:15:00,I have prepared the access review.
CONV00500,3,Mia,Leo,2026-09-24 19:16:00,Please include the backup status in the report.
CONV00500,4,Leo,Mia,2026-09-24 19:17:00,"Done, I will share it with the team."
CONV00501,1,Alice,Bob,2026-09-25 19:21:00,I received a suspicious link asking me to verify your account.
CONV00501,2,Bob,Alice,2026-09-25 19:22:00,That could be a phishing link. Do not enter your login credentials.
CONV00501,3,Alice,Bob,2026-09-25 19:23:00,I already entered my password and now see an unauthorized login.
CONV00501,4,Bob,Alice,2026-09-25 19:24:00,"Change the password, enable MFA, and report the incident."
CONV00502,1,Sam,Riya,2026-09-26 19:28:00,The incident response drill starts at ten.
CONV00502,2,Riya,Sam,2026-09-26 19:29:00,I have the checklist ready.
CONV00502,3,Sam,Riya,2026-09-26 19:30:00,Please verify the firewall rule too.
CONV00502,4,Riya,Sam,2026-09-26 19:31:00,The configuration looks correct.
CONV00503,1,Kai,Zoe,2026-09-27 19:35:00,The shared files are encrypted and there is a ransom note.
CONV00503,2,Zoe,Kai,2026-09-27 19:36:00,This may be ransomware. Disconnect the affected host.
CONV00503,3,Kai,Zoe,2026-09-27 19:37:00,We need to check backups and the scope of the data breach.
CONV00503,4,Zoe,Kai,2026-09-27 19:38:00,Notify the security team; do not pay or delete evidence.
CONV00504,1,Sam,Riya,2026-09-28 19:42:00,The incident response drill starts at ten.
CONV00504,2,Riya,Sam,2026-09-28 19:43:00,I have the checklist ready.
CONV00504,3,Sam,Riya,2026-09-28 19:44:00,Please verify the firewall rule too.
CONV00504,4,Riya,Sam,2026-09-28 19:45:00,The configuration looks correct.
CONV00505,1,Dev,Priya,2026-09-01 19:49:00,A suspicious download was found on the workstation.
CONV00505,2,Priya,Dev,2026-09-01 19:50:00,The file may contain malware or a trojan.
CONV00505,3,Dev,Priya,2026-09-01 19:51:00,The endpoint alert also mentions a keylogger.
CONV00505,4,Priya,Dev,2026-09-01 19:52:00,Isolate the device and follow the incident response procedure.
CONV00506,1,Mia,Leo,2026-09-02 19:56:00,The security audit is scheduled for Friday.
CONV00506,2,Leo,Mia,2026-09-02 19:57:00,I have prepared the access review.
CONV00506,3,Mia,Leo,2026-09-02 19:58:00,Please include the backup status in the report.
CONV00506,4,Leo,Mia,2026-09-02 19:59:00,"Done, I will share it with the team."
CONV00507,1,Mia,Leo,2026-09-03 20:03:00,The security audit is scheduled for Friday.
CONV00507,2,Leo,Mia,2026-09-03 20:04:00,I have prepared the access review.
CONV00507,3,Mia,Leo,2026-09-03 20:05:00,Please include the backup status in the report.
CONV00507,4,Leo,Mia,2026-09-03 20:06:00,"Done, I will share it with the team."
CONV00508,1,Eli,June,2026-09-04 20:10:00,A contractor may have accessed confidential data without authorization.
CONV00508,2,June,Eli,2026-09-04 20:11:00,That could indicate an insider threat or data exfiltration.
CONV00508,3,Eli,June,2026-09-04 20:12:00,The audit shows an unusual access pattern.
CONV00508,4,June,Eli,2026-09-04 20:13:00,Preserve logs and send the case for human review.
CONV00509,1,Ava,Noah,2026-09-05 20:17:00,Did the antivirus update finish?
CONV00509,2,Noah,Ava,2026-09-05 20:18:00,"Yes, the update completed this morning."
CONV00509,3,Ava,Noah,2026-09-05 20:19:00,"Great, please patch the server after lunch."
CONV00509,4,Noah,Ava,2026-09-05 20:20:00,I will confirm after the maintenance window.
CONV00510,1,Maya,Ben,2026-09-06 20:24:00,The security alert says there was an unusual login.
CONV00510,2,Ben,Maya,2026-09-06 20:25:00,It may be a false alarm; MFA succeeded.
CONV00510,3,Maya,Ben,2026-09-06 20:26:00,"Still, there were repeated login attempts before it."
CONV00510,4,Ben,Maya,2026-09-06 20:27:00,Let's review the logs before deciding.
CONV00511,1,Alice,Bob,2026-09-07 20:31:00,I received a suspicious link asking me to verify your account.
CONV00511,2,Bob,Alice,2026-09-07 20:32:00,That could be a phishing link. Do not enter your login credentials.
CONV00511,3,Alice,Bob,2026-09-07 20:33:00,I already entered my password and now see an unauthorized login.
CONV00511,4,Bob,Alice,2026-09-07 20:34:00,"Change the password, enable MFA, and report the incident."
CONV00512,1,Dev,Priya,2026-09-08 20:38:00,A suspicious download was found on the workstation.
CONV00512,2,Priya,Dev,2026-09-08 20:39:00,The file may contain malware or a trojan.
CONV00512,3,Dev,Priya,2026-09-08 20:40:00,The endpoint alert also mentions a keylogger.
CONV00512,4,Priya,Dev,2026-09-08 20:41:00,Isolate the device and follow the incident response procedure.
CONV00513,1,Mia,Leo,2026-09-09 20:45:00,The security audit is scheduled for Friday.
CONV00513,2,Leo,Mia,2026-09-09 20:46:00,I have prepared the access review.
CONV00513,3,Mia,Leo,2026-09-09 20:47:00,Please include the backup status in the report.
CONV00513,4,Leo,Mia,2026-09-09 20:48:00,"Done, I will share it with the team."
CONV00514,1,Sam,Riya,2026-09-10 20:52:00,The incident response drill starts at ten.
CONV00514,2,Riya,Sam,2026-09-10 20:53:00,I have the checklist ready.
CONV00514,3,Sam,Riya,2026-09-10 20:54:00,Please verify the firewall rule too.
CONV00514,4,Riya,Sam,2026-09-10 20:55:00,The configuration looks correct.
CONV00515,1,Ava,Noah,2026-09-11 20:59:00,Did the antivirus update finish?
CONV00515,2,Noah,Ava,2026-09-11 21:00:00,"Yes, the update completed this morning."
CONV00515,3,Ava,Noah,2026-09-11 21:01:00,"Great, please patch the server after lunch."
CONV00515,4,Noah,Ava,2026-09-11 21:02:00,I will confirm after the maintenance window.
CONV00516,1,Mia,Leo,2026-09-12 21:06:00,The security audit is scheduled for Friday.
CONV00516,2,Leo,Mia,2026-09-12 21:07:00,I have prepared the access review.
CONV00516,3,Mia,Leo,2026-09-12 21:08:00,Please include the backup status in the report.
CONV00516,4,Leo,Mia,2026-09-12 21:09:00,"Done, I will share it with the team."
CONV00517,1,Ravi,Meera,2026-09-13 21:13:00,The application may be vulnerable to SQL injection.
CONV00517,2,Meera,Ravi,2026-09-13 21:14:00,"The security test also detected cross-site scripting, or XSS."
CONV00517,3,Ravi,Meera,2026-09-13 21:15:00,We should review the vulnerable query and injected script handling.
CONV00517,4,Meera,Ravi,2026-09-13 21:16:00,Log the findings and apply the approved fixes.
CONV00518,1,Isha,Arun,2026-09-14 21:20:00,Did you enable multi-factor authentication?
CONV00518,2,Arun,Isha,2026-09-14 21:21:00,"Yes, MFA is enabled on my account."
CONV00518,3,Isha,Arun,2026-09-14 21:22:00,Thanks. The security patch is also available.
CONV00518,4,Arun,Isha,2026-09-14 21:23:00,I will install it today.
CONV00519,1,Sam,Riya,2026-09-15 21:27:00,The incident response drill starts at ten.
CONV00519,2,Riya,Sam,2026-09-15 21:28:00,I have the checklist ready.
CONV00519,3,Sam,Riya,2026-09-15 21:29:00,Please verify the firewall rule too.
CONV00519,4,Riya,Sam,2026-09-15 21:30:00,The configuration looks correct.
CONV00520,1,Dev,Priya,2026-09-16 21:34:00,A suspicious download was found on the workstation.
CONV00520,2,Priya,Dev,2026-09-16 21:35:00,The file may contain malware or a trojan.
CONV00520,3,Dev,Priya,2026-09-16 21:36:00,The endpoint alert also mentions a keylogger.
CONV00520,4,Priya,Dev,2026-09-16 21:37:00,Isolate the device and follow the incident response procedure.
CONV00521,1,Kai,Zoe,2026-09-17 21:41:00,The shared files are encrypted and there is a ransom note.
CONV00521,2,Zoe,Kai,2026-09-17 21:42:00,This may be ransomware. Disconnect the affected host.
CONV00521,3,Kai,Zoe,2026-09-17 21:43:00,We need to check backups and the scope of the data breach.
CONV00521,4,Zoe,Kai,2026-09-17 21:44:00,Notify the security team; do not pay or delete evidence.
CONV00522,1,Mia,Leo,2026-09-18 21:48:00,The security audit is scheduled for Friday.
CONV00522,2,Leo,Mia,2026-09-18 21:49:00,I have prepared the access review.
CONV00522,3,Mia,Leo,2026-09-18 21:50:00,Please include the backup status in the report.
CONV00522,4,Leo,Mia,2026-09-18 21:51:00,"Done, I will share it with the team."
CONV00523,1,Nina,Omar,2026-09-19 21:55:00,Several failed login attempts appeared on the admin account.
CONV00523,2,Omar,Nina,2026-09-19 21:56:00,Could this be a brute force attempt? Check the logs.
CONV00523,3,Nina,Omar,2026-09-19 21:57:00,The account may be compromised; I also found unusual access.
CONV00523,4,Omar,Nina,2026-09-19 21:58:00,Escalate this to incident response and preserve the evidence.
CONV00524,1,Ava,Noah,2026-09-20 22:02:00,Did the antivirus update finish?
CONV00524,2,Noah,Ava,2026-09-20 22:03:00,"Yes, the update completed this morning."
CONV00524,3,Ava,Noah,2026-09-20 22:04:00,"Great, please patch the server after lunch."
CONV00524,4,Noah,Ava,2026-09-20 22:05:00,I will confirm after the maintenance window.
CONV00525,1,Tara,Neil,2026-09-21 22:09:00,The antivirus flagged a suspicious attachment.
CONV00525,2,Neil,Tara,2026-09-21 22:10:00,It was part of our malware-awareness training.
CONV00525,3,Tara,Neil,2026-09-21 22:11:00,"Okay, the security team confirmed it was a test."
CONV00525,4,Neil,Tara,2026-09-21 22:12:00,I will document the result.
CONV00526,1,Isha,Arun,2026-09-22 22:16:00,Did you enable multi-factor authentication?
CONV00526,2,Arun,Isha,2026-09-22 22:17:00,"Yes, MFA is enabled on my account."
CONV00526,3,Isha,Arun,2026-09-22 22:18:00,Thanks. The security patch is also available.
CONV00526,4,Arun,Isha,2026-09-22 22:19:00,I will install it today.
CONV00527,1,Alice,Bob,2026-09-23 22:23:00,I received a suspicious link asking me to verify your account.
CONV00527,2,Bob,Alice,2026-09-23 22:24:00,That could be a phishing link. Do not enter your login credentials.
CONV00527,3,Alice,Bob,2026-09-23 22:25:00,I already entered my password and now see an unauthorized login.
CONV00527,4,Bob,Alice,2026-09-23 22:26:00,"Change the password, enable MFA, and report the incident."
CONV00528,1,Ravi,Meera,2026-09-24 22:30:00,The application may be vulnerable to SQL injection.
CONV00528,2,Meera,Ravi,2026-09-24 22:31:00,"The security test also detected cross-site scripting, or XSS."
CONV00528,3,Ravi,Meera,2026-09-24 22:32:00,We should review the vulnerable query and injected script handling.
CONV00528,4,Meera,Ravi,2026-09-24 22:33:00,Log the findings and apply the approved fixes.
CONV00529,1,Eli,June,2026-09-25 22:37:00,A contractor may have accessed confidential data without authorization.
CONV00529,2,June,Eli,2026-09-25 22:38:00,That could indicate an insider threat or data exfiltration.
CONV00529,3,Eli,June,2026-09-25 22:39:00,The audit shows an unusual access pattern.
CONV00529,4,June,Eli,2026-09-25 22:40:00,Preserve logs and send the case for human review.
CONV00530,1,Isha,Arun,2026-09-26 22:44:00,Did you enable multi-factor authentication?
CONV00530,2,Arun,Isha,2026-09-26 22:45:00,"Yes, MFA is enabled on my account."
CONV00530,3,Isha,Arun,2026-09-26 22:46:00,Thanks. The security patch is also available.
CONV00530,4,Arun,Isha,2026-09-26 22:47:00,I will install it today.
CONV00531,1,Mia,Leo,2026-09-27 22:51:00,The security audit is scheduled for Friday.
CONV00531,2,Leo,Mia,2026-09-27 22:52:00,I have prepared the access review.
CONV00531,3,Mia,Leo,2026-09-27 22:53:00,Please include the backup status in the report.
CONV00531,4,Leo,Mia,2026-09-27 22:54:00,"Done, I will share it with the team."
CONV00532,1,Dev,Priya,2026-09-28 22:58:00,A suspicious download was found on the workstation.
CONV00532,2,Priya,Dev,2026-09-28 22:59:00,The file may contain malware or a trojan.
CONV00532,3,Dev,Priya,2026-09-28 23:00:00,The endpoint alert also mentions a keylogger.
CONV00532,4,Priya,Dev,2026-09-28 23:01:00,Isolate the device and follow the incident response procedure.
CONV00533,1,Ava,Noah,2026-09-01 23:05:00,Did the antivirus update finish?
CONV00533,2,Noah,Ava,2026-09-01 23:06:00,"Yes, the update completed this morning."
CONV00533,3,Ava,Noah,2026-09-01 23:07:00,"Great, please patch the server after lunch."
CONV00533,4,Noah,Ava,2026-09-01 23:08:00,I will confirm after the maintenance window.
CONV00534,1,Eli,June,2026-09-02 23:12:00,A contractor may have accessed confidential data without authorization.
CONV00534,2,June,Eli,2026-09-02 23:13:00,That could indicate an insider threat or data exfiltration.
CONV00534,3,Eli,June,2026-09-02 23:14:00,The audit shows an unusual access pattern.
CONV00534,4,June,Eli,2026-09-02 23:15:00,Preserve logs and send the case for human review.
CONV00535,1,Maya,Ben,2026-09-03 23:19:00,The security alert says there was an unusual login.
CONV00535,2,Ben,Maya,2026-09-03 23:20:00,It may be a false alarm; MFA succeeded.
CONV00535,3,Maya,Ben,2026-09-03 23:21:00,"Still, there were repeated login attempts before it."
CONV00535,4,Ben,Maya,2026-09-03 23:22:00,Let's review the logs before deciding.
CONV00536,1,Ava,Noah,2026-09-04 23:26:00,Did the antivirus update finish?
CONV00536,2,Noah,Ava,2026-09-04 23:27:00,"Yes, the update completed this morning."
CONV00536,3,Ava,Noah,2026-09-04 23:28:00,"Great, please patch the server after lunch."
CONV00536,4,Noah,Ava,2026-09-04 23:29:00,I will confirm after the maintenance window.
CONV00537,1,Isha,Arun,2026-09-05 23:33:00,Did you enable multi-factor authentication?
CONV00537,2,Arun,Isha,2026-09-05 23:34:00,"Yes, MFA is enabled on my account."
CONV00537,3,Isha,Arun,2026-09-05 23:35:00,Thanks. The security patch is also available.
CONV00537,4,Arun,Isha,2026-09-05 23:36:00,I will install it today.
CONV00538,1,Isha,Arun,2026-09-06 23:40:00,Did you enable multi-factor authentication?
CONV00538,2,Arun,Isha,2026-09-06 23:41:00,"Yes, MFA is enabled on my account."
CONV00538,3,Isha,Arun,2026-09-06 23:42:00,Thanks. The security patch is also available.
CONV00538,4,Arun,Isha,2026-09-06 23:43:00,I will install it today.
CONV00539,1,Alice,Bob,2026-09-07 23:47:00,I received a suspicious link asking me to verify your account.
CONV00539,2,Bob,Alice,2026-09-07 23:48:00,That could be a phishing link. Do not enter your login credentials.
CONV00539,3,Alice,Bob,2026-09-07 23:49:00,I already entered my password and now see an unauthorized login.
CONV00539,4,Bob,Alice,2026-09-07 23:50:00,"Change the password, enable MFA, and report the incident."
CONV00540,1,Eli,June,2026-09-08 23:54:00,A contractor may have accessed confidential data without authorization.
CONV00540,2,June,Eli,2026-09-08 23:55:00,That could indicate an insider threat or data exfiltration.
CONV00540,3,Eli,June,2026-09-08 23:56:00,The audit shows an unusual access pattern.
CONV00540,4,June,Eli,2026-09-08 23:57:00,Preserve logs and send the case for human review.
CONV00541,1,Ava,Noah,2026-09-09 00:01:00,Did the antivirus update finish?
CONV00541,2,Noah,Ava,2026-09-09 00:02:00,"Yes, the update completed this morning."
CONV00541,3,Ava,Noah,2026-09-09 00:03:00,"Great, please patch the server after lunch."
CONV00541,4,Noah,Ava,2026-09-09 00:04:00,I will confirm after the maintenance window.
CONV00542,1,Isha,Arun,2026-09-10 00:08:00,Did you enable multi-factor authentication?
CONV00542,2,Arun,Isha,2026-09-10 00:09:00,"Yes, MFA is enabled on my account."
CONV00542,3,Isha,Arun,2026-09-10 00:10:00,Thanks. The security patch is also available.
CONV00542,4,Arun,Isha,2026-09-10 00:11:00,I will install it today.
CONV00543,1,Eli,June,2026-09-11 00:15:00,A contractor may have accessed confidential data without authorization.
CONV00543,2,June,Eli,2026-09-11 00:16:00,That could indicate an insider threat or data exfiltration.
CONV00543,3,Eli,June,2026-09-11 00:17:00,The audit shows an unusual access pattern.
CONV00543,4,June,Eli,2026-09-11 00:18:00,Preserve logs and send the case for human review.
CONV00544,1,Dev,Priya,2026-09-12 00:22:00,A suspicious download was found on the workstation.
CONV00544,2,Priya,Dev,2026-09-12 00:23:00,The file may contain malware or a trojan.
CONV00544,3,Dev,Priya,2026-09-12 00:24:00,The endpoint alert also mentions a keylogger.
CONV00544,4,Priya,Dev,2026-09-12 00:25:00,Isolate the device and follow the incident response procedure.
CONV00545,1,Alice,Bob,2026-09-13 00:29:00,I received a suspicious link asking me to verify your account.
CONV00545,2,Bob,Alice,2026-09-13 00:30:00,That could be a phishing link. Do not enter your login credentials.
CONV00545,3,Alice,Bob,2026-09-13 00:31:00,I already entered my password and now see an unauthorized login.
CONV00545,4,Bob,Alice,2026-09-13 00:32:00,"Change the password, enable MFA, and report the incident."
CONV00546,1,Eli,June,2026-09-14 00:36:00,A contractor may have accessed confidential data without authorization.
CONV00546,2,June,Eli,2026-09-14 00:37:00,That could indicate an insider threat or data exfiltration.
CONV00546,3,Eli,June,2026-09-14 00:38:00,The audit shows an unusual access pattern.
CONV00546,4,June,Eli,2026-09-14 00:39:00,Preserve logs and send the case for human review.
CONV00547,1,Alice,Bob,2026-09-15 00:43:00,I received a suspicious link asking me to verify your account.
CONV00547,2,Bob,Alice,2026-09-15 00:44:00,That could be a phishing link. Do not enter your login credentials.
CONV00547,3,Alice,Bob,2026-09-15 00:45:00,I already entered my password and now see an unauthorized login.
CONV00547,4,Bob,Alice,2026-09-15 00:46:00,"Change the password, enable MFA, and report the incident."
CONV00548,1,Nina,Omar,2026-09-16 00:50:00,Several failed login attempts appeared on the admin account.
CONV00548,2,Omar,Nina,2026-09-16 00:51:00,Could this be a brute force attempt? Check the logs.
CONV00548,3,Nina,Omar,2026-09-16 00:52:00,The account may be compromised; I also found unusual access.
CONV00548,4,Omar,Nina,2026-09-16 00:53:00,Escalate this to incident response and preserve the evidence.
CONV00549,1,Ava,Noah,2026-09-17 00:57:00,Did the antivirus update finish?
CONV00549,2,Noah,Ava,2026-09-17 00:58:00,"Yes, the update completed this morning."
CONV00549,3,Ava,Noah,2026-09-17 00:59:00,"Great, please patch the server after lunch."
CONV00549,4,Noah,Ava,2026-09-17 01:00:00,I will confirm after the maintenance window.
CONV00550,1,Alice,Bob,2026-09-18 01:04:00,I received a suspicious link asking me to verify your account.
CONV00550,2,Bob,Alice,2026-09-18 01:05:00,That could be a phishing link. Do not enter your login credentials.
CONV00550,3,Alice,Bob,2026-09-18 01:06:00,I already entered my password and now see an unauthorized login.
CONV00550,4,Bob,Alice,2026-09-18 01:07:00,"Change the password, enable MFA, and report the incident."
CONV00551,1,Kai,Zoe,2026-09-19 01:11:00,The shared files are encrypted and there is a ransom note.
CONV00551,2,Zoe,Kai,2026-09-19 01:12:00,This may be ransomware. Disconnect the affected host.
CONV00551,3,Kai,Zoe,2026-09-19 01:13:00,We need to check backups and the scope of the data breach.
CONV00551,4,Zoe,Kai,2026-09-19 01:14:00,Notify the security team; do not pay or delete evidence.
CONV00552,1,Kai,Zoe,2026-09-20 01:18:00,The shared files are encrypted and there is a ransom note.
CONV00552,2,Zoe,Kai,2026-09-20 01:19:00,This may be ransomware. Disconnect the affected host.
CONV00552,3,Kai,Zoe,2026-09-20 01:20:00,We need to check backups and the scope of the data breach.
CONV00552,4,Zoe,Kai,2026-09-20 01:21:00,Notify the security team; do not pay or delete evidence.
CONV00553,1,Mia,Leo,2026-09-21 01:25:00,The security audit is scheduled for Friday.
CONV00553,2,Leo,Mia,2026-09-21 01:26:00,I have prepared the access review.
CONV00553,3,Mia,Leo,2026-09-21 01:27:00,Please include the backup status in the report.
CONV00553,4,Leo,Mia,2026-09-21 01:28:00,"Done, I will share it with the team."
CONV00554,1,Ava,Noah,2026-09-22 01:32:00,Did the antivirus update finish?
CONV00554,2,Noah,Ava,2026-09-22 01:33:00,"Yes, the update completed this morning."
CONV00554,3,Ava,Noah,2026-09-22 01:34:00,"Great, please patch the server after lunch."
CONV00554,4,Noah,Ava,2026-09-22 01:35:00,I will confirm after the maintenance window.
CONV00555,1,Ava,Noah,2026-09-23 01:39:00,Did the antivirus update finish?
CONV00555,2,Noah,Ava,2026-09-23 01:40:00,"Yes, the update completed this morning."
CONV00555,3,Ava,Noah,2026-09-23 01:41:00,"Great, please patch the server after lunch."
CONV00555,4,Noah,Ava,2026-09-23 01:42:00,I will confirm after the maintenance window.
CONV00556,1,Nina,Omar,2026-09-24 01:46:00,Several failed login attempts appeared on the admin account.
CONV00556,2,Omar,Nina,2026-09-24 01:47:00,Could this be a brute force attempt? Check the logs.
CONV00556,3,Nina,Omar,2026-09-24 01:48:00,The account may be compromised; I also found unusual access.
CONV00556,4,Omar,Nina,2026-09-24 01:49:00,Escalate this to incident response and preserve the evidence.
CONV00557,1,Nina,Omar,2026-09-25 01:53:00,Several failed login attempts appeared on the admin account.
CONV00557,2,Omar,Nina,2026-09-25 01:54:00,Could this be a brute force attempt? Check the logs.
CONV00557,3,Nina,Omar,2026-09-25 01:55:00,The account may be compromised; I also found unusual access.
CONV00557,4,Omar,Nina,2026-09-25 01:56:00,Escalate this to incident response and preserve the evidence.
CONV00558,1,Ava,Noah,2026-09-26 02:00:00,Did the antivirus update finish?
CONV00558,2,Noah,Ava,2026-09-26 02:01:00,"Yes, the update completed this morning."
CONV00558,3,Ava,Noah,2026-09-26 02:02:00,"Great, please patch the server after lunch."
CONV00558,4,Noah,Ava,2026-09-26 02:03:00,I will confirm after the maintenance window.
CONV00559,1,Mia,Leo,2026-09-27 02:07:00,The security audit is scheduled for Friday.
CONV00559,2,Leo,Mia,2026-09-27 02:08:00,I have prepared the access review.
CONV00559,3,Mia,Leo,2026-09-27 02:09:00,Please include the backup status in the report.
CONV00559,4,Leo,Mia,2026-09-27 02:10:00,"Done, I will share it with the team."
CONV00560,1,Maya,Ben,2026-09-28 02:14:00,The security alert says there was an unusual login.
CONV00560,2,Ben,Maya,2026-09-28 02:15:00,It may be a false alarm; MFA succeeded.
CONV00560,3,Maya,Ben,2026-09-28 02:16:00,"Still, there were repeated login attempts before it."
CONV00560,4,Ben,Maya,2026-09-28 02:17:00,Let's review the logs before deciding.
CONV00561,1,Dev,Priya,2026-09-01 02:21:00,A suspicious download was found on the workstation.
CONV00561,2,Priya,Dev,2026-09-01 02:22:00,The file may contain malware or a trojan.
CONV00561,3,Dev,Priya,2026-09-01 02:23:00,The endpoint alert also mentions a keylogger.
CONV00561,4,Priya,Dev,2026-09-01 02:24:00,Isolate the device and follow the incident response procedure.
CONV00562,1,Tara,Neil,2026-09-02 02:28:00,The antivirus flagged a suspicious attachment.
CONV00562,2,Neil,Tara,2026-09-02 02:29:00,It was part of our malware-awareness training.
CONV00562,3,Tara,Neil,2026-09-02 02:30:00,"Okay, the security team confirmed it was a test."
CONV00562,4,Neil,Tara,2026-09-02 02:31:00,I will document the result.
CONV00563,1,Ravi,Meera,2026-09-03 02:35:00,The application may be vulnerable to SQL injection.
CONV00563,2,Meera,Ravi,2026-09-03 02:36:00,"The security test also detected cross-site scripting, or XSS."
CONV00563,3,Ravi,Meera,2026-09-03 02:37:00,We should review the vulnerable query and injected script handling.
CONV00563,4,Meera,Ravi,2026-09-03 02:38:00,Log the findings and apply the approved fixes.
CONV00564,1,Mia,Leo,2026-09-04 02:42:00,The security audit is scheduled for Friday.
CONV00564,2,Leo,Mia,2026-09-04 02:43:00,I have prepared the access review.
CONV00564,3,Mia,Leo,2026-09-04 02:44:00,Please include the backup status in the report.
CONV00564,4,Leo,Mia,2026-09-04 02:45:00,"Done, I will share it with the team."
CONV00565,1,Sam,Riya,2026-09-05 02:49:00,The incident response drill starts at ten.
CONV00565,2,Riya,Sam,2026-09-05 02:50:00,I have the checklist ready.
CONV00565,3,Sam,Riya,2026-09-05 02:51:00,Please verify the firewall rule too.
CONV00565,4,Riya,Sam,2026-09-05 02:52:00,The configuration looks correct.
CONV00566,1,Tara,Neil,2026-09-06 02:56:00,The antivirus flagged a suspicious attachment.
CONV00566,2,Neil,Tara,2026-09-06 02:57:00,It was part of our malware-awareness training.
CONV00566,3,Tara,Neil,2026-09-06 02:58:00,"Okay, the security team confirmed it was a test."
CONV00566,4,Neil,Tara,2026-09-06 02:59:00,I will document the result.
CONV00567,1,Maya,Ben,2026-09-07 03:03:00,The security alert says there was an unusual login.
CONV00567,2,Ben,Maya,2026-09-07 03:04:00,It may be a false alarm; MFA succeeded.
CONV00567,3,Maya,Ben,2026-09-07 03:05:00,"Still, there were repeated login attempts before it."
CONV00567,4,Ben,Maya,2026-09-07 03:06:00,Let's review the logs before deciding.
CONV00568,1,Mia,Leo,2026-09-08 03:10:00,The security audit is scheduled for Friday.
CONV00568,2,Leo,Mia,2026-09-08 03:11:00,I have prepared the access review.
CONV00568,3,Mia,Leo,2026-09-08 03:12:00,Please include the backup status in the report.
CONV00568,4,Leo,Mia,2026-09-08 03:13:00,"Done, I will share it with the team."
CONV00569,1,Alice,Bob,2026-09-09 03:17:00,I received a suspicious link asking me to verify your account.
CONV00569,2,Bob,Alice,2026-09-09 03:18:00,That could be a phishing link. Do not enter your login credentials.
CONV00569,3,Alice,Bob,2026-09-09 03:19:00,I already entered my password and now see an unauthorized login.
CONV00569,4,Bob,Alice,2026-09-09 03:20:00,"Change the password, enable MFA, and report the incident."
CONV00570,1,Ravi,Meera,2026-09-10 03:24:00,The application may be vulnerable to SQL injection.
CONV00570,2,Meera,Ravi,2026-09-10 03:25:00,"The security test also detected cross-site scripting, or XSS."
CONV00570,3,Ravi,Meera,2026-09-10 03:26:00,We should review the vulnerable query and injected script handling.
CONV00570,4,Meera,Ravi,2026-09-10 03:27:00,Log the findings and apply the approved fixes.
CONV00571,1,Isha,Arun,2026-09-11 03:31:00,Did you enable multi-factor authentication?
CONV00571,2,Arun,Isha,2026-09-11 03:32:00,"Yes, MFA is enabled on my account."
CONV00571,3,Isha,Arun,2026-09-11 03:33:00,Thanks. The security patch is also available.
CONV00571,4,Arun,Isha,2026-09-11 03:34:00,I will install it today.
CONV00572,1,Dev,Priya,2026-09-12 03:38:00,A suspicious download was found on the workstation.
CONV00572,2,Priya,Dev,2026-09-12 03:39:00,The file may contain malware or a trojan.
CONV00572,3,Dev,Priya,2026-09-12 03:40:00,The endpoint alert also mentions a keylogger.
CONV00572,4,Priya,Dev,2026-09-12 03:41:00,Isolate the device and follow the incident response procedure.
CONV00573,1,Mia,Leo,2026-09-13 03:45:00,The security audit is scheduled for Friday.
CONV00573,2,Leo,Mia,2026-09-13 03:46:00,I have prepared the access review.
CONV00573,3,Mia,Leo,2026-09-13 03:47:00,Please include the backup status in the report.
CONV00573,4,Leo,Mia,2026-09-13 03:48:00,"Done, I will share it with the team."
CONV00574,1,Mia,Leo,2026-09-14 03:52:00,The security audit is scheduled for Friday.
CONV00574,2,Leo,Mia,2026-09-14 03:53:00,I have prepared the access review.
CONV00574,3,Mia,Leo,2026-09-14 03:54:00,Please include the backup status in the report.
CONV00574,4,Leo,Mia,2026-09-14 03:55:00,"Done, I will share it with the team."
CONV00575,1,Kai,Zoe,2026-09-15 03:59:00,The shared files are encrypted and there is a ransom note.
CONV00575,2,Zoe,Kai,2026-09-15 04:00:00,This may be ransomware. Disconnect the affected host.
CONV00575,3,Kai,Zoe,2026-09-15 04:01:00,We need to check backups and the scope of the data breach.
CONV00575,4,Zoe,Kai,2026-09-15 04:02:00,Notify the security team; do not pay or delete evidence.
CONV00576,1,Tara,Neil,2026-09-16 04:06:00,The antivirus flagged a suspicious attachment.
CONV00576,2,Neil,Tara,2026-09-16 04:07:00,It was part of our malware-awareness training.
CONV00576,3,Tara,Neil,2026-09-16 04:08:00,"Okay, the security team confirmed it was a test."
CONV00576,4,Neil,Tara,2026-09-16 04:09:00,I will document the result.
CONV00577,1,Tara,Neil,2026-09-17 04:13:00,The antivirus flagged a suspicious attachment.
CONV00577,2,Neil,Tara,2026-09-17 04:14:00,It was part of our malware-awareness training.
CONV00577,3,Tara,Neil,2026-09-17 04:15:00,"Okay, the security team confirmed it was a test."
CONV00577,4,Neil,Tara,2026-09-17 04:16:00,I will document the result.
CONV00578,1,Tara,Neil,2026-09-18 04:20:00,The antivirus flagged a suspicious attachment.
CONV00578,2,Neil,Tara,2026-09-18 04:21:00,It was part of our malware-awareness training.
CONV00578,3,Tara,Neil,2026-09-18 04:22:00,"Okay, the security team confirmed it was a test."
CONV00578,4,Neil,Tara,2026-09-18 04:23:00,I will document the result.
CONV00579,1,Mia,Leo,2026-09-19 04:27:00,The security audit is scheduled for Friday.
CONV00579,2,Leo,Mia,2026-09-19 04:28:00,I have prepared the access review.
CONV00579,3,Mia,Leo,2026-09-19 04:29:00,Please include the backup status in the report.
CONV00579,4,Leo,Mia,2026-09-19 04:30:00,"Done, I will share it with the team."
CONV00580,1,Mia,Leo,2026-09-20 04:34:00,The security audit is scheduled for Friday.
CONV00580,2,Leo,Mia,2026-09-20 04:35:00,I have prepared the access review.
CONV00580,3,Mia,Leo,2026-09-20 04:36:00,Please include the backup status in the report.
CONV00580,4,Leo,Mia,2026-09-20 04:37:00,"Done, I will share it with the team."
CONV00581,1,Ava,Noah,2026-09-21 04:41:00,Did the antivirus update finish?
CONV00581,2,Noah,Ava,2026-09-21 04:42:00,"Yes, the update completed this morning."
CONV00581,3,Ava,Noah,2026-09-21 04:43:00,"Great, please patch the server after lunch."
CONV00581,4,Noah,Ava,2026-09-21 04:44:00,I will confirm after the maintenance window.
CONV00582,1,Isha,Arun,2026-09-22 04:48:00,Did you enable multi-factor authentication?
CONV00582,2,Arun,Isha,2026-09-22 04:49:00,"Yes, MFA is enabled on my account."
CONV00582,3,Isha,Arun,2026-09-22 04:50:00,Thanks. The security patch is also available.
CONV00582,4,Arun,Isha,2026-09-22 04:51:00,I will install it today.
CONV00583,1,Alice,Bob,2026-09-23 04:55:00,I received a suspicious link asking me to verify your account.
CONV00583,2,Bob,Alice,2026-09-23 04:56:00,That could be a phishing link. Do not enter your login credentials.
CONV00583,3,Alice,Bob,2026-09-23 04:57:00,I already entered my password and now see an unauthorized login.
CONV00583,4,Bob,Alice,2026-09-23 04:58:00,"Change the password, enable MFA, and report the incident."
CONV00584,1,Tara,Neil,2026-09-24 05:02:00,The antivirus flagged a suspicious attachment.
CONV00584,2,Neil,Tara,2026-09-24 05:03:00,It was part of our malware-awareness training.
CONV00584,3,Tara,Neil,2026-09-24 05:04:00,"Okay, the security team confirmed it was a test."
CONV00584,4,Neil,Tara,2026-09-24 05:05:00,I will document the result.
CONV00585,1,Dev,Priya,2026-09-25 05:09:00,A suspicious download was found on the workstation.
CONV00585,2,Priya,Dev,2026-09-25 05:10:00,The file may contain malware or a trojan.
CONV00585,3,Dev,Priya,2026-09-25 05:11:00,The endpoint alert also mentions a keylogger.
CONV00585,4,Priya,Dev,2026-09-25 05:12:00,Isolate the device and follow the incident response procedure.
CONV00586,1,Dev,Priya,2026-09-26 05:16:00,A suspicious download was found on the workstation.
CONV00586,2,Priya,Dev,2026-09-26 05:17:00,The file may contain malware or a trojan.
CONV00586,3,Dev,Priya,2026-09-26 05:18:00,The endpoint alert also mentions a keylogger.
CONV00586,4,Priya,Dev,2026-09-26 05:19:00,Isolate the device and follow the incident response procedure.
CONV00587,1,Sam,Riya,2026-09-27 05:23:00,The incident response drill starts at ten.
CONV00587,2,Riya,Sam,2026-09-27 05:24:00,I have the checklist ready.
CONV00587,3,Sam,Riya,2026-09-27 05:25:00,Please verify the firewall rule too.
CONV00587,4,Riya,Sam,2026-09-27 05:26:00,The configuration looks correct.
CONV00588,1,Maya,Ben,2026-09-28 05:30:00,The security alert says there was an unusual login.
CONV00588,2,Ben,Maya,2026-09-28 05:31:00,It may be a false alarm; MFA succeeded.
CONV00588,3,Maya,Ben,2026-09-28 05:32:00,"Still, there were repeated login attempts before it."
CONV00588,4,Ben,Maya,2026-09-28 05:33:00,Let's review the logs before deciding.
CONV00589,1,Sam,Riya,2026-09-01 05:37:00,The incident response drill starts at ten.
CONV00589,2,Riya,Sam,2026-09-01 05:38:00,I have the checklist ready.
CONV00589,3,Sam,Riya,2026-09-01 05:39:00,Please verify the firewall rule too.
CONV00589,4,Riya,Sam,2026-09-01 05:40:00,The configuration looks correct.
CONV00590,1,Ava,Noah,2026-09-02 05:44:00,Did the antivirus update finish?
CONV00590,2,Noah,Ava,2026-09-02 05:45:00,"Yes, the update completed this morning."
CONV00590,3,Ava,Noah,2026-09-02 05:46:00,"Great, please patch the server after lunch."
CONV00590,4,Noah,Ava,2026-09-02 05:47:00,I will confirm after the maintenance window.
CONV00591,1,Ravi,Meera,2026-09-03 05:51:00,The application may be vulnerable to SQL injection.
CONV00591,2,Meera,Ravi,2026-09-03 05:52:00,"The security test also detected cross-site scripting, or XSS."
CONV00591,3,Ravi,Meera,2026-09-03 05:53:00,We should review the vulnerable query and injected script handling.
CONV00591,4,Meera,Ravi,2026-09-03 05:54:00,Log the findings and apply the approved fixes.
CONV00592,1,Sam,Riya,2026-09-04 05:58:00,The incident response drill starts at ten.
CONV00592,2,Riya,Sam,2026-09-04 05:59:00,I have the checklist ready.
CONV00592,3,Sam,Riya,2026-09-04 06:00:00,Please verify the firewall rule too.
CONV00592,4,Riya,Sam,2026-09-04 06:01:00,The configuration looks correct.
CONV00593,1,Mia,Leo,2026-09-05 06:05:00,The security audit is scheduled for Friday.
CONV00593,2,Leo,Mia,2026-09-05 06:06:00,I have prepared the access review.
CONV00593,3,Mia,Leo,2026-09-05 06:07:00,Please include the backup status in the report.
CONV00593,4,Leo,Mia,2026-09-05 06:08:00,"Done, I will share it with the team."
CONV00594,1,Sam,Riya,2026-09-06 06:12:00,The incident response drill starts at ten.
CONV00594,2,Riya,Sam,2026-09-06 06:13:00,I have the checklist ready.
CONV00594,3,Sam,Riya,2026-09-06 06:14:00,Please verify the firewall rule too.
CONV00594,4,Riya,Sam,2026-09-06 06:15:00,The configuration looks correct.
CONV00595,1,Kai,Zoe,2026-09-07 06:19:00,The shared files are encrypted and there is a ransom note.
CONV00595,2,Zoe,Kai,2026-09-07 06:20:00,This may be ransomware. Disconnect the affected host.
CONV00595,3,Kai,Zoe,2026-09-07 06:21:00,We need to check backups and the scope of the data breach.
CONV00595,4,Zoe,Kai,2026-09-07 06:22:00,Notify the security team; do not pay or delete evidence.
CONV00596,1,Dev,Priya,2026-09-08 06:26:00,A suspicious download was found on the workstation.
CONV00596,2,Priya,Dev,2026-09-08 06:27:00,The file may contain malware or a trojan.
CONV00596,3,Dev,Priya,2026-09-08 06:28:00,The endpoint alert also mentions a keylogger.
CONV00596,4,Priya,Dev,2026-09-08 06:29:00,Isolate the device and follow the incident response procedure.
CONV00597,1,Dev,Priya,2026-09-09 06:33:00,A suspicious download was found on the workstation.
CONV00597,2,Priya,Dev,2026-09-09 06:34:00,The file may contain malware or a trojan.
CONV00597,3,Dev,Priya,2026-09-09 06:35:00,The endpoint alert also mentions a keylogger.
CONV00597,4,Priya,Dev,2026-09-09 06:36:00,Isolate the device and follow the incident response procedure.
CONV00598,1,Nina,Omar,2026-09-10 06:40:00,Several failed login attempts appeared on the admin account.
CONV00598,2,Omar,Nina,2026-09-10 06:41:00,Could this be a brute force attempt? Check the logs.
CONV00598,3,Nina,Omar,2026-09-10 06:42:00,The account may be compromised; I also found unusual access.
CONV00598,4,Omar,Nina,2026-09-10 06:43:00,Escalate this to incident response and preserve the evidence.
CONV00599,1,Tara,Neil,2026-09-11 06:47:00,The antivirus flagged a suspicious attachment.
CONV00599,2,Neil,Tara,2026-09-11 06:48:00,It was part of our malware-awareness training.
CONV00599,3,Tara,Neil,2026-09-11 06:49:00,"Okay, the security team confirmed it was a test."
CONV00599,4,Neil,Tara,2026-09-11 06:50:00,I will document the result.
CONV00600,1,Sam,Riya,2026-09-12 06:54:00,The incident response drill starts at ten.
CONV00600,2,Riya,Sam,2026-09-12 06:55:00,I have the checklist ready.
CONV00600,3,Sam,Riya,2026-09-12 06:56:00,Please verify the firewall rule too.
CONV00600,4,Riya,Sam,2026-09-12 06:57:00,The configuration looks correct.
CONV00601,1,Kai,Zoe,2026-09-13 07:01:00,The shared files are encrypted and there is a ransom note.
CONV00601,2,Zoe,Kai,2026-09-13 07:02:00,This may be ransomware. Disconnect the affected host.
CONV00601,3,Kai,Zoe,2026-09-13 07:03:00,We need to check backups and the scope of the data breach.
CONV00601,4,Zoe,Kai,2026-09-13 07:04:00,Notify the security team; do not pay or delete evidence.
CONV00602,1,Kai,Zoe,2026-09-14 07:08:00,The shared files are encrypted and there is a ransom note.
CONV00602,2,Zoe,Kai,2026-09-14 07:09:00,This may be ransomware. Disconnect the affected host.
CONV00602,3,Kai,Zoe,2026-09-14 07:10:00,We need to check backups and the scope of the data breach.
CONV00602,4,Zoe,Kai,2026-09-14 07:11:00,Notify the security team; do not pay or delete evidence.
CONV00603,1,Mia,Leo,2026-09-15 07:15:00,The security audit is scheduled for Friday.
CONV00603,2,Leo,Mia,2026-09-15 07:16:00,I have prepared the access review.
CONV00603,3,Mia,Leo,2026-09-15 07:17:00,Please include the backup status in the report.
CONV00603,4,Leo,Mia,2026-09-15 07:18:00,"Done, I will share it with the team."
CONV00604,1,Nina,Omar,2026-09-16 07:22:00,Several failed login attempts appeared on the admin account.
CONV00604,2,Omar,Nina,2026-09-16 07:23:00,Could this be a brute force attempt? Check the logs.
CONV00604,3,Nina,Omar,2026-09-16 07:24:00,The account may be compromised; I also found unusual access.
CONV00604,4,Omar,Nina,2026-09-16 07:25:00,Escalate this to incident response and preserve the evidence.
CONV00605,1,Ava,Noah,2026-09-17 07:29:00,Did the antivirus update finish?
CONV00605,2,Noah,Ava,2026-09-17 07:30:00,"Yes, the update completed this morning."
CONV00605,3,Ava,Noah,2026-09-17 07:31:00,"Great, please patch the server after lunch."
CONV00605,4,Noah,Ava,2026-09-17 07:32:00,I will confirm after the maintenance window.
CONV00606,1,Tara,Neil,2026-09-18 07:36:00,The antivirus flagged a suspicious attachment.
CONV00606,2,Neil,Tara,2026-09-18 07:37:00,It was part of our malware-awareness training.
CONV00606,3,Tara,Neil,2026-09-18 07:38:00,"Okay, the security team confirmed it was a test."
CONV00606,4,Neil,Tara,2026-09-18 07:39:00,I will document the result.
CONV00607,1,Maya,Ben,2026-09-19 07:43:00,The security alert says there was an unusual login.
CONV00607,2,Ben,Maya,2026-09-19 07:44:00,It may be a false alarm; MFA succeeded.
CONV00607,3,Maya,Ben,2026-09-19 07:45:00,"Still, there were repeated login attempts before it."
CONV00607,4,Ben,Maya,2026-09-19 07:46:00,Let's review the logs before deciding.
CONV00608,1,Ava,Noah,2026-09-20 07:50:00,Did the antivirus update finish?
CONV00608,2,Noah,Ava,2026-09-20 07:51:00,"Yes, the update completed this morning."
CONV00608,3,Ava,Noah,2026-09-20 07:52:00,"Great, please patch the server after lunch."
CONV00608,4,Noah,Ava,2026-09-20 07:53:00,I will confirm after the maintenance window.
CONV00609,1,Alice,Bob,2026-09-21 07:57:00,I received a suspicious link asking me to verify your account.
CONV00609,2,Bob,Alice,2026-09-21 07:58:00,That could be a phishing link. Do not enter your login credentials.
CONV00609,3,Alice,Bob,2026-09-21 07:59:00,I already entered my password and now see an unauthorized login.
CONV00609,4,Bob,Alice,2026-09-21 08:00:00,"Change the password, enable MFA, and report the incident."
CONV00610,1,Dev,Priya,2026-09-22 08:04:00,A suspicious download was found on the workstation.
CONV00610,2,Priya,Dev,2026-09-22 08:05:00,The file may contain malware or a trojan.
CONV00610,3,Dev,Priya,2026-09-22 08:06:00,The endpoint alert also mentions a keylogger.
CONV00610,4,Priya,Dev,2026-09-22 08:07:00,Isolate the device and follow the incident response procedure.
CONV00611,1,Alice,Bob,2026-09-23 08:11:00,I received a suspicious link asking me to verify your account.
CONV00611,2,Bob,Alice,2026-09-23 08:12:00,That could be a phishing link. Do not enter your login credentials.
CONV00611,3,Alice,Bob,2026-09-23 08:13:00,I already entered my password and now see an unauthorized login.
CONV00611,4,Bob,Alice,2026-09-23 08:14:00,"Change the password, enable MFA, and report the incident."
CONV00612,1,Nina,Omar,2026-09-24 08:18:00,Several failed login attempts appeared on the admin account.
CONV00612,2,Omar,Nina,2026-09-24 08:19:00,Could this be a brute force attempt? Check the logs.
CONV00612,3,Nina,Omar,2026-09-24 08:20:00,The account may be compromised; I also found unusual access.
CONV00612,4,Omar,Nina,2026-09-24 08:21:00,Escalate this to incident response and preserve the evidence.
CONV00613,1,Maya,Ben,2026-09-25 08:25:00,The security alert says there was an unusual login.
CONV00613,2,Ben,Maya,2026-09-25 08:26:00,It may be a false alarm; MFA succeeded.
CONV00613,3,Maya,Ben,2026-09-25 08:27:00,"Still, there were repeated login attempts before it."
CONV00613,4,Ben,Maya,2026-09-25 08:28:00,Let's review the logs before deciding.
CONV00614,1,Nina,Omar,2026-09-26 08:32:00,Several failed login attempts appeared on the admin account.
CONV00614,2,Omar,Nina,2026-09-26 08:33:00,Could this be a brute force attempt? Check the logs.
CONV00614,3,Nina,Omar,2026-09-26 08:34:00,The account may be compromised; I also found unusual access.
CONV00614,4,Omar,Nina,2026-09-26 08:35:00,Escalate this to incident response and preserve the evidence.
CONV00615,1,Mia,Leo,2026-09-27 08:39:00,The security audit is scheduled for Friday.
CONV00615,2,Leo,Mia,2026-09-27 08:40:00,I have prepared the access review.
CONV00615,3,Mia,Leo,2026-09-27 08:41:00,Please include the backup status in the report.
CONV00615,4,Leo,Mia,2026-09-27 08:42:00,"Done, I will share it with the team."
CONV00616,1,Ravi,Meera,2026-09-28 08:46:00,The application may be vulnerable to SQL injection.
CONV00616,2,Meera,Ravi,2026-09-28 08:47:00,"The security test also detected cross-site scripting, or XSS."
CONV00616,3,Ravi,Meera,2026-09-28 08:48:00,We should review the vulnerable query and injected script handling.
CONV00616,4,Meera,Ravi,2026-09-28 08:49:00,Log the findings and apply the approved fixes.
CONV00617,1,Ravi,Meera,2026-09-01 08:53:00,The application may be vulnerable to SQL injection.
CONV00617,2,Meera,Ravi,2026-09-01 08:54:00,"The security test also detected cross-site scripting, or XSS."
CONV00617,3,Ravi,Meera,2026-09-01 08:55:00,We should review the vulnerable query and injected script handling.
CONV00617,4,Meera,Ravi,2026-09-01 08:56:00,Log the findings and apply the approved fixes.
CONV00618,1,Ava,Noah,2026-09-02 09:00:00,Did the antivirus update finish?
CONV00618,2,Noah,Ava,2026-09-02 09:01:00,"Yes, the update completed this morning."
CONV00618,3,Ava,Noah,2026-09-02 09:02:00,"Great, please patch the server after lunch."
CONV00618,4,Noah,Ava,2026-09-02 09:03:00,I will confirm after the maintenance window.
CONV00619,1,Ava,Noah,2026-09-03 09:07:00,Did the antivirus update finish?
CONV00619,2,Noah,Ava,2026-09-03 09:08:00,"Yes, the update completed this morning."
CONV00619,3,Ava,Noah,2026-09-03 09:09:00,"Great, please patch the server after lunch."
CONV00619,4,Noah,Ava,2026-09-03 09:10:00,I will confirm after the maintenance window.
CONV00620,1,Kai,Zoe,2026-09-04 09:14:00,The shared files are encrypted and there is a ransom note.
CONV00620,2,Zoe,Kai,2026-09-04 09:15:00,This may be ransomware. Disconnect the affected host.
CONV00620,3,Kai,Zoe,2026-09-04 09:16:00,We need to check backups and the scope of the data breach.
CONV00620,4,Zoe,Kai,2026-09-04 09:17:00,Notify the security team; do not pay or delete evidence.
CONV00621,1,Nina,Omar,2026-09-05 09:21:00,Several failed login attempts appeared on the admin account.
CONV00621,2,Omar,Nina,2026-09-05 09:22:00,Could this be a brute force attempt? Check the logs.
CONV00621,3,Nina,Omar,2026-09-05 09:23:00,The account may be compromised; I also found unusual access.
CONV00621,4,Omar,Nina,2026-09-05 09:24:00,Escalate this to incident response and preserve the evidence.
CONV00622,1,Ravi,Meera,2026-09-06 09:28:00,The application may be vulnerable to SQL injection.
CONV00622,2,Meera,Ravi,2026-09-06 09:29:00,"The security test also detected cross-site scripting, or XSS."
CONV00622,3,Ravi,Meera,2026-09-06 09:30:00,We should review the vulnerable query and injected script handling.
CONV00622,4,Meera,Ravi,2026-09-06 09:31:00,Log the findings and apply the approved fixes.
CONV00623,1,Sam,Riya,2026-09-07 09:35:00,The incident response drill starts at ten.
CONV00623,2,Riya,Sam,2026-09-07 09:36:00,I have the checklist ready.
CONV00623,3,Sam,Riya,2026-09-07 09:37:00,Please verify the firewall rule too.
CONV00623,4,Riya,Sam,2026-09-07 09:38:00,The configuration looks correct.
CONV00624,1,Sam,Riya,2026-09-08 09:42:00,The incident response drill starts at ten.
CONV00624,2,Riya,Sam,2026-09-08 09:43:00,I have the checklist ready.
CONV00624,3,Sam,Riya,2026-09-08 09:44:00,Please verify the firewall rule too.
CONV00624,4,Riya,Sam,2026-09-08 09:45:00,The configuration looks correct.
CONV00625,1,Alice,Bob,2026-09-09 09:49:00,I received a suspicious link asking me to verify your account.
CONV00625,2,Bob,Alice,2026-09-09 09:50:00,That could be a phishing link. Do not enter your login credentials.
CONV00625,3,Alice,Bob,2026-09-09 09:51:00,I already entered my password and now see an unauthorized login.
CONV00625,4,Bob,Alice,2026-09-09 09:52:00,"Change the password, enable MFA, and report the incident."
CONV00626,1,Nina,Omar,2026-09-10 09:56:00,Several failed login attempts appeared on the admin account.
CONV00626,2,Omar,Nina,2026-09-10 09:57:00,Could this be a brute force attempt? Check the logs.
CONV00626,3,Nina,Omar,2026-09-10 09:58:00,The account may be compromised; I also found unusual access.
CONV00626,4,Omar,Nina,2026-09-10 09:59:00,Escalate this to incident response and preserve the evidence.
CONV00627,1,Tara,Neil,2026-09-11 10:03:00,The antivirus flagged a suspicious attachment.
CONV00627,2,Neil,Tara,2026-09-11 10:04:00,It was part of our malware-awareness training.
CONV00627,3,Tara,Neil,2026-09-11 10:05:00,"Okay, the security team confirmed it was a test."
CONV00627,4,Neil,Tara,2026-09-11 10:06:00,I will document the result.
CONV00628,1,Alice,Bob,2026-09-12 10:10:00,I received a suspicious link asking me to verify your account.
CONV00628,2,Bob,Alice,2026-09-12 10:11:00,That could be a phishing link. Do not enter your login credentials.
CONV00628,3,Alice,Bob,2026-09-12 10:12:00,I already entered my password and now see an unauthorized login.
CONV00628,4,Bob,Alice,2026-09-12 10:13:00,"Change the password, enable MFA, and report the incident."
CONV00629,1,Nina,Omar,2026-09-13 10:17:00,Several failed login attempts appeared on the admin account.
CONV00629,2,Omar,Nina,2026-09-13 10:18:00,Could this be a brute force attempt? Check the logs.
CONV00629,3,Nina,Omar,2026-09-13 10:19:00,The account may be compromised; I also found unusual access.
CONV00629,4,Omar,Nina,2026-09-13 10:20:00,Escalate this to incident response and preserve the evidence.
CONV00630,1,Nina,Omar,2026-09-14 10:24:00,Several failed login attempts appeared on the admin account.
CONV00630,2,Omar,Nina,2026-09-14 10:25:00,Could this be a brute force attempt? Check the logs.
CONV00630,3,Nina,Omar,2026-09-14 10:26:00,The account may be compromised; I also found unusual access.
CONV00630,4,Omar,Nina,2026-09-14 10:27:00,Escalate this to incident response and preserve the evidence.
CONV00631,1,Kai,Zoe,2026-09-15 10:31:00,The shared files are encrypted and there is a ransom note.
CONV00631,2,Zoe,Kai,2026-09-15 10:32:00,This may be ransomware. Disconnect the affected host.
CONV00631,3,Kai,Zoe,2026-09-15 10:33:00,We need to check backups and the scope of the data breach.
CONV00631,4,Zoe,Kai,2026-09-15 10:34:00,Notify the security team; do not pay or delete evidence.
CONV00632,1,Isha,Arun,2026-09-16 10:38:00,Did you enable multi-factor authentication?
CONV00632,2,Arun,Isha,2026-09-16 10:39:00,"Yes, MFA is enabled on my account."
CONV00632,3,Isha,Arun,2026-09-16 10:40:00,Thanks. The security patch is also available.
CONV00632,4,Arun,Isha,2026-09-16 10:41:00,I will install it today.
CONV00633,1,Ravi,Meera,2026-09-17 10:45:00,The application may be vulnerable to SQL injection.
CONV00633,2,Meera,Ravi,2026-09-17 10:46:00,"The security test also detected cross-site scripting, or XSS."
CONV00633,3,Ravi,Meera,2026-09-17 10:47:00,We should review the vulnerable query and injected script handling.
CONV00633,4,Meera,Ravi,2026-09-17 10:48:00,Log the findings and apply the approved fixes.
CONV00634,1,Sam,Riya,2026-09-18 10:52:00,The incident response drill starts at ten.
CONV00634,2,Riya,Sam,2026-09-18 10:53:00,I have the checklist ready.
CONV00634,3,Sam,Riya,2026-09-18 10:54:00,Please verify the firewall rule too.
CONV00634,4,Riya,Sam,2026-09-18 10:55:00,The configuration looks correct.
CONV00635,1,Sam,Riya,2026-09-19 10:59:00,The incident response drill starts at ten.
CONV00635,2,Riya,Sam,2026-09-19 11:00:00,I have the checklist ready.
CONV00635,3,Sam,Riya,2026-09-19 11:01:00,Please verify the firewall rule too.
CONV00635,4,Riya,Sam,2026-09-19 11:02:00,The configuration looks correct.
CONV00636,1,Alice,Bob,2026-09-20 11:06:00,I received a suspicious link asking me to verify your account.
CONV00636,2,Bob,Alice,2026-09-20 11:07:00,That could be a phishing link. Do not enter your login credentials.
CONV00636,3,Alice,Bob,2026-09-20 11:08:00,I already entered my password and now see an unauthorized login.
CONV00636,4,Bob,Alice,2026-09-20 11:09:00,"Change the password, enable MFA, and report the incident."
CONV00637,1,Ravi,Meera,2026-09-21 11:13:00,The application may be vulnerable to SQL injection.
CONV00637,2,Meera,Ravi,2026-09-21 11:14:00,"The security test also detected cross-site scripting, or XSS."
CONV00637,3,Ravi,Meera,2026-09-21 11:15:00,We should review the vulnerable query and injected script handling.
CONV00637,4,Meera,Ravi,2026-09-21 11:16:00,Log the findings and apply the approved fixes.
CONV00638,1,Alice,Bob,2026-09-22 11:20:00,I received a suspicious link asking me to verify your account.
CONV00638,2,Bob,Alice,2026-09-22 11:21:00,That could be a phishing link. Do not enter your login credentials.
CONV00638,3,Alice,Bob,2026-09-22 11:22:00,I already entered my password and now see an unauthorized login.
CONV00638,4,Bob,Alice,2026-09-22 11:23:00,"Change the password, enable MFA, and report the incident."
CONV00639,1,Sam,Riya,2026-09-23 11:27:00,The incident response drill starts at ten.
CONV00639,2,Riya,Sam,2026-09-23 11:28:00,I have the checklist ready.
CONV00639,3,Sam,Riya,2026-09-23 11:29:00,Please verify the firewall rule too.
CONV00639,4,Riya,Sam,2026-09-23 11:30:00,The configuration looks correct.
CONV00640,1,Isha,Arun,2026-09-24 11:34:00,Did you enable multi-factor authentication?
CONV00640,2,Arun,Isha,2026-09-24 11:35:00,"Yes, MFA is enabled on my account."
CONV00640,3,Isha,Arun,2026-09-24 11:36:00,Thanks. The security patch is also available.
CONV00640,4,Arun,Isha,2026-09-24 11:37:00,I will install it today.
CONV00641,1,Sam,Riya,2026-09-25 11:41:00,The incident response drill starts at ten.
CONV00641,2,Riya,Sam,2026-09-25 11:42:00,I have the checklist ready.
CONV00641,3,Sam,Riya,2026-09-25 11:43:00,Please verify the firewall rule too.
CONV00641,4,Riya,Sam,2026-09-25 11:44:00,The configuration looks correct.
CONV00642,1,Kai,Zoe,2026-09-26 11:48:00,The shared files are encrypted and there is a ransom note.
CONV00642,2,Zoe,Kai,2026-09-26 11:49:00,This may be ransomware. Disconnect the affected host.
CONV00642,3,Kai,Zoe,2026-09-26 11:50:00,We need to check backups and the scope of the data breach.
CONV00642,4,Zoe,Kai,2026-09-26 11:51:00,Notify the security team; do not pay or delete evidence.
CONV00643,1,Nina,Omar,2026-09-27 11:55:00,Several failed login attempts appeared on the admin account.
CONV00643,2,Omar,Nina,2026-09-27 11:56:00,Could this be a brute force attempt? Check the logs.
CONV00643,3,Nina,Omar,2026-09-27 11:57:00,The account may be compromised; I also found unusual access.
CONV00643,4,Omar,Nina,2026-09-27 11:58:00,Escalate this to incident response and preserve the evidence.
CONV00644,1,Kai,Zoe,2026-09-28 12:02:00,The shared files are encrypted and there is a ransom note.
CONV00644,2,Zoe,Kai,2026-09-28 12:03:00,This may be ransomware. Disconnect the affected host.
CONV00644,3,Kai,Zoe,2026-09-28 12:04:00,We need to check backups and the scope of the data breach.
CONV00644,4,Zoe,Kai,2026-09-28 12:05:00,Notify the security team; do not pay or delete evidence.
CONV00645,1,Ravi,Meera,2026-09-01 12:09:00,The application may be vulnerable to SQL injection.
CONV00645,2,Meera,Ravi,2026-09-01 12:10:00,"The security test also detected cross-site scripting, or XSS."
CONV00645,3,Ravi,Meera,2026-09-01 12:11:00,We should review the vulnerable query and injected script handling.
CONV00645,4,Meera,Ravi,2026-09-01 12:12:00,Log the findings and apply the approved fixes.
CONV00646,1,Kai,Zoe,2026-09-02 12:16:00,The shared files are encrypted and there is a ransom note.
CONV00646,2,Zoe,Kai,2026-09-02 12:17:00,This may be ransomware. Disconnect the affected host.
CONV00646,3,Kai,Zoe,2026-09-02 12:18:00,We need to check backups and the scope of the data breach.
CONV00646,4,Zoe,Kai,2026-09-02 12:19:00,Notify the security team; do not pay or delete evidence.
CONV00647,1,Ravi,Meera,2026-09-03 12:23:00,The application may be vulnerable to SQL injection.
CONV00647,2,Meera,Ravi,2026-09-03 12:24:00,"The security test also detected cross-site scripting, or XSS."
CONV00647,3,Ravi,Meera,2026-09-03 12:25:00,We should review the vulnerable query and injected script handling.
CONV00647,4,Meera,Ravi,2026-09-03 12:26:00,Log the findings and apply the approved fixes.
CONV00648,1,Ava,Noah,2026-09-04 12:30:00,Did the antivirus update finish?
CONV00648,2,Noah,Ava,2026-09-04 12:31:00,"Yes, the update completed this morning."
CONV00648,3,Ava,Noah,2026-09-04 12:32:00,"Great, please patch the server after lunch."
CONV00648,4,Noah,Ava,2026-09-04 12:33:00,I will confirm after the maintenance window.
CONV00649,1,Tara,Neil,2026-09-05 12:37:00,The antivirus flagged a suspicious attachment.
CONV00649,2,Neil,Tara,2026-09-05 12:38:00,It was part of our malware-awareness training.
CONV00649,3,Tara,Neil,2026-09-05 12:39:00,"Okay, the security team confirmed it was a test."
CONV00649,4,Neil,Tara,2026-09-05 12:40:00,I will document the result.
CONV00650,1,Kai,Zoe,2026-09-06 12:44:00,The shared files are encrypted and there is a ransom note.
CONV00650,2,Zoe,Kai,2026-09-06 12:45:00,This may be ransomware. Disconnect the affected host.
CONV00650,3,Kai,Zoe,2026-09-06 12:46:00,We need to check backups and the scope of the data breach.
CONV00650,4,Zoe,Kai,2026-09-06 12:47:00,Notify the security team; do not pay or delete evidence.
CONV00651,1,Ava,Noah,2026-09-07 12:51:00,Did the antivirus update finish?
CONV00651,2,Noah,Ava,2026-09-07 12:52:00,"Yes, the update completed this morning."
CONV00651,3,Ava,Noah,2026-09-07 12:53:00,"Great, please patch the server after lunch."
CONV00651,4,Noah,Ava,2026-09-07 12:54:00,I will confirm after the maintenance window.
CONV00652,1,Ravi,Meera,2026-09-08 12:58:00,The application may be vulnerable to SQL injection.
CONV00652,2,Meera,Ravi,2026-09-08 12:59:00,"The security test also detected cross-site scripting, or XSS."
CONV00652,3,Ravi,Meera,2026-09-08 13:00:00,We should review the vulnerable query and injected script handling.
CONV00652,4,Meera,Ravi,2026-09-08 13:01:00,Log the findings and apply the approved fixes.
CONV00653,1,Tara,Neil,2026-09-09 13:05:00,The antivirus flagged a suspicious attachment.
CONV00653,2,Neil,Tara,2026-09-09 13:06:00,It was part of our malware-awareness training.
CONV00653,3,Tara,Neil,2026-09-09 13:07:00,"Okay, the security team confirmed it was a test."
CONV00653,4,Neil,Tara,2026-09-09 13:08:00,I will document the result.
CONV00654,1,Kai,Zoe,2026-09-10 13:12:00,The shared files are encrypted and there is a ransom note.
CONV00654,2,Zoe,Kai,2026-09-10 13:13:00,This may be ransomware. Disconnect the affected host.
CONV00654,3,Kai,Zoe,2026-09-10 13:14:00,We need to check backups and the scope of the data breach.
CONV00654,4,Zoe,Kai,2026-09-10 13:15:00,Notify the security team; do not pay or delete evidence.
CONV00655,1,Dev,Priya,2026-09-11 13:19:00,A suspicious download was found on the workstation.
CONV00655,2,Priya,Dev,2026-09-11 13:20:00,The file may contain malware or a trojan.
CONV00655,3,Dev,Priya,2026-09-11 13:21:00,The endpoint alert also mentions a keylogger.
CONV00655,4,Priya,Dev,2026-09-11 13:22:00,Isolate the device and follow the incident response procedure.
CONV00656,1,Tara,Neil,2026-09-12 13:26:00,The antivirus flagged a suspicious attachment.
CONV00656,2,Neil,Tara,2026-09-12 13:27:00,It was part of our malware-awareness training.
CONV00656,3,Tara,Neil,2026-09-12 13:28:00,"Okay, the security team confirmed it was a test."
CONV00656,4,Neil,Tara,2026-09-12 13:29:00,I will document the result.
CONV00657,1,Nina,Omar,2026-09-13 13:33:00,Several failed login attempts appeared on the admin account.
CONV00657,2,Omar,Nina,2026-09-13 13:34:00,Could this be a brute force attempt? Check the logs.
CONV00657,3,Nina,Omar,2026-09-13 13:35:00,The account may be compromised; I also found unusual access.
CONV00657,4,Omar,Nina,2026-09-13 13:36:00,Escalate this to incident response and preserve the evidence.
CONV00658,1,Nina,Omar,2026-09-14 13:40:00,Several failed login attempts appeared on the admin account.
CONV00658,2,Omar,Nina,2026-09-14 13:41:00,Could this be a brute force attempt? Check the logs.
CONV00658,3,Nina,Omar,2026-09-14 13:42:00,The account may be compromised; I also found unusual access.
CONV00658,4,Omar,Nina,2026-09-14 13:43:00,Escalate this to incident response and preserve the evidence.
CONV00659,1,Sam,Riya,2026-09-15 13:47:00,The incident response drill starts at ten.
CONV00659,2,Riya,Sam,2026-09-15 13:48:00,I have the checklist ready.
CONV00659,3,Sam,Riya,2026-09-15 13:49:00,Please verify the firewall rule too.
CONV00659,4,Riya,Sam,2026-09-15 13:50:00,The configuration looks correct.
CONV00660,1,Ava,Noah,2026-09-16 13:54:00,Did the antivirus update finish?
CONV00660,2,Noah,Ava,2026-09-16 13:55:00,"Yes, the update completed this morning."
CONV00660,3,Ava,Noah,2026-09-16 13:56:00,"Great, please patch the server after lunch."
CONV00660,4,Noah,Ava,2026-09-16 13:57:00,I will confirm after the maintenance window.
CONV00661,1,Eli,June,2026-09-17 14:01:00,A contractor may have accessed confidential data without authorization.
CONV00661,2,June,Eli,2026-09-17 14:02:00,That could indicate an insider threat or data exfiltration.
CONV00661,3,Eli,June,2026-09-17 14:03:00,The audit shows an unusual access pattern.
CONV00661,4,June,Eli,2026-09-17 14:04:00,Preserve logs and send the case for human review.
CONV00662,1,Isha,Arun,2026-09-18 14:08:00,Did you enable multi-factor authentication?
CONV00662,2,Arun,Isha,2026-09-18 14:09:00,"Yes, MFA is enabled on my account."
CONV00662,3,Isha,Arun,2026-09-18 14:10:00,Thanks. The security patch is also available.
CONV00662,4,Arun,Isha,2026-09-18 14:11:00,I will install it today.
CONV00663,1,Mia,Leo,2026-09-19 14:15:00,The security audit is scheduled for Friday.
CONV00663,2,Leo,Mia,2026-09-19 14:16:00,I have prepared the access review.
CONV00663,3,Mia,Leo,2026-09-19 14:17:00,Please include the backup status in the report.
CONV00663,4,Leo,Mia,2026-09-19 14:18:00,"Done, I will share it with the team."
CONV00664,1,Ava,Noah,2026-09-20 14:22:00,Did the antivirus update finish?
CONV00664,2,Noah,Ava,2026-09-20 14:23:00,"Yes, the update completed this morning."
CONV00664,3,Ava,Noah,2026-09-20 14:24:00,"Great, please patch the server after lunch."
CONV00664,4,Noah,Ava,2026-09-20 14:25:00,I will confirm after the maintenance window.
CONV00665,1,Sam,Riya,2026-09-21 14:29:00,The incident response drill starts at ten.
CONV00665,2,Riya,Sam,2026-09-21 14:30:00,I have the checklist ready.
CONV00665,3,Sam,Riya,2026-09-21 14:31:00,Please verify the firewall rule too.
CONV00665,4,Riya,Sam,2026-09-21 14:32:00,The configuration looks correct.
CONV00666,1,Alice,Bob,2026-09-22 14:36:00,I received a suspicious link asking me to verify your account.
CONV00666,2,Bob,Alice,2026-09-22 14:37:00,That could be a phishing link. Do not enter your login credentials.
CONV00666,3,Alice,Bob,2026-09-22 14:38:00,I already entered my password and now see an unauthorized login.
CONV00666,4,Bob,Alice,2026-09-22 14:39:00,"Change the password, enable MFA, and report the incident."
CONV00667,1,Mia,Leo,2026-09-23 14:43:00,The security audit is scheduled for Friday.
CONV00667,2,Leo,Mia,2026-09-23 14:44:00,I have prepared the access review.
CONV00667,3,Mia,Leo,2026-09-23 14:45:00,Please include the backup status in the report.
CONV00667,4,Leo,Mia,2026-09-23 14:46:00,"Done, I will share it with the team."
CONV00668,1,Kai,Zoe,2026-09-24 14:50:00,The shared files are encrypted and there is a ransom note.
CONV00668,2,Zoe,Kai,2026-09-24 14:51:00,This may be ransomware. Disconnect the affected host.
CONV00668,3,Kai,Zoe,2026-09-24 14:52:00,We need to check backups and the scope of the data breach.
CONV00668,4,Zoe,Kai,2026-09-24 14:53:00,Notify the security team; do not pay or delete evidence.
CONV00669,1,Eli,June,2026-09-25 14:57:00,A contractor may have accessed confidential data without authorization.
CONV00669,2,June,Eli,2026-09-25 14:58:00,That could indicate an insider threat or data exfiltration.
CONV00669,3,Eli,June,2026-09-25 14:59:00,The audit shows an unusual access pattern.
CONV00669,4,June,Eli,2026-09-25 15:00:00,Preserve logs and send the case for human review.
CONV00670,1,Kai,Zoe,2026-09-26 15:04:00,The shared files are encrypted and there is a ransom note.
CONV00670,2,Zoe,Kai,2026-09-26 15:05:00,This may be ransomware. Disconnect the affected host.
CONV00670,3,Kai,Zoe,2026-09-26 15:06:00,We need to check backups and the scope of the data breach.
CONV00670,4,Zoe,Kai,2026-09-26 15:07:00,Notify the security team; do not pay or delete evidence.
CONV00671,1,Alice,Bob,2026-09-27 15:11:00,I received a suspicious link asking me to verify your account.
CONV00671,2,Bob,Alice,2026-09-27 15:12:00,That could be a phishing link. Do not enter your login credentials.
CONV00671,3,Alice,Bob,2026-09-27 15:13:00,I already entered my password and now see an unauthorized login.
CONV00671,4,Bob,Alice,2026-09-27 15:14:00,"Change the password, enable MFA, and report the incident."
CONV00672,1,Mia,Leo,2026-09-28 15:18:00,The security audit is scheduled for Friday.
CONV00672,2,Leo,Mia,2026-09-28 15:19:00,I have prepared the access review.
CONV00672,3,Mia,Leo,2026-09-28 15:20:00,Please include the backup status in the report.
CONV00672,4,Leo,Mia,2026-09-28 15:21:00,"Done, I will share it with the team."
CONV00673,1,Maya,Ben,2026-09-01 15:25:00,The security alert says there was an unusual login.
CONV00673,2,Ben,Maya,2026-09-01 15:26:00,It may be a false alarm; MFA succeeded.
CONV00673,3,Maya,Ben,2026-09-01 15:27:00,"Still, there were repeated login attempts before it."
CONV00673,4,Ben,Maya,2026-09-01 15:28:00,Let's review the logs before deciding.
CONV00674,1,Isha,Arun,2026-09-02 15:32:00,Did you enable multi-factor authentication?
CONV00674,2,Arun,Isha,2026-09-02 15:33:00,"Yes, MFA is enabled on my account."
CONV00674,3,Isha,Arun,2026-09-02 15:34:00,Thanks. The security patch is also available.
CONV00674,4,Arun,Isha,2026-09-02 15:35:00,I will install it today.
CONV00675,1,Kai,Zoe,2026-09-03 15:39:00,The shared files are encrypted and there is a ransom note.
CONV00675,2,Zoe,Kai,2026-09-03 15:40:00,This may be ransomware. Disconnect the affected host.
CONV00675,3,Kai,Zoe,2026-09-03 15:41:00,We need to check backups and the scope of the data breach.
CONV00675,4,Zoe,Kai,2026-09-03 15:42:00,Notify the security team; do not pay or delete evidence.
CONV00676,1,Tara,Neil,2026-09-04 15:46:00,The antivirus flagged a suspicious attachment.
CONV00676,2,Neil,Tara,2026-09-04 15:47:00,It was part of our malware-awareness training.
CONV00676,3,Tara,Neil,2026-09-04 15:48:00,"Okay, the security team confirmed it was a test."
CONV00676,4,Neil,Tara,2026-09-04 15:49:00,I will document the result.
CONV00677,1,Dev,Priya,2026-09-05 15:53:00,A suspicious download was found on the workstation.
CONV00677,2,Priya,Dev,2026-09-05 15:54:00,The file may contain malware or a trojan.
CONV00677,3,Dev,Priya,2026-09-05 15:55:00,The endpoint alert also mentions a keylogger.
CONV00677,4,Priya,Dev,2026-09-05 15:56:00,Isolate the device and follow the incident response procedure.
CONV00678,1,Isha,Arun,2026-09-06 16:00:00,Did you enable multi-factor authentication?
CONV00678,2,Arun,Isha,2026-09-06 16:01:00,"Yes, MFA is enabled on my account."
CONV00678,3,Isha,Arun,2026-09-06 16:02:00,Thanks. The security patch is also available.
CONV00678,4,Arun,Isha,2026-09-06 16:03:00,I will install it today.
CONV00679,1,Ravi,Meera,2026-09-07 16:07:00,The application may be vulnerable to SQL injection.
CONV00679,2,Meera,Ravi,2026-09-07 16:08:00,"The security test also detected cross-site scripting, or XSS."
CONV00679,3,Ravi,Meera,2026-09-07 16:09:00,We should review the vulnerable query and injected script handling.
CONV00679,4,Meera,Ravi,2026-09-07 16:10:00,Log the findings and apply the approved fixes.
CONV00680,1,Mia,Leo,2026-09-08 16:14:00,The security audit is scheduled for Friday.
CONV00680,2,Leo,Mia,2026-09-08 16:15:00,I have prepared the access review.
CONV00680,3,Mia,Leo,2026-09-08 16:16:00,Please include the backup status in the report.
CONV00680,4,Leo,Mia,2026-09-08 16:17:00,"Done, I will share it with the team."
CONV00681,1,Eli,June,2026-09-09 16:21:00,A contractor may have accessed confidential data without authorization.
CONV00681,2,June,Eli,2026-09-09 16:22:00,That could indicate an insider threat or data exfiltration.
CONV00681,3,Eli,June,2026-09-09 16:23:00,The audit shows an unusual access pattern.
CONV00681,4,June,Eli,2026-09-09 16:24:00,Preserve logs and send the case for human review.
CONV00682,1,Mia,Leo,2026-09-10 16:28:00,The security audit is scheduled for Friday.
CONV00682,2,Leo,Mia,2026-09-10 16:29:00,I have prepared the access review.
CONV00682,3,Mia,Leo,2026-09-10 16:30:00,Please include the backup status in the report.
CONV00682,4,Leo,Mia,2026-09-10 16:31:00,"Done, I will share it with the team."
CONV00683,1,Tara,Neil,2026-09-11 16:35:00,The antivirus flagged a suspicious attachment.
CONV00683,2,Neil,Tara,2026-09-11 16:36:00,It was part of our malware-awareness training.
CONV00683,3,Tara,Neil,2026-09-11 16:37:00,"Okay, the security team confirmed it was a test."
CONV00683,4,Neil,Tara,2026-09-11 16:38:00,I will document the result.
CONV00684,1,Alice,Bob,2026-09-12 16:42:00,I received a suspicious link asking me to verify your account.
CONV00684,2,Bob,Alice,2026-09-12 16:43:00,That could be a phishing link. Do not enter your login credentials.
CONV00684,3,Alice,Bob,2026-09-12 16:44:00,I already entered my password and now see an unauthorized login.
CONV00684,4,Bob,Alice,2026-09-12 16:45:00,"Change the password, enable MFA, and report the incident."
CONV00685,1,Kai,Zoe,2026-09-13 16:49:00,The shared files are encrypted and there is a ransom note.
CONV00685,2,Zoe,Kai,2026-09-13 16:50:00,This may be ransomware. Disconnect the affected host.
CONV00685,3,Kai,Zoe,2026-09-13 16:51:00,We need to check backups and the scope of the data breach.
CONV00685,4,Zoe,Kai,2026-09-13 16:52:00,Notify the security team; do not pay or delete evidence.
CONV00686,1,Sam,Riya,2026-09-14 16:56:00,The incident response drill starts at ten.
CONV00686,2,Riya,Sam,2026-09-14 16:57:00,I have the checklist ready.
CONV00686,3,Sam,Riya,2026-09-14 16:58:00,Please verify the firewall rule too.
CONV00686,4,Riya,Sam,2026-09-14 16:59:00,The configuration looks correct.
CONV00687,1,Maya,Ben,2026-09-15 17:03:00,The security alert says there was an unusual login.
CONV00687,2,Ben,Maya,2026-09-15 17:04:00,It may be a false alarm; MFA succeeded.
CONV00687,3,Maya,Ben,2026-09-15 17:05:00,"Still, there were repeated login attempts before it."
CONV00687,4,Ben,Maya,2026-09-15 17:06:00,Let's review the logs before deciding.
CONV00688,1,Sam,Riya,2026-09-16 17:10:00,The incident response drill starts at ten.
CONV00688,2,Riya,Sam,2026-09-16 17:11:00,I have the checklist ready.
CONV00688,3,Sam,Riya,2026-09-16 17:12:00,Please verify the firewall rule too.
CONV00688,4,Riya,Sam,2026-09-16 17:13:00,The configuration looks correct.
CONV00689,1,Alice,Bob,2026-09-17 17:17:00,I received a suspicious link asking me to verify your account.
CONV00689,2,Bob,Alice,2026-09-17 17:18:00,That could be a phishing link. Do not enter your login credentials.
CONV00689,3,Alice,Bob,2026-09-17 17:19:00,I already entered my password and now see an unauthorized login.
CONV00689,4,Bob,Alice,2026-09-17 17:20:00,"Change the password, enable MFA, and report the incident."
CONV00690,1,Kai,Zoe,2026-09-18 17:24:00,The shared files are encrypted and there is a ransom note.
CONV00690,2,Zoe,Kai,2026-09-18 17:25:00,This may be ransomware. Disconnect the affected host.
CONV00690,3,Kai,Zoe,2026-09-18 17:26:00,We need to check backups and the scope of the data breach.
CONV00690,4,Zoe,Kai,2026-09-18 17:27:00,Notify the security team; do not pay or delete evidence.
CONV00691,1,Eli,June,2026-09-19 17:31:00,A contractor may have accessed confidential data without authorization.
CONV00691,2,June,Eli,2026-09-19 17:32:00,That could indicate an insider threat or data exfiltration.
CONV00691,3,Eli,June,2026-09-19 17:33:00,The audit shows an unusual access pattern.
CONV00691,4,June,Eli,2026-09-19 17:34:00,Preserve logs and send the case for human review.
CONV00692,1,Ava,Noah,2026-09-20 17:38:00,Did the antivirus update finish?
CONV00692,2,Noah,Ava,2026-09-20 17:39:00,"Yes, the update completed this morning."
CONV00692,3,Ava,Noah,2026-09-20 17:40:00,"Great, please patch the server after lunch."
CONV00692,4,Noah,Ava,2026-09-20 17:41:00,I will confirm after the maintenance window.
CONV00693,1,Sam,Riya,2026-09-21 17:45:00,The incident response drill starts at ten.
CONV00693,2,Riya,Sam,2026-09-21 17:46:00,I have the checklist ready.
CONV00693,3,Sam,Riya,2026-09-21 17:47:00,Please verify the firewall rule too.
CONV00693,4,Riya,Sam,2026-09-21 17:48:00,The configuration looks correct.
CONV00694,1,Tara,Neil,2026-09-22 17:52:00,The antivirus flagged a suspicious attachment.
CONV00694,2,Neil,Tara,2026-09-22 17:53:00,It was part of our malware-awareness training.
CONV00694,3,Tara,Neil,2026-09-22 17:54:00,"Okay, the security team confirmed it was a test."
CONV00694,4,Neil,Tara,2026-09-22 17:55:00,I will document the result.
CONV00695,1,Nina,Omar,2026-09-23 17:59:00,Several failed login attempts appeared on the admin account.
CONV00695,2,Omar,Nina,2026-09-23 18:00:00,Could this be a brute force attempt? Check the logs.
CONV00695,3,Nina,Omar,2026-09-23 18:01:00,The account may be compromised; I also found unusual access.
CONV00695,4,Omar,Nina,2026-09-23 18:02:00,Escalate this to incident response and preserve the evidence.
CONV00696,1,Eli,June,2026-09-24 18:06:00,A contractor may have accessed confidential data without authorization.
CONV00696,2,June,Eli,2026-09-24 18:07:00,That could indicate an insider threat or data exfiltration.
CONV00696,3,Eli,June,2026-09-24 18:08:00,The audit shows an unusual access pattern.
CONV00696,4,June,Eli,2026-09-24 18:09:00,Preserve logs and send the case for human review.
CONV00697,1,Maya,Ben,2026-09-25 18:13:00,The security alert says there was an unusual login.
CONV00697,2,Ben,Maya,2026-09-25 18:14:00,It may be a false alarm; MFA succeeded.
CONV00697,3,Maya,Ben,2026-09-25 18:15:00,"Still, there were repeated login attempts before it."
CONV00697,4,Ben,Maya,2026-09-25 18:16:00,Let's review the logs before deciding.
CONV00698,1,Dev,Priya,2026-09-26 18:20:00,A suspicious download was found on the workstation.
CONV00698,2,Priya,Dev,2026-09-26 18:21:00,The file may contain malware or a trojan.
CONV00698,3,Dev,Priya,2026-09-26 18:22:00,The endpoint alert also mentions a keylogger.
CONV00698,4,Priya,Dev,2026-09-26 18:23:00,Isolate the device and follow the incident response procedure.
CONV00699,1,Mia,Leo,2026-09-27 18:27:00,The security audit is scheduled for Friday.
CONV00699,2,Leo,Mia,2026-09-27 18:28:00,I have prepared the access review.
CONV00699,3,Mia,Leo,2026-09-27 18:29:00,Please include the backup status in the report.
CONV00699,4,Leo,Mia,2026-09-27 18:30:00,"Done, I will share it with the team."
CONV00700,1,Mia,Leo,2026-09-28 18:34:00,The security audit is scheduled for Friday.
CONV00700,2,Leo,Mia,2026-09-28 18:35:00,I have prepared the access review.
CONV00700,3,Mia,Leo,2026-09-28 18:36:00,Please include the backup status in the report.
CONV00700,4,Leo,Mia,2026-09-28 18:37:00,"Done, I will share it with the team."
CONV00701,1,Sam,Riya,2026-09-01 18:41:00,The incident response drill starts at ten.
CONV00701,2,Riya,Sam,2026-09-01 18:42:00,I have the checklist ready.
CONV00701,3,Sam,Riya,2026-09-01 18:43:00,Please verify the firewall rule too.
CONV00701,4,Riya,Sam,2026-09-01 18:44:00,The configuration looks correct.
CONV00702,1,Mia,Leo,2026-09-02 18:48:00,The security audit is scheduled for Friday.
CONV00702,2,Leo,Mia,2026-09-02 18:49:00,I have prepared the access review.
CONV00702,3,Mia,Leo,2026-09-02 18:50:00,Please include the backup status in the report.
CONV00702,4,Leo,Mia,2026-09-02 18:51:00,"Done, I will share it with the team."
CONV00703,1,Isha,Arun,2026-09-03 18:55:00,Did you enable multi-factor authentication?
CONV00703,2,Arun,Isha,2026-09-03 18:56:00,"Yes, MFA is enabled on my account."
CONV00703,3,Isha,Arun,2026-09-03 18:57:00,Thanks. The security patch is also available.
CONV00703,4,Arun,Isha,2026-09-03 18:58:00,I will install it today.
CONV00704,1,Dev,Priya,2026-09-04 19:02:00,A suspicious download was found on the workstation.
CONV00704,2,Priya,Dev,2026-09-04 19:03:00,The file may contain malware or a trojan.
CONV00704,3,Dev,Priya,2026-09-04 19:04:00,The endpoint alert also mentions a keylogger.
CONV00704,4,Priya,Dev,2026-09-04 19:05:00,Isolate the device and follow the incident response procedure.
CONV00705,1,Mia,Leo,2026-09-05 19:09:00,The security audit is scheduled for Friday.
CONV00705,2,Leo,Mia,2026-09-05 19:10:00,I have prepared the access review.
CONV00705,3,Mia,Leo,2026-09-05 19:11:00,Please include the backup status in the report.
CONV00705,4,Leo,Mia,2026-09-05 19:12:00,"Done, I will share it with the team."
CONV00706,1,Nina,Omar,2026-09-06 19:16:00,Several failed login attempts appeared on the admin account.
CONV00706,2,Omar,Nina,2026-09-06 19:17:00,Could this be a brute force attempt? Check the logs.
CONV00706,3,Nina,Omar,2026-09-06 19:18:00,The account may be compromised; I also found unusual access.
CONV00706,4,Omar,Nina,2026-09-06 19:19:00,Escalate this to incident response and preserve the evidence.
CONV00707,1,Dev,Priya,2026-09-07 19:23:00,A suspicious download was found on the workstation.
CONV00707,2,Priya,Dev,2026-09-07 19:24:00,The file may contain malware or a trojan.
CONV00707,3,Dev,Priya,2026-09-07 19:25:00,The endpoint alert also mentions a keylogger.
CONV00707,4,Priya,Dev,2026-09-07 19:26:00,Isolate the device and follow the incident response procedure.
CONV00708,1,Kai,Zoe,2026-09-08 19:30:00,The shared files are encrypted and there is a ransom note.
CONV00708,2,Zoe,Kai,2026-09-08 19:31:00,This may be ransomware. Disconnect the affected host.
CONV00708,3,Kai,Zoe,2026-09-08 19:32:00,We need to check backups and the scope of the data breach.
CONV00708,4,Zoe,Kai,2026-09-08 19:33:00,Notify the security team; do not pay or delete evidence.
CONV00709,1,Maya,Ben,2026-09-09 19:37:00,The security alert says there was an unusual login.
CONV00709,2,Ben,Maya,2026-09-09 19:38:00,It may be a false alarm; MFA succeeded.
CONV00709,3,Maya,Ben,2026-09-09 19:39:00,"Still, there were repeated login attempts before it."
CONV00709,4,Ben,Maya,2026-09-09 19:40:00,Let's review the logs before deciding.
CONV00710,1,Eli,June,2026-09-10 19:44:00,A contractor may have accessed confidential data without authorization.
CONV00710,2,June,Eli,2026-09-10 19:45:00,That could indicate an insider threat or data exfiltration.
CONV00710,3,Eli,June,2026-09-10 19:46:00,The audit shows an unusual access pattern.
CONV00710,4,June,Eli,2026-09-10 19:47:00,Preserve logs and send the case for human review.
CONV00711,1,Alice,Bob,2026-09-11 19:51:00,I received a suspicious link asking me to verify your account.
CONV00711,2,Bob,Alice,2026-09-11 19:52:00,That could be a phishing link. Do not enter your login credentials.
CONV00711,3,Alice,Bob,2026-09-11 19:53:00,I already entered my password and now see an unauthorized login.
CONV00711,4,Bob,Alice,2026-09-11 19:54:00,"Change the password, enable MFA, and report the incident."
CONV00712,1,Kai,Zoe,2026-09-12 19:58:00,The shared files are encrypted and there is a ransom note.
CONV00712,2,Zoe,Kai,2026-09-12 19:59:00,This may be ransomware. Disconnect the affected host.
CONV00712,3,Kai,Zoe,2026-09-12 20:00:00,We need to check backups and the scope of the data breach.
CONV00712,4,Zoe,Kai,2026-09-12 20:01:00,Notify the security team; do not pay or delete evidence.
CONV00713,1,Tara,Neil,2026-09-13 20:05:00,The antivirus flagged a suspicious attachment.
CONV00713,2,Neil,Tara,2026-09-13 20:06:00,It was part of our malware-awareness training.
CONV00713,3,Tara,Neil,2026-09-13 20:07:00,"Okay, the security team confirmed it was a test."
CONV00713,4,Neil,Tara,2026-09-13 20:08:00,I will document the result.
CONV00714,1,Isha,Arun,2026-09-14 20:12:00,Did you enable multi-factor authentication?
CONV00714,2,Arun,Isha,2026-09-14 20:13:00,"Yes, MFA is enabled on my account."
CONV00714,3,Isha,Arun,2026-09-14 20:14:00,Thanks. The security patch is also available.
CONV00714,4,Arun,Isha,2026-09-14 20:15:00,I will install it today.
CONV00715,1,Ravi,Meera,2026-09-15 20:19:00,The application may be vulnerable to SQL injection.
CONV00715,2,Meera,Ravi,2026-09-15 20:20:00,"The security test also detected cross-site scripting, or XSS."
CONV00715,3,Ravi,Meera,2026-09-15 20:21:00,We should review the vulnerable query and injected script handling.
CONV00715,4,Meera,Ravi,2026-09-15 20:22:00,Log the findings and apply the approved fixes.
CONV00716,1,Tara,Neil,2026-09-16 20:26:00,The antivirus flagged a suspicious attachment.
CONV00716,2,Neil,Tara,2026-09-16 20:27:00,It was part of our malware-awareness training.
CONV00716,3,Tara,Neil,2026-09-16 20:28:00,"Okay, the security team confirmed it was a test."
CONV00716,4,Neil,Tara,2026-09-16 20:29:00,I will document the result.
CONV00717,1,Sam,Riya,2026-09-17 20:33:00,The incident response drill starts at ten.
CONV00717,2,Riya,Sam,2026-09-17 20:34:00,I have the checklist ready.
CONV00717,3,Sam,Riya,2026-09-17 20:35:00,Please verify the firewall rule too.
CONV00717,4,Riya,Sam,2026-09-17 20:36:00,The configuration looks correct.
CONV00718,1,Kai,Zoe,2026-09-18 20:40:00,The shared files are encrypted and there is a ransom note.
CONV00718,2,Zoe,Kai,2026-09-18 20:41:00,This may be ransomware. Disconnect the affected host.
CONV00718,3,Kai,Zoe,2026-09-18 20:42:00,We need to check backups and the scope of the data breach.
CONV00718,4,Zoe,Kai,2026-09-18 20:43:00,Notify the security team; do not pay or delete evidence.
CONV00719,1,Alice,Bob,2026-09-19 20:47:00,I received a suspicious link asking me to verify your account.
CONV00719,2,Bob,Alice,2026-09-19 20:48:00,That could be a phishing link. Do not enter your login credentials.
CONV00719,3,Alice,Bob,2026-09-19 20:49:00,I already entered my password and now see an unauthorized login.
CONV00719,4,Bob,Alice,2026-09-19 20:50:00,"Change the password, enable MFA, and report the incident."
CONV00720,1,Eli,June,2026-09-20 20:54:00,A contractor may have accessed confidential data without authorization.
CONV00720,2,June,Eli,2026-09-20 20:55:00,That could indicate an insider threat or data exfiltration.
CONV00720,3,Eli,June,2026-09-20 20:56:00,The audit shows an unusual access pattern.
CONV00720,4,June,Eli,2026-09-20 20:57:00,Preserve logs and send the case for human review.
CONV00721,1,Dev,Priya,2026-09-21 21:01:00,A suspicious download was found on the workstation.
CONV00721,2,Priya,Dev,2026-09-21 21:02:00,The file may contain malware or a trojan.
CONV00721,3,Dev,Priya,2026-09-21 21:03:00,The endpoint alert also mentions a keylogger.
CONV00721,4,Priya,Dev,2026-09-21 21:04:00,Isolate the device and follow the incident response procedure.
CONV00722,1,Tara,Neil,2026-09-22 21:08:00,The antivirus flagged a suspicious attachment.
CONV00722,2,Neil,Tara,2026-09-22 21:09:00,It was part of our malware-awareness training.
CONV00722,3,Tara,Neil,2026-09-22 21:10:00,"Okay, the security team confirmed it was a test."
CONV00722,4,Neil,Tara,2026-09-22 21:11:00,I will document the result.
CONV00723,1,Isha,Arun,2026-09-23 21:15:00,Did you enable multi-factor authentication?
CONV00723,2,Arun,Isha,2026-09-23 21:16:00,"Yes, MFA is enabled on my account."
CONV00723,3,Isha,Arun,2026-09-23 21:17:00,Thanks. The security patch is also available.
CONV00723,4,Arun,Isha,2026-09-23 21:18:00,I will install it today.
CONV00724,1,Ava,Noah,2026-09-24 21:22:00,Did the antivirus update finish?
CONV00724,2,Noah,Ava,2026-09-24 21:23:00,"Yes, the update completed this morning."
CONV00724,3,Ava,Noah,2026-09-24 21:24:00,"Great, please patch the server after lunch."
CONV00724,4,Noah,Ava,2026-09-24 21:25:00,I will confirm after the maintenance window.
CONV00725,1,Isha,Arun,2026-09-25 21:29:00,Did you enable multi-factor authentication?
CONV00725,2,Arun,Isha,2026-09-25 21:30:00,"Yes, MFA is enabled on my account."
CONV00725,3,Isha,Arun,2026-09-25 21:31:00,Thanks. The security patch is also available.
CONV00725,4,Arun,Isha,2026-09-25 21:32:00,I will install it today.
CONV00726,1,Ava,Noah,2026-09-26 21:36:00,Did the antivirus update finish?
CONV00726,2,Noah,Ava,2026-09-26 21:37:00,"Yes, the update completed this morning."
CONV00726,3,Ava,Noah,2026-09-26 21:38:00,"Great, please patch the server after lunch."
CONV00726,4,Noah,Ava,2026-09-26 21:39:00,I will confirm after the maintenance window.
CONV00727,1,Eli,June,2026-09-27 21:43:00,A contractor may have accessed confidential data without authorization.
CONV00727,2,June,Eli,2026-09-27 21:44:00,That could indicate an insider threat or data exfiltration.
CONV00727,3,Eli,June,2026-09-27 21:45:00,The audit shows an unusual access pattern.
CONV00727,4,June,Eli,2026-09-27 21:46:00,Preserve logs and send the case for human review.
CONV00728,1,Mia,Leo,2026-09-28 21:50:00,The security audit is scheduled for Friday.
CONV00728,2,Leo,Mia,2026-09-28 21:51:00,I have prepared the access review.
CONV00728,3,Mia,Leo,2026-09-28 21:52:00,Please include the backup status in the report.
CONV00728,4,Leo,Mia,2026-09-28 21:53:00,"Done, I will share it with the team."
CONV00729,1,Sam,Riya,2026-09-01 21:57:00,The incident response drill starts at ten.
CONV00729,2,Riya,Sam,2026-09-01 21:58:00,I have the checklist ready.
CONV00729,3,Sam,Riya,2026-09-01 21:59:00,Please verify the firewall rule too.
CONV00729,4,Riya,Sam,2026-09-01 22:00:00,The configuration looks correct.
CONV00730,1,Isha,Arun,2026-09-02 22:04:00,Did you enable multi-factor authentication?
CONV00730,2,Arun,Isha,2026-09-02 22:05:00,"Yes, MFA is enabled on my account."
CONV00730,3,Isha,Arun,2026-09-02 22:06:00,Thanks. The security patch is also available.
CONV00730,4,Arun,Isha,2026-09-02 22:07:00,I will install it today.
CONV00731,1,Mia,Leo,2026-09-03 22:11:00,The security audit is scheduled for Friday.
CONV00731,2,Leo,Mia,2026-09-03 22:12:00,I have prepared the access review.
CONV00731,3,Mia,Leo,2026-09-03 22:13:00,Please include the backup status in the report.
CONV00731,4,Leo,Mia,2026-09-03 22:14:00,"Done, I will share it with the team."
CONV00732,1,Alice,Bob,2026-09-04 22:18:00,I received a suspicious link asking me to verify your account.
CONV00732,2,Bob,Alice,2026-09-04 22:19:00,That could be a phishing link. Do not enter your login credentials.
CONV00732,3,Alice,Bob,2026-09-04 22:20:00,I already entered my password and now see an unauthorized login.
CONV00732,4,Bob,Alice,2026-09-04 22:21:00,"Change the password, enable MFA, and report the incident."
CONV00733,1,Ava,Noah,2026-09-05 22:25:00,Did the antivirus update finish?
CONV00733,2,Noah,Ava,2026-09-05 22:26:00,"Yes, the update completed this morning."
CONV00733,3,Ava,Noah,2026-09-05 22:27:00,"Great, please patch the server after lunch."
CONV00733,4,Noah,Ava,2026-09-05 22:28:00,I will confirm after the maintenance window.
CONV00734,1,Nina,Omar,2026-09-06 22:32:00,Several failed login attempts appeared on the admin account.
CONV00734,2,Omar,Nina,2026-09-06 22:33:00,Could this be a brute force attempt? Check the logs.
CONV00734,3,Nina,Omar,2026-09-06 22:34:00,The account may be compromised; I also found unusual access.
CONV00734,4,Omar,Nina,2026-09-06 22:35:00,Escalate this to incident response and preserve the evidence.
CONV00735,1,Dev,Priya,2026-09-07 22:39:00,A suspicious download was found on the workstation.
CONV00735,2,Priya,Dev,2026-09-07 22:40:00,The file may contain malware or a trojan.
CONV00735,3,Dev,Priya,2026-09-07 22:41:00,The endpoint alert also mentions a keylogger.
CONV00735,4,Priya,Dev,2026-09-07 22:42:00,Isolate the device and follow the incident response procedure.
CONV00736,1,Ravi,Meera,2026-09-08 22:46:00,The application may be vulnerable to SQL injection.
CONV00736,2,Meera,Ravi,2026-09-08 22:47:00,"The security test also detected cross-site scripting, or XSS."
CONV00736,3,Ravi,Meera,2026-09-08 22:48:00,We should review the vulnerable query and injected script handling.
CONV00736,4,Meera,Ravi,2026-09-08 22:49:00,Log the findings and apply the approved fixes.
CONV00737,1,Mia,Leo,2026-09-09 22:53:00,The security audit is scheduled for Friday.
CONV00737,2,Leo,Mia,2026-09-09 22:54:00,I have prepared the access review.
CONV00737,3,Mia,Leo,2026-09-09 22:55:00,Please include the backup status in the report.
CONV00737,4,Leo,Mia,2026-09-09 22:56:00,"Done, I will share it with the team."
CONV00738,1,Kai,Zoe,2026-09-10 23:00:00,The shared files are encrypted and there is a ransom note.
CONV00738,2,Zoe,Kai,2026-09-10 23:01:00,This may be ransomware. Disconnect the affected host.
CONV00738,3,Kai,Zoe,2026-09-10 23:02:00,We need to check backups and the scope of the data breach.
CONV00738,4,Zoe,Kai,2026-09-10 23:03:00,Notify the security team; do not pay or delete evidence.
CONV00739,1,Ava,Noah,2026-09-11 23:07:00,Did the antivirus update finish?
CONV00739,2,Noah,Ava,2026-09-11 23:08:00,"Yes, the update completed this morning."
CONV00739,3,Ava,Noah,2026-09-11 23:09:00,"Great, please patch the server after lunch."
CONV00739,4,Noah,Ava,2026-09-11 23:10:00,I will confirm after the maintenance window.
CONV00740,1,Ava,Noah,2026-09-12 23:14:00,Did the antivirus update finish?
CONV00740,2,Noah,Ava,2026-09-12 23:15:00,"Yes, the update completed this morning."
CONV00740,3,Ava,Noah,2026-09-12 23:16:00,"Great, please patch the server after lunch."
CONV00740,4,Noah,Ava,2026-09-12 23:17:00,I will confirm after the maintenance window.
CONV00741,1,Mia,Leo,2026-09-13 23:21:00,The security audit is scheduled for Friday.
CONV00741,2,Leo,Mia,2026-09-13 23:22:00,I have prepared the access review.
CONV00741,3,Mia,Leo,2026-09-13 23:23:00,Please include the backup status in the report.
CONV00741,4,Leo,Mia,2026-09-13 23:24:00,"Done, I will share it with the team."
CONV00742,1,Maya,Ben,2026-09-14 23:28:00,The security alert says there was an unusual login.
CONV00742,2,Ben,Maya,2026-09-14 23:29:00,It may be a false alarm; MFA succeeded.
CONV00742,3,Maya,Ben,2026-09-14 23:30:00,"Still, there were repeated login attempts before it."
CONV00742,4,Ben,Maya,2026-09-14 23:31:00,Let's review the logs before deciding.
CONV00743,1,Eli,June,2026-09-15 23:35:00,A contractor may have accessed confidential data without authorization.
CONV00743,2,June,Eli,2026-09-15 23:36:00,That could indicate an insider threat or data exfiltration.
CONV00743,3,Eli,June,2026-09-15 23:37:00,The audit shows an unusual access pattern.
CONV00743,4,June,Eli,2026-09-15 23:38:00,Preserve logs and send the case for human review.
CONV00744,1,Sam,Riya,2026-09-16 23:42:00,The incident response drill starts at ten.
CONV00744,2,Riya,Sam,2026-09-16 23:43:00,I have the checklist ready.
CONV00744,3,Sam,Riya,2026-09-16 23:44:00,Please verify the firewall rule too.
CONV00744,4,Riya,Sam,2026-09-16 23:45:00,The configuration looks correct.
CONV00745,1,Ravi,Meera,2026-09-17 23:49:00,The application may be vulnerable to SQL injection.
CONV00745,2,Meera,Ravi,2026-09-17 23:50:00,"The security test also detected cross-site scripting, or XSS."
CONV00745,3,Ravi,Meera,2026-09-17 23:51:00,We should review the vulnerable query and injected script handling.
CONV00745,4,Meera,Ravi,2026-09-17 23:52:00,Log the findings and apply the approved fixes.
CONV00746,1,Sam,Riya,2026-09-18 23:56:00,The incident response drill starts at ten.
CONV00746,2,Riya,Sam,2026-09-18 23:57:00,I have the checklist ready.
CONV00746,3,Sam,Riya,2026-09-18 23:58:00,Please verify the firewall rule too.
CONV00746,4,Riya,Sam,2026-09-18 23:59:00,The configuration looks correct.
CONV00747,1,Mia,Leo,2026-09-19 00:03:00,The security audit is scheduled for Friday.
CONV00747,2,Leo,Mia,2026-09-19 00:04:00,I have prepared the access review.
CONV00747,3,Mia,Leo,2026-09-19 00:05:00,Please include the backup status in the report.
CONV00747,4,Leo,Mia,2026-09-19 00:06:00,"Done, I will share it with the team."
CONV00748,1,Isha,Arun,2026-09-20 00:10:00,Did you enable multi-factor authentication?
CONV00748,2,Arun,Isha,2026-09-20 00:11:00,"Yes, MFA is enabled on my account."
CONV00748,3,Isha,Arun,2026-09-20 00:12:00,Thanks. The security patch is also available.
CONV00748,4,Arun,Isha,2026-09-20 00:13:00,I will install it today.
CONV00749,1,Tara,Neil,2026-09-21 00:17:00,The antivirus flagged a suspicious attachment.
CONV00749,2,Neil,Tara,2026-09-21 00:18:00,It was part of our malware-awareness training.
CONV00749,3,Tara,Neil,2026-09-21 00:19:00,"Okay, the security team confirmed it was a test."
CONV00749,4,Neil,Tara,2026-09-21 00:20:00,I will document the result.
CONV00750,1,Mia,Leo,2026-09-22 00:24:00,The security audit is scheduled for Friday.
CONV00750,2,Leo,Mia,2026-09-22 00:25:00,I have prepared the access review.
CONV00750,3,Mia,Leo,2026-09-22 00:26:00,Please include the backup status in the report.
CONV00750,4,Leo,Mia,2026-09-22 00:27:00,"Done, I will share it with the team."
CONV00751,1,Ravi,Meera,2026-09-23 00:31:00,The application may be vulnerable to SQL injection.
CONV00751,2,Meera,Ravi,2026-09-23 00:32:00,"The security test also detected cross-site scripting, or XSS."
CONV00751,3,Ravi,Meera,2026-09-23 00:33:00,We should review the vulnerable query and injected script handling.
CONV00751,4,Meera,Ravi,2026-09-23 00:34:00,Log the findings and apply the approved fixes.
CONV00752,1,Alice,Bob,2026-09-24 00:38:00,I received a suspicious link asking me to verify your account.
CONV00752,2,Bob,Alice,2026-09-24 00:39:00,That could be a phishing link. Do not enter your login credentials.
CONV00752,3,Alice,Bob,2026-09-24 00:40:00,I already entered my password and now see an unauthorized login.
CONV00752,4,Bob,Alice,2026-09-24 00:41:00,"Change the password, enable MFA, and report the incident."
CONV00753,1,Maya,Ben,2026-09-25 00:45:00,The security alert says there was an unusual login.
CONV00753,2,Ben,Maya,2026-09-25 00:46:00,It may be a false alarm; MFA succeeded.
CONV00753,3,Maya,Ben,2026-09-25 00:47:00,"Still, there were repeated login attempts before it."
CONV00753,4,Ben,Maya,2026-09-25 00:48:00,Let's review the logs before deciding.
CONV00754,1,Tara,Neil,2026-09-26 00:52:00,The antivirus flagged a suspicious attachment.
CONV00754,2,Neil,Tara,2026-09-26 00:53:00,It was part of our malware-awareness training.
CONV00754,3,Tara,Neil,2026-09-26 00:54:00,"Okay, the security team confirmed it was a test."
CONV00754,4,Neil,Tara,2026-09-26 00:55:00,I will document the result.
CONV00755,1,Sam,Riya,2026-09-27 00:59:00,The incident response drill starts at ten.
CONV00755,2,Riya,Sam,2026-09-27 01:00:00,I have the checklist ready.
CONV00755,3,Sam,Riya,2026-09-27 01:01:00,Please verify the firewall rule too.
CONV00755,4,Riya,Sam,2026-09-27 01:02:00,The configuration looks correct.
CONV00756,1,Tara,Neil,2026-09-28 01:06:00,The antivirus flagged a suspicious attachment.
CONV00756,2,Neil,Tara,2026-09-28 01:07:00,It was part of our malware-awareness training.
CONV00756,3,Tara,Neil,2026-09-28 01:08:00,"Okay, the security team confirmed it was a test."
CONV00756,4,Neil,Tara,2026-09-28 01:09:00,I will document the result.
CONV00757,1,Kai,Zoe,2026-09-01 01:13:00,The shared files are encrypted and there is a ransom note.
CONV00757,2,Zoe,Kai,2026-09-01 01:14:00,This may be ransomware. Disconnect the affected host.
CONV00757,3,Kai,Zoe,2026-09-01 01:15:00,We need to check backups and the scope of the data breach.
CONV00757,4,Zoe,Kai,2026-09-01 01:16:00,Notify the security team; do not pay or delete evidence.
CONV00758,1,Isha,Arun,2026-09-02 01:20:00,Did you enable multi-factor authentication?
CONV00758,2,Arun,Isha,2026-09-02 01:21:00,"Yes, MFA is enabled on my account."
CONV00758,3,Isha,Arun,2026-09-02 01:22:00,Thanks. The security patch is also available.
CONV00758,4,Arun,Isha,2026-09-02 01:23:00,I will install it today.
CONV00759,1,Maya,Ben,2026-09-03 01:27:00,The security alert says there was an unusual login.
CONV00759,2,Ben,Maya,2026-09-03 01:28:00,It may be a false alarm; MFA succeeded.
CONV00759,3,Maya,Ben,2026-09-03 01:29:00,"Still, there were repeated login attempts before it."
CONV00759,4,Ben,Maya,2026-09-03 01:30:00,Let's review the logs before deciding.
CONV00760,1,Isha,Arun,2026-09-04 01:34:00,Did you enable multi-factor authentication?
CONV00760,2,Arun,Isha,2026-09-04 01:35:00,"Yes, MFA is enabled on my account."
CONV00760,3,Isha,Arun,2026-09-04 01:36:00,Thanks. The security patch is also available.
CONV00760,4,Arun,Isha,2026-09-04 01:37:00,I will install it today.
CONV00761,1,Mia,Leo,2026-09-05 01:41:00,The security audit is scheduled for Friday.
CONV00761,2,Leo,Mia,2026-09-05 01:42:00,I have prepared the access review.
CONV00761,3,Mia,Leo,2026-09-05 01:43:00,Please include the backup status in the report.
CONV00761,4,Leo,Mia,2026-09-05 01:44:00,"Done, I will share it with the team."
CONV00762,1,Nina,Omar,2026-09-06 01:48:00,Several failed login attempts appeared on the admin account.
CONV00762,2,Omar,Nina,2026-09-06 01:49:00,Could this be a brute force attempt? Check the logs.
CONV00762,3,Nina,Omar,2026-09-06 01:50:00,The account may be compromised; I also found unusual access.
CONV00762,4,Omar,Nina,2026-09-06 01:51:00,Escalate this to incident response and preserve the evidence.
CONV00763,1,Sam,Riya,2026-09-07 01:55:00,The incident response drill starts at ten.
CONV00763,2,Riya,Sam,2026-09-07 01:56:00,I have the checklist ready.
CONV00763,3,Sam,Riya,2026-09-07 01:57:00,Please verify the firewall rule too.
CONV00763,4,Riya,Sam,2026-09-07 01:58:00,The configuration looks correct.
CONV00764,1,Dev,Priya,2026-09-08 02:02:00,A suspicious download was found on the workstation.
CONV00764,2,Priya,Dev,2026-09-08 02:03:00,The file may contain malware or a trojan.
CONV00764,3,Dev,Priya,2026-09-08 02:04:00,The endpoint alert also mentions a keylogger.
CONV00764,4,Priya,Dev,2026-09-08 02:05:00,Isolate the device and follow the incident response procedure.
CONV00765,1,Ava,Noah,2026-09-09 02:09:00,Did the antivirus update finish?
CONV00765,2,Noah,Ava,2026-09-09 02:10:00,"Yes, the update completed this morning."
CONV00765,3,Ava,Noah,2026-09-09 02:11:00,"Great, please patch the server after lunch."
CONV00765,4,Noah,Ava,2026-09-09 02:12:00,I will confirm after the maintenance window.
CONV00766,1,Isha,Arun,2026-09-10 02:16:00,Did you enable multi-factor authentication?
CONV00766,2,Arun,Isha,2026-09-10 02:17:00,"Yes, MFA is enabled on my account."
CONV00766,3,Isha,Arun,2026-09-10 02:18:00,Thanks. The security patch is also available.
CONV00766,4,Arun,Isha,2026-09-10 02:19:00,I will install it today.
CONV00767,1,Isha,Arun,2026-09-11 02:23:00,Did you enable multi-factor authentication?
CONV00767,2,Arun,Isha,2026-09-11 02:24:00,"Yes, MFA is enabled on my account."
CONV00767,3,Isha,Arun,2026-09-11 02:25:00,Thanks. The security patch is also available.
CONV00767,4,Arun,Isha,2026-09-11 02:26:00,I will install it today.
CONV00768,1,Maya,Ben,2026-09-12 02:30:00,The security alert says there was an unusual login.
CONV00768,2,Ben,Maya,2026-09-12 02:31:00,It may be a false alarm; MFA succeeded.
CONV00768,3,Maya,Ben,2026-09-12 02:32:00,"Still, there were repeated login attempts before it."
CONV00768,4,Ben,Maya,2026-09-12 02:33:00,Let's review the logs before deciding.
CONV00769,1,Tara,Neil,2026-09-13 02:37:00,The antivirus flagged a suspicious attachment.
CONV00769,2,Neil,Tara,2026-09-13 02:38:00,It was part of our malware-awareness training.
CONV00769,3,Tara,Neil,2026-09-13 02:39:00,"Okay, the security team confirmed it was a test."
CONV00769,4,Neil,Tara,2026-09-13 02:40:00,I will document the result.
CONV00770,1,Ravi,Meera,2026-09-14 02:44:00,The application may be vulnerable to SQL injection.
CONV00770,2,Meera,Ravi,2026-09-14 02:45:00,"The security test also detected cross-site scripting, or XSS."
CONV00770,3,Ravi,Meera,2026-09-14 02:46:00,We should review the vulnerable query and injected script handling.
CONV00770,4,Meera,Ravi,2026-09-14 02:47:00,Log the findings and apply the approved fixes.
CONV00771,1,Nina,Omar,2026-09-15 02:51:00,Several failed login attempts appeared on the admin account.
CONV00771,2,Omar,Nina,2026-09-15 02:52:00,Could this be a brute force attempt? Check the logs.
CONV00771,3,Nina,Omar,2026-09-15 02:53:00,The account may be compromised; I also found unusual access.
CONV00771,4,Omar,Nina,2026-09-15 02:54:00,Escalate this to incident response and preserve the evidence.
CONV00772,1,Sam,Riya,2026-09-16 02:58:00,The incident response drill starts at ten.
CONV00772,2,Riya,Sam,2026-09-16 02:59:00,I have the checklist ready.
CONV00772,3,Sam,Riya,2026-09-16 03:00:00,Please verify the firewall rule too.
CONV00772,4,Riya,Sam,2026-09-16 03:01:00,The configuration looks correct.
CONV00773,1,Nina,Omar,2026-09-17 03:05:00,Several failed login attempts appeared on the admin account.
CONV00773,2,Omar,Nina,2026-09-17 03:06:00,Could this be a brute force attempt? Check the logs.
CONV00773,3,Nina,Omar,2026-09-17 03:07:00,The account may be compromised; I also found unusual access.
CONV00773,4,Omar,Nina,2026-09-17 03:08:00,Escalate this to incident response and preserve the evidence.
CONV00774,1,Dev,Priya,2026-09-18 03:12:00,A suspicious download was found on the workstation.
CONV00774,2,Priya,Dev,2026-09-18 03:13:00,The file may contain malware or a trojan.
CONV00774,3,Dev,Priya,2026-09-18 03:14:00,The endpoint alert also mentions a keylogger.
CONV00774,4,Priya,Dev,2026-09-18 03:15:00,Isolate the device and follow the incident response procedure.
CONV00775,1,Isha,Arun,2026-09-19 03:19:00,Did you enable multi-factor authentication?
CONV00775,2,Arun,Isha,2026-09-19 03:20:00,"Yes, MFA is enabled on my account."
CONV00775,3,Isha,Arun,2026-09-19 03:21:00,Thanks. The security patch is also available.
CONV00775,4,Arun,Isha,2026-09-19 03:22:00,I will install it today.
CONV00776,1,Ravi,Meera,2026-09-20 03:26:00,The application may be vulnerable to SQL injection.
CONV00776,2,Meera,Ravi,2026-09-20 03:27:00,"The security test also detected cross-site scripting, or XSS."
CONV00776,3,Ravi,Meera,2026-09-20 03:28:00,We should review the vulnerable query and injected script handling.
CONV00776,4,Meera,Ravi,2026-09-20 03:29:00,Log the findings and apply the approved fixes.
CONV00777,1,Mia,Leo,2026-09-21 03:33:00,The security audit is scheduled for Friday.
CONV00777,2,Leo,Mia,2026-09-21 03:34:00,I have prepared the access review.
CONV00777,3,Mia,Leo,2026-09-21 03:35:00,Please include the backup status in the report.
CONV00777,4,Leo,Mia,2026-09-21 03:36:00,"Done, I will share it with the team."
CONV00778,1,Eli,June,2026-09-22 03:40:00,A contractor may have accessed confidential data without authorization.
CONV00778,2,June,Eli,2026-09-22 03:41:00,That could indicate an insider threat or data exfiltration.
CONV00778,3,Eli,June,2026-09-22 03:42:00,The audit shows an unusual access pattern.
CONV00778,4,June,Eli,2026-09-22 03:43:00,Preserve logs and send the case for human review.
CONV00779,1,Ava,Noah,2026-09-23 03:47:00,Did the antivirus update finish?
CONV00779,2,Noah,Ava,2026-09-23 03:48:00,"Yes, the update completed this morning."
CONV00779,3,Ava,Noah,2026-09-23 03:49:00,"Great, please patch the server after lunch."
CONV00779,4,Noah,Ava,2026-09-23 03:50:00,I will confirm after the maintenance window.
CONV00780,1,Kai,Zoe,2026-09-24 03:54:00,The shared files are encrypted and there is a ransom note.
CONV00780,2,Zoe,Kai,2026-09-24 03:55:00,This may be ransomware. Disconnect the affected host.
CONV00780,3,Kai,Zoe,2026-09-24 03:56:00,We need to check backups and the scope of the data breach.
CONV00780,4,Zoe,Kai,2026-09-24 03:57:00,Notify the security team; do not pay or delete evidence.
CONV00781,1,Isha,Arun,2026-09-25 04:01:00,Did you enable multi-factor authentication?
CONV00781,2,Arun,Isha,2026-09-25 04:02:00,"Yes, MFA is enabled on my account."
CONV00781,3,Isha,Arun,2026-09-25 04:03:00,Thanks. The security patch is also available.
CONV00781,4,Arun,Isha,2026-09-25 04:04:00,I will install it today.
CONV00782,1,Mia,Leo,2026-09-26 04:08:00,The security audit is scheduled for Friday.
CONV00782,2,Leo,Mia,2026-09-26 04:09:00,I have prepared the access review.
CONV00782,3,Mia,Leo,2026-09-26 04:10:00,Please include the backup status in the report.
CONV00782,4,Leo,Mia,2026-09-26 04:11:00,"Done, I will share it with the team."
CONV00783,1,Maya,Ben,2026-09-27 04:15:00,The security alert says there was an unusual login.
CONV00783,2,Ben,Maya,2026-09-27 04:16:00,It may be a false alarm; MFA succeeded.
CONV00783,3,Maya,Ben,2026-09-27 04:17:00,"Still, there were repeated login attempts before it."
CONV00783,4,Ben,Maya,2026-09-27 04:18:00,Let's review the logs before deciding.
CONV00784,1,Mia,Leo,2026-09-28 04:22:00,The security audit is scheduled for Friday.
CONV00784,2,Leo,Mia,2026-09-28 04:23:00,I have prepared the access review.
CONV00784,3,Mia,Leo,2026-09-28 04:24:00,Please include the backup status in the report.
CONV00784,4,Leo,Mia,2026-09-28 04:25:00,"Done, I will share it with the team."
CONV00785,1,Sam,Riya,2026-09-01 04:29:00,The incident response drill starts at ten.
CONV00785,2,Riya,Sam,2026-09-01 04:30:00,I have the checklist ready.
CONV00785,3,Sam,Riya,2026-09-01 04:31:00,Please verify the firewall rule too.
CONV00785,4,Riya,Sam,2026-09-01 04:32:00,The configuration looks correct.
CONV00786,1,Kai,Zoe,2026-09-02 04:36:00,The shared files are encrypted and there is a ransom note.
CONV00786,2,Zoe,Kai,2026-09-02 04:37:00,This may be ransomware. Disconnect the affected host.
CONV00786,3,Kai,Zoe,2026-09-02 04:38:00,We need to check backups and the scope of the data breach.
CONV00786,4,Zoe,Kai,2026-09-02 04:39:00,Notify the security team; do not pay or delete evidence.
CONV00787,1,Maya,Ben,2026-09-03 04:43:00,The security alert says there was an unusual login.
CONV00787,2,Ben,Maya,2026-09-03 04:44:00,It may be a false alarm; MFA succeeded.
CONV00787,3,Maya,Ben,2026-09-03 04:45:00,"Still, there were repeated login attempts before it."
CONV00787,4,Ben,Maya,2026-09-03 04:46:00,Let's review the logs before deciding.
CONV00788,1,Sam,Riya,2026-09-04 04:50:00,The incident response drill starts at ten.
CONV00788,2,Riya,Sam,2026-09-04 04:51:00,I have the checklist ready.
CONV00788,3,Sam,Riya,2026-09-04 04:52:00,Please verify the firewall rule too.
CONV00788,4,Riya,Sam,2026-09-04 04:53:00,The configuration looks correct.
CONV00789,1,Sam,Riya,2026-09-05 04:57:00,The incident response drill starts at ten.
CONV00789,2,Riya,Sam,2026-09-05 04:58:00,I have the checklist ready.
CONV00789,3,Sam,Riya,2026-09-05 04:59:00,Please verify the firewall rule too.
CONV00789,4,Riya,Sam,2026-09-05 05:00:00,The configuration looks correct.
CONV00790,1,Kai,Zoe,2026-09-06 05:04:00,The shared files are encrypted and there is a ransom note.
CONV00790,2,Zoe,Kai,2026-09-06 05:05:00,This may be ransomware. Disconnect the affected host.
CONV00790,3,Kai,Zoe,2026-09-06 05:06:00,We need to check backups and the scope of the data breach.
CONV00790,4,Zoe,Kai,2026-09-06 05:07:00,Notify the security team; do not pay or delete evidence.
CONV00791,1,Sam,Riya,2026-09-07 05:11:00,The incident response drill starts at ten.
CONV00791,2,Riya,Sam,2026-09-07 05:12:00,I have the checklist ready.
CONV00791,3,Sam,Riya,2026-09-07 05:13:00,Please verify the firewall rule too.
CONV00791,4,Riya,Sam,2026-09-07 05:14:00,The configuration looks correct.
CONV00792,1,Ava,Noah,2026-09-08 05:18:00,Did the antivirus update finish?
CONV00792,2,Noah,Ava,2026-09-08 05:19:00,"Yes, the update completed this morning."
CONV00792,3,Ava,Noah,2026-09-08 05:20:00,"Great, please patch the server after lunch."
CONV00792,4,Noah,Ava,2026-09-08 05:21:00,I will confirm after the maintenance window.
CONV00793,1,Maya,Ben,2026-09-09 05:25:00,The security alert says there was an unusual login.
CONV00793,2,Ben,Maya,2026-09-09 05:26:00,It may be a false alarm; MFA succeeded.
CONV00793,3,Maya,Ben,2026-09-09 05:27:00,"Still, there were repeated login attempts before it."
CONV00793,4,Ben,Maya,2026-09-09 05:28:00,Let's review the logs before deciding.
CONV00794,1,Mia,Leo,2026-09-10 05:32:00,The security audit is scheduled for Friday.
CONV00794,2,Leo,Mia,2026-09-10 05:33:00,I have prepared the access review.
CONV00794,3,Mia,Leo,2026-09-10 05:34:00,Please include the backup status in the report.
CONV00794,4,Leo,Mia,2026-09-10 05:35:00,"Done, I will share it with the team."
CONV00795,1,Alice,Bob,2026-09-11 05:39:00,I received a suspicious link asking me to verify your account.
CONV00795,2,Bob,Alice,2026-09-11 05:40:00,That could be a phishing link. Do not enter your login credentials.
CONV00795,3,Alice,Bob,2026-09-11 05:41:00,I already entered my password and now see an unauthorized login.
CONV00795,4,Bob,Alice,2026-09-11 05:42:00,"Change the password, enable MFA, and report the incident."
CONV00796,1,Eli,June,2026-09-12 05:46:00,A contractor may have accessed confidential data without authorization.
CONV00796,2,June,Eli,2026-09-12 05:47:00,That could indicate an insider threat or data exfiltration.
CONV00796,3,Eli,June,2026-09-12 05:48:00,The audit shows an unusual access pattern.
CONV00796,4,June,Eli,2026-09-12 05:49:00,Preserve logs and send the case for human review.
CONV00797,1,Maya,Ben,2026-09-13 05:53:00,The security alert says there was an unusual login.
CONV00797,2,Ben,Maya,2026-09-13 05:54:00,It may be a false alarm; MFA succeeded.
CONV00797,3,Maya,Ben,2026-09-13 05:55:00,"Still, there were repeated login attempts before it."
CONV00797,4,Ben,Maya,2026-09-13 05:56:00,Let's review the logs before deciding.
CONV00798,1,Ava,Noah,2026-09-14 06:00:00,Did the antivirus update finish?
CONV00798,2,Noah,Ava,2026-09-14 06:01:00,"Yes, the update completed this morning."
CONV00798,3,Ava,Noah,2026-09-14 06:02:00,"Great, please patch the server after lunch."
CONV00798,4,Noah,Ava,2026-09-14 06:03:00,I will confirm after the maintenance window.
CONV00799,1,Dev,Priya,2026-09-15 06:07:00,A suspicious download was found on the workstation.
CONV00799,2,Priya,Dev,2026-09-15 06:08:00,The file may contain malware or a trojan.
CONV00799,3,Dev,Priya,2026-09-15 06:09:00,The endpoint alert also mentions a keylogger.
CONV00799,4,Priya,Dev,2026-09-15 06:10:00,Isolate the device and follow the incident response procedure.
CONV00800,1,Isha,Arun,2026-09-16 06:14:00,Did you enable multi-factor authentication?
CONV00800,2,Arun,Isha,2026-09-16 06:15:00,"Yes, MFA is enabled on my account."
CONV00800,3,Isha,Arun,2026-09-16 06:16:00,Thanks. The security patch is also available.
CONV00800,4,Arun,Isha,2026-09-16 06:17:00,I will install it today.
CONV00801,1,Kai,Zoe,2026-09-17 06:21:00,The shared files are encrypted and there is a ransom note.
CONV00801,2,Zoe,Kai,2026-09-17 06:22:00,This may be ransomware. Disconnect the affected host.
CONV00801,3,Kai,Zoe,2026-09-17 06:23:00,We need to check backups and the scope of the data breach.
CONV00801,4,Zoe,Kai,2026-09-17 06:24:00,Notify the security team; do not pay or delete evidence.
CONV00802,1,Sam,Riya,2026-09-18 06:28:00,The incident response drill starts at ten.
CONV00802,2,Riya,Sam,2026-09-18 06:29:00,I have the checklist ready.
CONV00802,3,Sam,Riya,2026-09-18 06:30:00,Please verify the firewall rule too.
CONV00802,4,Riya,Sam,2026-09-18 06:31:00,The configuration looks correct.
CONV00803,1,Maya,Ben,2026-09-19 06:35:00,The security alert says there was an unusual login.
CONV00803,2,Ben,Maya,2026-09-19 06:36:00,It may be a false alarm; MFA succeeded.
CONV00803,3,Maya,Ben,2026-09-19 06:37:00,"Still, there were repeated login attempts before it."
CONV00803,4,Ben,Maya,2026-09-19 06:38:00,Let's review the logs before deciding.
CONV00804,1,Mia,Leo,2026-09-20 06:42:00,The security audit is scheduled for Friday.
CONV00804,2,Leo,Mia,2026-09-20 06:43:00,I have prepared the access review.
CONV00804,3,Mia,Leo,2026-09-20 06:44:00,Please include the backup status in the report.
CONV00804,4,Leo,Mia,2026-09-20 06:45:00,"Done, I will share it with the team."
CONV00805,1,Eli,June,2026-09-21 06:49:00,A contractor may have accessed confidential data without authorization.
CONV00805,2,June,Eli,2026-09-21 06:50:00,That could indicate an insider threat or data exfiltration.
CONV00805,3,Eli,June,2026-09-21 06:51:00,The audit shows an unusual access pattern.
CONV00805,4,June,Eli,2026-09-21 06:52:00,Preserve logs and send the case for human review.
CONV00806,1,Mia,Leo,2026-09-22 06:56:00,The security audit is scheduled for Friday.
CONV00806,2,Leo,Mia,2026-09-22 06:57:00,I have prepared the access review.
CONV00806,3,Mia,Leo,2026-09-22 06:58:00,Please include the backup status in the report.
CONV00806,4,Leo,Mia,2026-09-22 06:59:00,"Done, I will share it with the team."
CONV00807,1,Mia,Leo,2026-09-23 07:03:00,The security audit is scheduled for Friday.
CONV00807,2,Leo,Mia,2026-09-23 07:04:00,I have prepared the access review.
CONV00807,3,Mia,Leo,2026-09-23 07:05:00,Please include the backup status in the report.
CONV00807,4,Leo,Mia,2026-09-23 07:06:00,"Done, I will share it with the team."
CONV00808,1,Eli,June,2026-09-24 07:10:00,A contractor may have accessed confidential data without authorization.
CONV00808,2,June,Eli,2026-09-24 07:11:00,That could indicate an insider threat or data exfiltration.
CONV00808,3,Eli,June,2026-09-24 07:12:00,The audit shows an unusual access pattern.
CONV00808,4,June,Eli,2026-09-24 07:13:00,Preserve logs and send the case for human review.
CONV00809,1,Ravi,Meera,2026-09-25 07:17:00,The application may be vulnerable to SQL injection.
CONV00809,2,Meera,Ravi,2026-09-25 07:18:00,"The security test also detected cross-site scripting, or XSS."
CONV00809,3,Ravi,Meera,2026-09-25 07:19:00,We should review the vulnerable query and injected script handling.
CONV00809,4,Meera,Ravi,2026-09-25 07:20:00,Log the findings and apply the approved fixes.
CONV00810,1,Isha,Arun,2026-09-26 07:24:00,Did you enable multi-factor authentication?
CONV00810,2,Arun,Isha,2026-09-26 07:25:00,"Yes, MFA is enabled on my account."
CONV00810,3,Isha,Arun,2026-09-26 07:26:00,Thanks. The security patch is also available.
CONV00810,4,Arun,Isha,2026-09-26 07:27:00,I will install it today.
CONV00811,1,Tara,Neil,2026-09-27 07:31:00,The antivirus flagged a suspicious attachment.
CONV00811,2,Neil,Tara,2026-09-27 07:32:00,It was part of our malware-awareness training.
CONV00811,3,Tara,Neil,2026-09-27 07:33:00,"Okay, the security team confirmed it was a test."
CONV00811,4,Neil,Tara,2026-09-27 07:34:00,I will document the result.
CONV00812,1,Isha,Arun,2026-09-28 07:38:00,Did you enable multi-factor authentication?
CONV00812,2,Arun,Isha,2026-09-28 07:39:00,"Yes, MFA is enabled on my account."
CONV00812,3,Isha,Arun,2026-09-28 07:40:00,Thanks. The security patch is also available.
CONV00812,4,Arun,Isha,2026-09-28 07:41:00,I will install it today.
CONV00813,1,Alice,Bob,2026-09-01 07:45:00,I received a suspicious link asking me to verify your account.
CONV00813,2,Bob,Alice,2026-09-01 07:46:00,That could be a phishing link. Do not enter your login credentials.
CONV00813,3,Alice,Bob,2026-09-01 07:47:00,I already entered my password and now see an unauthorized login.
CONV00813,4,Bob,Alice,2026-09-01 07:48:00,"Change the password, enable MFA, and report the incident."
CONV00814,1,Alice,Bob,2026-09-02 07:52:00,I received a suspicious link asking me to verify your account.
CONV00814,2,Bob,Alice,2026-09-02 07:53:00,That could be a phishing link. Do not enter your login credentials.
CONV00814,3,Alice,Bob,2026-09-02 07:54:00,I already entered my password and now see an unauthorized login.
CONV00814,4,Bob,Alice,2026-09-02 07:55:00,"Change the password, enable MFA, and report the incident."
CONV00815,1,Isha,Arun,2026-09-03 07:59:00,Did you enable multi-factor authentication?
CONV00815,2,Arun,Isha,2026-09-03 08:00:00,"Yes, MFA is enabled on my account."
CONV00815,3,Isha,Arun,2026-09-03 08:01:00,Thanks. The security patch is also available.
CONV00815,4,Arun,Isha,2026-09-03 08:02:00,I will install it today.
CONV00816,1,Nina,Omar,2026-09-04 08:06:00,Several failed login attempts appeared on the admin account.
CONV00816,2,Omar,Nina,2026-09-04 08:07:00,Could this be a brute force attempt? Check the logs.
CONV00816,3,Nina,Omar,2026-09-04 08:08:00,The account may be compromised; I also found unusual access.
CONV00816,4,Omar,Nina,2026-09-04 08:09:00,Escalate this to incident response and preserve the evidence.
CONV00817,1,Mia,Leo,2026-09-05 08:13:00,The security audit is scheduled for Friday.
CONV00817,2,Leo,Mia,2026-09-05 08:14:00,I have prepared the access review.
CONV00817,3,Mia,Leo,2026-09-05 08:15:00,Please include the backup status in the report.
CONV00817,4,Leo,Mia,2026-09-05 08:16:00,"Done, I will share it with the team."
CONV00818,1,Alice,Bob,2026-09-06 08:20:00,I received a suspicious link asking me to verify your account.
CONV00818,2,Bob,Alice,2026-09-06 08:21:00,That could be a phishing link. Do not enter your login credentials.
CONV00818,3,Alice,Bob,2026-09-06 08:22:00,I already entered my password and now see an unauthorized login.
CONV00818,4,Bob,Alice,2026-09-06 08:23:00,"Change the password, enable MFA, and report the incident."
CONV00819,1,Ava,Noah,2026-09-07 08:27:00,Did the antivirus update finish?
CONV00819,2,Noah,Ava,2026-09-07 08:28:00,"Yes, the update completed this morning."
CONV00819,3,Ava,Noah,2026-09-07 08:29:00,"Great, please patch the server after lunch."
CONV00819,4,Noah,Ava,2026-09-07 08:30:00,I will confirm after the maintenance window.
CONV00820,1,Nina,Omar,2026-09-08 08:34:00,Several failed login attempts appeared on the admin account.
CONV00820,2,Omar,Nina,2026-09-08 08:35:00,Could this be a brute force attempt? Check the logs.
CONV00820,3,Nina,Omar,2026-09-08 08:36:00,The account may be compromised; I also found unusual access.
CONV00820,4,Omar,Nina,2026-09-08 08:37:00,Escalate this to incident response and preserve the evidence.
CONV00821,1,Nina,Omar,2026-09-09 08:41:00,Several failed login attempts appeared on the admin account.
CONV00821,2,Omar,Nina,2026-09-09 08:42:00,Could this be a brute force attempt? Check the logs.
CONV00821,3,Nina,Omar,2026-09-09 08:43:00,The account may be compromised; I also found unusual access.
CONV00821,4,Omar,Nina,2026-09-09 08:44:00,Escalate this to incident response and preserve the evidence.
CONV00822,1,Ava,Noah,2026-09-10 08:48:00,Did the antivirus update finish?
CONV00822,2,Noah,Ava,2026-09-10 08:49:00,"Yes, the update completed this morning."
CONV00822,3,Ava,Noah,2026-09-10 08:50:00,"Great, please patch the server after lunch."
CONV00822,4,Noah,Ava,2026-09-10 08:51:00,I will confirm after the maintenance window.
CONV00823,1,Kai,Zoe,2026-09-11 08:55:00,The shared files are encrypted and there is a ransom note.
CONV00823,2,Zoe,Kai,2026-09-11 08:56:00,This may be ransomware. Disconnect the affected host.
CONV00823,3,Kai,Zoe,2026-09-11 08:57:00,We need to check backups and the scope of the data breach.
CONV00823,4,Zoe,Kai,2026-09-11 08:58:00,Notify the security team; do not pay or delete evidence.
CONV00824,1,Ava,Noah,2026-09-12 09:02:00,Did the antivirus update finish?
CONV00824,2,Noah,Ava,2026-09-12 09:03:00,"Yes, the update completed this morning."
CONV00824,3,Ava,Noah,2026-09-12 09:04:00,"Great, please patch the server after lunch."
CONV00824,4,Noah,Ava,2026-09-12 09:05:00,I will confirm after the maintenance window.
CONV00825,1,Ravi,Meera,2026-09-13 09:09:00,The application may be vulnerable to SQL injection.
CONV00825,2,Meera,Ravi,2026-09-13 09:10:00,"The security test also detected cross-site scripting, or XSS."
CONV00825,3,Ravi,Meera,2026-09-13 09:11:00,We should review the vulnerable query and injected script handling.
CONV00825,4,Meera,Ravi,2026-09-13 09:12:00,Log the findings and apply the approved fixes.
CONV00826,1,Dev,Priya,2026-09-14 09:16:00,A suspicious download was found on the workstation.
CONV00826,2,Priya,Dev,2026-09-14 09:17:00,The file may contain malware or a trojan.
CONV00826,3,Dev,Priya,2026-09-14 09:18:00,The endpoint alert also mentions a keylogger.
CONV00826,4,Priya,Dev,2026-09-14 09:19:00,Isolate the device and follow the incident response procedure.
CONV00827,1,Nina,Omar,2026-09-15 09:23:00,Several failed login attempts appeared on the admin account.
CONV00827,2,Omar,Nina,2026-09-15 09:24:00,Could this be a brute force attempt? Check the logs.
CONV00827,3,Nina,Omar,2026-09-15 09:25:00,The account may be compromised; I also found unusual access.
CONV00827,4,Omar,Nina,2026-09-15 09:26:00,Escalate this to incident response and preserve the evidence.
CONV00828,1,Nina,Omar,2026-09-16 09:30:00,Several failed login attempts appeared on the admin account.
CONV00828,2,Omar,Nina,2026-09-16 09:31:00,Could this be a brute force attempt? Check the logs.
CONV00828,3,Nina,Omar,2026-09-16 09:32:00,The account may be compromised; I also found unusual access.
CONV00828,4,Omar,Nina,2026-09-16 09:33:00,Escalate this to incident response and preserve the evidence.
CONV00829,1,Alice,Bob,2026-09-17 09:37:00,I received a suspicious link asking me to verify your account.
CONV00829,2,Bob,Alice,2026-09-17 09:38:00,That could be a phishing link. Do not enter your login credentials.
CONV00829,3,Alice,Bob,2026-09-17 09:39:00,I already entered my password and now see an unauthorized login.
CONV00829,4,Bob,Alice,2026-09-17 09:40:00,"Change the password, enable MFA, and report the incident."
CONV00830,1,Sam,Riya,2026-09-18 09:44:00,The incident response drill starts at ten.
CONV00830,2,Riya,Sam,2026-09-18 09:45:00,I have the checklist ready.
CONV00830,3,Sam,Riya,2026-09-18 09:46:00,Please verify the firewall rule too.
CONV00830,4,Riya,Sam,2026-09-18 09:47:00,The configuration looks correct.
CONV00831,1,Nina,Omar,2026-09-19 09:51:00,Several failed login attempts appeared on the admin account.
CONV00831,2,Omar,Nina,2026-09-19 09:52:00,Could this be a brute force attempt? Check the logs.
CONV00831,3,Nina,Omar,2026-09-19 09:53:00,The account may be compromised; I also found unusual access.
CONV00831,4,Omar,Nina,2026-09-19 09:54:00,Escalate this to incident response and preserve the evidence.
CONV00832,1,Nina,Omar,2026-09-20 09:58:00,Several failed login attempts appeared on the admin account.
CONV00832,2,Omar,Nina,2026-09-20 09:59:00,Could this be a brute force attempt? Check the logs.
CONV00832,3,Nina,Omar,2026-09-20 10:00:00,The account may be compromised; I also found unusual access.
CONV00832,4,Omar,Nina,2026-09-20 10:01:00,Escalate this to incident response and preserve the evidence.
CONV00833,1,Eli,June,2026-09-21 10:05:00,A contractor may have accessed confidential data without authorization.
CONV00833,2,June,Eli,2026-09-21 10:06:00,That could indicate an insider threat or data exfiltration.
CONV00833,3,Eli,June,2026-09-21 10:07:00,The audit shows an unusual access pattern.
CONV00833,4,June,Eli,2026-09-21 10:08:00,Preserve logs and send the case for human review.
CONV00834,1,Ava,Noah,2026-09-22 10:12:00,Did the antivirus update finish?
CONV00834,2,Noah,Ava,2026-09-22 10:13:00,"Yes, the update completed this morning."
CONV00834,3,Ava,Noah,2026-09-22 10:14:00,"Great, please patch the server after lunch."
CONV00834,4,Noah,Ava,2026-09-22 10:15:00,I will confirm after the maintenance window.
CONV00835,1,Kai,Zoe,2026-09-23 10:19:00,The shared files are encrypted and there is a ransom note.
CONV00835,2,Zoe,Kai,2026-09-23 10:20:00,This may be ransomware. Disconnect the affected host.
CONV00835,3,Kai,Zoe,2026-09-23 10:21:00,We need to check backups and the scope of the data breach.
CONV00835,4,Zoe,Kai,2026-09-23 10:22:00,Notify the security team; do not pay or delete evidence.
CONV00836,1,Maya,Ben,2026-09-24 10:26:00,The security alert says there was an unusual login.
CONV00836,2,Ben,Maya,2026-09-24 10:27:00,It may be a false alarm; MFA succeeded.
CONV00836,3,Maya,Ben,2026-09-24 10:28:00,"Still, there were repeated login attempts before it."
CONV00836,4,Ben,Maya,2026-09-24 10:29:00,Let's review the logs before deciding.
CONV00837,1,Nina,Omar,2026-09-25 10:33:00,Several failed login attempts appeared on the admin account.
CONV00837,2,Omar,Nina,2026-09-25 10:34:00,Could this be a brute force attempt? Check the logs.
CONV00837,3,Nina,Omar,2026-09-25 10:35:00,The account may be compromised; I also found unusual access.
CONV00837,4,Omar,Nina,2026-09-25 10:36:00,Escalate this to incident response and preserve the evidence.
CONV00838,1,Nina,Omar,2026-09-26 10:40:00,Several failed login attempts appeared on the admin account.
CONV00838,2,Omar,Nina,2026-09-26 10:41:00,Could this be a brute force attempt? Check the logs.
CONV00838,3,Nina,Omar,2026-09-26 10:42:00,The account may be compromised; I also found unusual access.
CONV00838,4,Omar,Nina,2026-09-26 10:43:00,Escalate this to incident response and preserve the evidence.
CONV00839,1,Tara,Neil,2026-09-27 10:47:00,The antivirus flagged a suspicious attachment.
CONV00839,2,Neil,Tara,2026-09-27 10:48:00,It was part of our malware-awareness training.
CONV00839,3,Tara,Neil,2026-09-27 10:49:00,"Okay, the security team confirmed it was a test."
CONV00839,4,Neil,Tara,2026-09-27 10:50:00,I will document the result.
CONV00840,1,Nina,Omar,2026-09-28 10:54:00,Several failed login attempts appeared on the admin account.
CONV00840,2,Omar,Nina,2026-09-28 10:55:00,Could this be a brute force attempt? Check the logs.
CONV00840,3,Nina,Omar,2026-09-28 10:56:00,The account may be compromised; I also found unusual access.
CONV00840,4,Omar,Nina,2026-09-28 10:57:00,Escalate this to incident response and preserve the evidence.
CONV00841,1,Isha,Arun,2026-09-01 11:01:00,Did you enable multi-factor authentication?
CONV00841,2,Arun,Isha,2026-09-01 11:02:00,"Yes, MFA is enabled on my account."
CONV00841,3,Isha,Arun,2026-09-01 11:03:00,Thanks. The security patch is also available.
CONV00841,4,Arun,Isha,2026-09-01 11:04:00,I will install it today.
CONV00842,1,Nina,Omar,2026-09-02 11:08:00,Several failed login attempts appeared on the admin account.
CONV00842,2,Omar,Nina,2026-09-02 11:09:00,Could this be a brute force attempt? Check the logs.
CONV00842,3,Nina,Omar,2026-09-02 11:10:00,The account may be compromised; I also found unusual access.
CONV00842,4,Omar,Nina,2026-09-02 11:11:00,Escalate this to incident response and preserve the evidence.
CONV00843,1,Isha,Arun,2026-09-03 11:15:00,Did you enable multi-factor authentication?
CONV00843,2,Arun,Isha,2026-09-03 11:16:00,"Yes, MFA is enabled on my account."
CONV00843,3,Isha,Arun,2026-09-03 11:17:00,Thanks. The security patch is also available.
CONV00843,4,Arun,Isha,2026-09-03 11:18:00,I will install it today.
CONV00844,1,Ravi,Meera,2026-09-04 11:22:00,The application may be vulnerable to SQL injection.
CONV00844,2,Meera,Ravi,2026-09-04 11:23:00,"The security test also detected cross-site scripting, or XSS."
CONV00844,3,Ravi,Meera,2026-09-04 11:24:00,We should review the vulnerable query and injected script handling.
CONV00844,4,Meera,Ravi,2026-09-04 11:25:00,Log the findings and apply the approved fixes.
CONV00845,1,Ravi,Meera,2026-09-05 11:29:00,The application may be vulnerable to SQL injection.
CONV00845,2,Meera,Ravi,2026-09-05 11:30:00,"The security test also detected cross-site scripting, or XSS."
CONV00845,3,Ravi,Meera,2026-09-05 11:31:00,We should review the vulnerable query and injected script handling.
CONV00845,4,Meera,Ravi,2026-09-05 11:32:00,Log the findings and apply the approved fixes.
CONV00846,1,Dev,Priya,2026-09-06 11:36:00,A suspicious download was found on the workstation.
CONV00846,2,Priya,Dev,2026-09-06 11:37:00,The file may contain malware or a trojan.
CONV00846,3,Dev,Priya,2026-09-06 11:38:00,The endpoint alert also mentions a keylogger.
CONV00846,4,Priya,Dev,2026-09-06 11:39:00,Isolate the device and follow the incident response procedure.
CONV00847,1,Kai,Zoe,2026-09-07 11:43:00,The shared files are encrypted and there is a ransom note.
CONV00847,2,Zoe,Kai,2026-09-07 11:44:00,This may be ransomware. Disconnect the affected host.
CONV00847,3,Kai,Zoe,2026-09-07 11:45:00,We need to check backups and the scope of the data breach.
CONV00847,4,Zoe,Kai,2026-09-07 11:46:00,Notify the security team; do not pay or delete evidence.
CONV00848,1,Maya,Ben,2026-09-08 11:50:00,The security alert says there was an unusual login.
CONV00848,2,Ben,Maya,2026-09-08 11:51:00,It may be a false alarm; MFA succeeded.
CONV00848,3,Maya,Ben,2026-09-08 11:52:00,"Still, there were repeated login attempts before it."
CONV00848,4,Ben,Maya,2026-09-08 11:53:00,Let's review the logs before deciding.
CONV00849,1,Nina,Omar,2026-09-09 11:57:00,Several failed login attempts appeared on the admin account.
CONV00849,2,Omar,Nina,2026-09-09 11:58:00,Could this be a brute force attempt? Check the logs.
CONV00849,3,Nina,Omar,2026-09-09 11:59:00,The account may be compromised; I also found unusual access.
CONV00849,4,Omar,Nina,2026-09-09 12:00:00,Escalate this to incident response and preserve the evidence.
CONV00850,1,Mia,Leo,2026-09-10 12:04:00,The security audit is scheduled for Friday.
CONV00850,2,Leo,Mia,2026-09-10 12:05:00,I have prepared the access review.
CONV00850,3,Mia,Leo,2026-09-10 12:06:00,Please include the backup status in the report.
CONV00850,4,Leo,Mia,2026-09-10 12:07:00,"Done, I will share it with the team."
CONV00851,1,Mia,Leo,2026-09-11 12:11:00,The security audit is scheduled for Friday.
CONV00851,2,Leo,Mia,2026-09-11 12:12:00,I have prepared the access review.
CONV00851,3,Mia,Leo,2026-09-11 12:13:00,Please include the backup status in the report.
CONV00851,4,Leo,Mia,2026-09-11 12:14:00,"Done, I will share it with the team."
CONV00852,1,Isha,Arun,2026-09-12 12:18:00,Did you enable multi-factor authentication?
CONV00852,2,Arun,Isha,2026-09-12 12:19:00,"Yes, MFA is enabled on my account."
CONV00852,3,Isha,Arun,2026-09-12 12:20:00,Thanks. The security patch is also available.
CONV00852,4,Arun,Isha,2026-09-12 12:21:00,I will install it today.
CONV00853,1,Alice,Bob,2026-09-13 12:25:00,I received a suspicious link asking me to verify your account.
CONV00853,2,Bob,Alice,2026-09-13 12:26:00,That could be a phishing link. Do not enter your login credentials.
CONV00853,3,Alice,Bob,2026-09-13 12:27:00,I already entered my password and now see an unauthorized login.
CONV00853,4,Bob,Alice,2026-09-13 12:28:00,"Change the password, enable MFA, and report the incident."
CONV00854,1,Alice,Bob,2026-09-14 12:32:00,I received a suspicious link asking me to verify your account.
CONV00854,2,Bob,Alice,2026-09-14 12:33:00,That could be a phishing link. Do not enter your login credentials.
CONV00854,3,Alice,Bob,2026-09-14 12:34:00,I already entered my password and now see an unauthorized login.
CONV00854,4,Bob,Alice,2026-09-14 12:35:00,"Change the password, enable MFA, and report the incident."
CONV00855,1,Ravi,Meera,2026-09-15 12:39:00,The application may be vulnerable to SQL injection.
CONV00855,2,Meera,Ravi,2026-09-15 12:40:00,"The security test also detected cross-site scripting, or XSS."
CONV00855,3,Ravi,Meera,2026-09-15 12:41:00,We should review the vulnerable query and injected script handling.
CONV00855,4,Meera,Ravi,2026-09-15 12:42:00,Log the findings and apply the approved fixes.
CONV00856,1,Dev,Priya,2026-09-16 12:46:00,A suspicious download was found on the workstation.
CONV00856,2,Priya,Dev,2026-09-16 12:47:00,The file may contain malware or a trojan.
CONV00856,3,Dev,Priya,2026-09-16 12:48:00,The endpoint alert also mentions a keylogger.
CONV00856,4,Priya,Dev,2026-09-16 12:49:00,Isolate the device and follow the incident response procedure.
CONV00857,1,Isha,Arun,2026-09-17 12:53:00,Did you enable multi-factor authentication?
CONV00857,2,Arun,Isha,2026-09-17 12:54:00,"Yes, MFA is enabled on my account."
CONV00857,3,Isha,Arun,2026-09-17 12:55:00,Thanks. The security patch is also available.
CONV00857,4,Arun,Isha,2026-09-17 12:56:00,I will install it today.
CONV00858,1,Alice,Bob,2026-09-18 13:00:00,I received a suspicious link asking me to verify your account.
CONV00858,2,Bob,Alice,2026-09-18 13:01:00,That could be a phishing link. Do not enter your login credentials.
CONV00858,3,Alice,Bob,2026-09-18 13:02:00,I already entered my password and now see an unauthorized login.
CONV00858,4,Bob,Alice,2026-09-18 13:03:00,"Change the password, enable MFA, and report the incident."
CONV00859,1,Dev,Priya,2026-09-19 13:07:00,A suspicious download was found on the workstation.
CONV00859,2,Priya,Dev,2026-09-19 13:08:00,The file may contain malware or a trojan.
CONV00859,3,Dev,Priya,2026-09-19 13:09:00,The endpoint alert also mentions a keylogger.
CONV00859,4,Priya,Dev,2026-09-19 13:10:00,Isolate the device and follow the incident response procedure.
CONV00860,1,Ava,Noah,2026-09-20 13:14:00,Did the antivirus update finish?
CONV00860,2,Noah,Ava,2026-09-20 13:15:00,"Yes, the update completed this morning."
CONV00860,3,Ava,Noah,2026-09-20 13:16:00,"Great, please patch the server after lunch."
CONV00860,4,Noah,Ava,2026-09-20 13:17:00,I will confirm after the maintenance window.
CONV00861,1,Dev,Priya,2026-09-21 13:21:00,A suspicious download was found on the workstation.
CONV00861,2,Priya,Dev,2026-09-21 13:22:00,The file may contain malware or a trojan.
CONV00861,3,Dev,Priya,2026-09-21 13:23:00,The endpoint alert also mentions a keylogger.
CONV00861,4,Priya,Dev,2026-09-21 13:24:00,Isolate the device and follow the incident response procedure.
CONV00862,1,Kai,Zoe,2026-09-22 13:28:00,The shared files are encrypted and there is a ransom note.
CONV00862,2,Zoe,Kai,2026-09-22 13:29:00,This may be ransomware. Disconnect the affected host.
CONV00862,3,Kai,Zoe,2026-09-22 13:30:00,We need to check backups and the scope of the data breach.
CONV00862,4,Zoe,Kai,2026-09-22 13:31:00,Notify the security team; do not pay or delete evidence.
CONV00863,1,Nina,Omar,2026-09-23 13:35:00,Several failed login attempts appeared on the admin account.
CONV00863,2,Omar,Nina,2026-09-23 13:36:00,Could this be a brute force attempt? Check the logs.
CONV00863,3,Nina,Omar,2026-09-23 13:37:00,The account may be compromised; I also found unusual access.
CONV00863,4,Omar,Nina,2026-09-23 13:38:00,Escalate this to incident response and preserve the evidence.
CONV00864,1,Dev,Priya,2026-09-24 13:42:00,A suspicious download was found on the workstation.
CONV00864,2,Priya,Dev,2026-09-24 13:43:00,The file may contain malware or a trojan.
CONV00864,3,Dev,Priya,2026-09-24 13:44:00,The endpoint alert also mentions a keylogger.
CONV00864,4,Priya,Dev,2026-09-24 13:45:00,Isolate the device and follow the incident response procedure.
CONV00865,1,Nina,Omar,2026-09-25 13:49:00,Several failed login attempts appeared on the admin account.
CONV00865,2,Omar,Nina,2026-09-25 13:50:00,Could this be a brute force attempt? Check the logs.
CONV00865,3,Nina,Omar,2026-09-25 13:51:00,The account may be compromised; I also found unusual access.
CONV00865,4,Omar,Nina,2026-09-25 13:52:00,Escalate this to incident response and preserve the evidence.
CONV00866,1,Isha,Arun,2026-09-26 13:56:00,Did you enable multi-factor authentication?
CONV00866,2,Arun,Isha,2026-09-26 13:57:00,"Yes, MFA is enabled on my account."
CONV00866,3,Isha,Arun,2026-09-26 13:58:00,Thanks. The security patch is also available.
CONV00866,4,Arun,Isha,2026-09-26 13:59:00,I will install it today.
CONV00867,1,Dev,Priya,2026-09-27 14:03:00,A suspicious download was found on the workstation.
CONV00867,2,Priya,Dev,2026-09-27 14:04:00,The file may contain malware or a trojan.
CONV00867,3,Dev,Priya,2026-09-27 14:05:00,The endpoint alert also mentions a keylogger.
CONV00867,4,Priya,Dev,2026-09-27 14:06:00,Isolate the device and follow the incident response procedure.
CONV00868,1,Tara,Neil,2026-09-28 14:10:00,The antivirus flagged a suspicious attachment.
CONV00868,2,Neil,Tara,2026-09-28 14:11:00,It was part of our malware-awareness training.
CONV00868,3,Tara,Neil,2026-09-28 14:12:00,"Okay, the security team confirmed it was a test."
CONV00868,4,Neil,Tara,2026-09-28 14:13:00,I will document the result.
CONV00869,1,Eli,June,2026-09-01 14:17:00,A contractor may have accessed confidential data without authorization.
CONV00869,2,June,Eli,2026-09-01 14:18:00,That could indicate an insider threat or data exfiltration.
CONV00869,3,Eli,June,2026-09-01 14:19:00,The audit shows an unusual access pattern.
CONV00869,4,June,Eli,2026-09-01 14:20:00,Preserve logs and send the case for human review.
CONV00870,1,Sam,Riya,2026-09-02 14:24:00,The incident response drill starts at ten.
CONV00870,2,Riya,Sam,2026-09-02 14:25:00,I have the checklist ready.
CONV00870,3,Sam,Riya,2026-09-02 14:26:00,Please verify the firewall rule too.
CONV00870,4,Riya,Sam,2026-09-02 14:27:00,The configuration looks correct.
CONV00871,1,Alice,Bob,2026-09-03 14:31:00,I received a suspicious link asking me to verify your account.
CONV00871,2,Bob,Alice,2026-09-03 14:32:00,That could be a phishing link. Do not enter your login credentials.
CONV00871,3,Alice,Bob,2026-09-03 14:33:00,I already entered my password and now see an unauthorized login.
CONV00871,4,Bob,Alice,2026-09-03 14:34:00,"Change the password, enable MFA, and report the incident."
CONV00872,1,Maya,Ben,2026-09-04 14:38:00,The security alert says there was an unusual login.
CONV00872,2,Ben,Maya,2026-09-04 14:39:00,It may be a false alarm; MFA succeeded.
CONV00872,3,Maya,Ben,2026-09-04 14:40:00,"Still, there were repeated login attempts before it."
CONV00872,4,Ben,Maya,2026-09-04 14:41:00,Let's review the logs before deciding.
CONV00873,1,Ava,Noah,2026-09-05 14:45:00,Did the antivirus update finish?
CONV00873,2,Noah,Ava,2026-09-05 14:46:00,"Yes, the update completed this morning."
CONV00873,3,Ava,Noah,2026-09-05 14:47:00,"Great, please patch the server after lunch."
CONV00873,4,Noah,Ava,2026-09-05 14:48:00,I will confirm after the maintenance window.
CONV00874,1,Alice,Bob,2026-09-06 14:52:00,I received a suspicious link asking me to verify your account.
CONV00874,2,Bob,Alice,2026-09-06 14:53:00,That could be a phishing link. Do not enter your login credentials.
CONV00874,3,Alice,Bob,2026-09-06 14:54:00,I already entered my password and now see an unauthorized login.
CONV00874,4,Bob,Alice,2026-09-06 14:55:00,"Change the password, enable MFA, and report the incident."
CONV00875,1,Ravi,Meera,2026-09-07 14:59:00,The application may be vulnerable to SQL injection.
CONV00875,2,Meera,Ravi,2026-09-07 15:00:00,"The security test also detected cross-site scripting, or XSS."
CONV00875,3,Ravi,Meera,2026-09-07 15:01:00,We should review the vulnerable query and injected script handling.
CONV00875,4,Meera,Ravi,2026-09-07 15:02:00,Log the findings and apply the approved fixes.
CONV00876,1,Mia,Leo,2026-09-08 15:06:00,The security audit is scheduled for Friday.
CONV00876,2,Leo,Mia,2026-09-08 15:07:00,I have prepared the access review.
CONV00876,3,Mia,Leo,2026-09-08 15:08:00,Please include the backup status in the report.
CONV00876,4,Leo,Mia,2026-09-08 15:09:00,"Done, I will share it with the team."
CONV00877,1,Ravi,Meera,2026-09-09 15:13:00,The application may be vulnerable to SQL injection.
CONV00877,2,Meera,Ravi,2026-09-09 15:14:00,"The security test also detected cross-site scripting, or XSS."
CONV00877,3,Ravi,Meera,2026-09-09 15:15:00,We should review the vulnerable query and injected script handling.
CONV00877,4,Meera,Ravi,2026-09-09 15:16:00,Log the findings and apply the approved fixes.
CONV00878,1,Ravi,Meera,2026-09-10 15:20:00,The application may be vulnerable to SQL injection.
CONV00878,2,Meera,Ravi,2026-09-10 15:21:00,"The security test also detected cross-site scripting, or XSS."
CONV00878,3,Ravi,Meera,2026-09-10 15:22:00,We should review the vulnerable query and injected script handling.
CONV00878,4,Meera,Ravi,2026-09-10 15:23:00,Log the findings and apply the approved fixes.
CONV00879,1,Eli,June,2026-09-11 15:27:00,A contractor may have accessed confidential data without authorization.
CONV00879,2,June,Eli,2026-09-11 15:28:00,That could indicate an insider threat or data exfiltration.
CONV00879,3,Eli,June,2026-09-11 15:29:00,The audit shows an unusual access pattern.
CONV00879,4,June,Eli,2026-09-11 15:30:00,Preserve logs and send the case for human review.
CONV00880,1,Ava,Noah,2026-09-12 15:34:00,Did the antivirus update finish?
CONV00880,2,Noah,Ava,2026-09-12 15:35:00,"Yes, the update completed this morning."
CONV00880,3,Ava,Noah,2026-09-12 15:36:00,"Great, please patch the server after lunch."
CONV00880,4,Noah,Ava,2026-09-12 15:37:00,I will confirm after the maintenance window.
CONV00881,1,Dev,Priya,2026-09-13 15:41:00,A suspicious download was found on the workstation.
CONV00881,2,Priya,Dev,2026-09-13 15:42:00,The file may contain malware or a trojan.
CONV00881,3,Dev,Priya,2026-09-13 15:43:00,The endpoint alert also mentions a keylogger.
CONV00881,4,Priya,Dev,2026-09-13 15:44:00,Isolate the device and follow the incident response procedure.
CONV00882,1,Dev,Priya,2026-09-14 15:48:00,A suspicious download was found on the workstation.
CONV00882,2,Priya,Dev,2026-09-14 15:49:00,The file may contain malware or a trojan.
CONV00882,3,Dev,Priya,2026-09-14 15:50:00,The endpoint alert also mentions a keylogger.
CONV00882,4,Priya,Dev,2026-09-14 15:51:00,Isolate the device and follow the incident response procedure.
CONV00883,1,Ravi,Meera,2026-09-15 15:55:00,The application may be vulnerable to SQL injection.
CONV00883,2,Meera,Ravi,2026-09-15 15:56:00,"The security test also detected cross-site scripting, or XSS."
CONV00883,3,Ravi,Meera,2026-09-15 15:57:00,We should review the vulnerable query and injected script handling.
CONV00883,4,Meera,Ravi,2026-09-15 15:58:00,Log the findings and apply the approved fixes.
CONV00884,1,Kai,Zoe,2026-09-16 16:02:00,The shared files are encrypted and there is a ransom note.
CONV00884,2,Zoe,Kai,2026-09-16 16:03:00,This may be ransomware. Disconnect the affected host.
CONV00884,3,Kai,Zoe,2026-09-16 16:04:00,We need to check backups and the scope of the data breach.
CONV00884,4,Zoe,Kai,2026-09-16 16:05:00,Notify the security team; do not pay or delete evidence.
CONV00885,1,Tara,Neil,2026-09-17 16:09:00,The antivirus flagged a suspicious attachment.
CONV00885,2,Neil,Tara,2026-09-17 16:10:00,It was part of our malware-awareness training.
CONV00885,3,Tara,Neil,2026-09-17 16:11:00,"Okay, the security team confirmed it was a test."
CONV00885,4,Neil,Tara,2026-09-17 16:12:00,I will document the result.
CONV00886,1,Isha,Arun,2026-09-18 16:16:00,Did you enable multi-factor authentication?
CONV00886,2,Arun,Isha,2026-09-18 16:17:00,"Yes, MFA is enabled on my account."
CONV00886,3,Isha,Arun,2026-09-18 16:18:00,Thanks. The security patch is also available.
CONV00886,4,Arun,Isha,2026-09-18 16:19:00,I will install it today.
CONV00887,1,Tara,Neil,2026-09-19 16:23:00,The antivirus flagged a suspicious attachment.
CONV00887,2,Neil,Tara,2026-09-19 16:24:00,It was part of our malware-awareness training.
CONV00887,3,Tara,Neil,2026-09-19 16:25:00,"Okay, the security team confirmed it was a test."
CONV00887,4,Neil,Tara,2026-09-19 16:26:00,I will document the result.
CONV00888,1,Dev,Priya,2026-09-20 16:30:00,A suspicious download was found on the workstation.
CONV00888,2,Priya,Dev,2026-09-20 16:31:00,The file may contain malware or a trojan.
CONV00888,3,Dev,Priya,2026-09-20 16:32:00,The endpoint alert also mentions a keylogger.
CONV00888,4,Priya,Dev,2026-09-20 16:33:00,Isolate the device and follow the incident response procedure.
CONV00889,1,Tara,Neil,2026-09-21 16:37:00,The antivirus flagged a suspicious attachment.
CONV00889,2,Neil,Tara,2026-09-21 16:38:00,It was part of our malware-awareness training.
CONV00889,3,Tara,Neil,2026-09-21 16:39:00,"Okay, the security team confirmed it was a test."
CONV00889,4,Neil,Tara,2026-09-21 16:40:00,I will document the result.
CONV00890,1,Dev,Priya,2026-09-22 16:44:00,A suspicious download was found on the workstation.
CONV00890,2,Priya,Dev,2026-09-22 16:45:00,The file may contain malware or a trojan.
CONV00890,3,Dev,Priya,2026-09-22 16:46:00,The endpoint alert also mentions a keylogger.
CONV00890,4,Priya,Dev,2026-09-22 16:47:00,Isolate the device and follow the incident response procedure.
CONV00891,1,Kai,Zoe,2026-09-23 16:51:00,The shared files are encrypted and there is a ransom note.
CONV00891,2,Zoe,Kai,2026-09-23 16:52:00,This may be ransomware. Disconnect the affected host.
CONV00891,3,Kai,Zoe,2026-09-23 16:53:00,We need to check backups and the scope of the data breach.
CONV00891,4,Zoe,Kai,2026-09-23 16:54:00,Notify the security team; do not pay or delete evidence.
CONV00892,1,Mia,Leo,2026-09-24 16:58:00,The security audit is scheduled for Friday.
CONV00892,2,Leo,Mia,2026-09-24 16:59:00,I have prepared the access review.
CONV00892,3,Mia,Leo,2026-09-24 17:00:00,Please include the backup status in the report.
CONV00892,4,Leo,Mia,2026-09-24 17:01:00,"Done, I will share it with the team."
CONV00893,1,Tara,Neil,2026-09-25 17:05:00,The antivirus flagged a suspicious attachment.
CONV00893,2,Neil,Tara,2026-09-25 17:06:00,It was part of our malware-awareness training.
CONV00893,3,Tara,Neil,2026-09-25 17:07:00,"Okay, the security team confirmed it was a test."
CONV00893,4,Neil,Tara,2026-09-25 17:08:00,I will document the result.
CONV00894,1,Kai,Zoe,2026-09-26 17:12:00,The shared files are encrypted and there is a ransom note.
CONV00894,2,Zoe,Kai,2026-09-26 17:13:00,This may be ransomware. Disconnect the affected host.
CONV00894,3,Kai,Zoe,2026-09-26 17:14:00,We need to check backups and the scope of the data breach.
CONV00894,4,Zoe,Kai,2026-09-26 17:15:00,Notify the security team; do not pay or delete evidence.
CONV00895,1,Sam,Riya,2026-09-27 17:19:00,The incident response drill starts at ten.
CONV00895,2,Riya,Sam,2026-09-27 17:20:00,I have the checklist ready.
CONV00895,3,Sam,Riya,2026-09-27 17:21:00,Please verify the firewall rule too.
CONV00895,4,Riya,Sam,2026-09-27 17:22:00,The configuration looks correct.
CONV00896,1,Dev,Priya,2026-09-28 17:26:00,A suspicious download was found on the workstation.
CONV00896,2,Priya,Dev,2026-09-28 17:27:00,The file may contain malware or a trojan.
CONV00896,3,Dev,Priya,2026-09-28 17:28:00,The endpoint alert also mentions a keylogger.
CONV00896,4,Priya,Dev,2026-09-28 17:29:00,Isolate the device and follow the incident response procedure.
CONV00897,1,Alice,Bob,2026-09-01 17:33:00,I received a suspicious link asking me to verify your account.
CONV00897,2,Bob,Alice,2026-09-01 17:34:00,That could be a phishing link. Do not enter your login credentials.
CONV00897,3,Alice,Bob,2026-09-01 17:35:00,I already entered my password and now see an unauthorized login.
CONV00897,4,Bob,Alice,2026-09-01 17:36:00,"Change the password, enable MFA, and report the incident."
CONV00898,1,Dev,Priya,2026-09-02 17:40:00,A suspicious download was found on the workstation.
CONV00898,2,Priya,Dev,2026-09-02 17:41:00,The file may contain malware or a trojan.
CONV00898,3,Dev,Priya,2026-09-02 17:42:00,The endpoint alert also mentions a keylogger.
CONV00898,4,Priya,Dev,2026-09-02 17:43:00,Isolate the device and follow the incident response procedure.
CONV00899,1,Sam,Riya,2026-09-03 17:47:00,The incident response drill starts at ten.
CONV00899,2,Riya,Sam,2026-09-03 17:48:00,I have the checklist ready.
CONV00899,3,Sam,Riya,2026-09-03 17:49:00,Please verify the firewall rule too.
CONV00899,4,Riya,Sam,2026-09-03 17:50:00,The configuration looks correct.
CONV00900,1,Maya,Ben,2026-09-04 17:54:00,The security alert says there was an unusual login.
CONV00900,2,Ben,Maya,2026-09-04 17:55:00,It may be a false alarm; MFA succeeded.
CONV00900,3,Maya,Ben,2026-09-04 17:56:00,"Still, there were repeated login attempts before it."
CONV00900,4,Ben,Maya,2026-09-04 17:57:00,Let's review the logs before deciding.
CONV00901,1,Kai,Zoe,2026-09-05 18:01:00,The shared files are encrypted and there is a ransom note.
CONV00901,2,Zoe,Kai,2026-09-05 18:02:00,This may be ransomware. Disconnect the affected host.
CONV00901,3,Kai,Zoe,2026-09-05 18:03:00,We need to check backups and the scope of the data breach.
CONV00901,4,Zoe,Kai,2026-09-05 18:04:00,Notify the security team; do not pay or delete evidence.
CONV00902,1,Maya,Ben,2026-09-06 18:08:00,The security alert says there was an unusual login.
CONV00902,2,Ben,Maya,2026-09-06 18:09:00,It may be a false alarm; MFA succeeded.
CONV00902,3,Maya,Ben,2026-09-06 18:10:00,"Still, there were repeated login attempts before it."
CONV00902,4,Ben,Maya,2026-09-06 18:11:00,Let's review the logs before deciding.
CONV00903,1,Alice,Bob,2026-09-07 18:15:00,I received a suspicious link asking me to verify your account.
CONV00903,2,Bob,Alice,2026-09-07 18:16:00,That could be a phishing link. Do not enter your login credentials.
CONV00903,3,Alice,Bob,2026-09-07 18:17:00,I already entered my password and now see an unauthorized login.
CONV00903,4,Bob,Alice,2026-09-07 18:18:00,"Change the password, enable MFA, and report the incident."
CONV00904,1,Mia,Leo,2026-09-08 18:22:00,The security audit is scheduled for Friday.
CONV00904,2,Leo,Mia,2026-09-08 18:23:00,I have prepared the access review.
CONV00904,3,Mia,Leo,2026-09-08 18:24:00,Please include the backup status in the report.
CONV00904,4,Leo,Mia,2026-09-08 18:25:00,"Done, I will share it with the team."
CONV00905,1,Nina,Omar,2026-09-09 18:29:00,Several failed login attempts appeared on the admin account.
CONV00905,2,Omar,Nina,2026-09-09 18:30:00,Could this be a brute force attempt? Check the logs.
CONV00905,3,Nina,Omar,2026-09-09 18:31:00,The account may be compromised; I also found unusual access.
CONV00905,4,Omar,Nina,2026-09-09 18:32:00,Escalate this to incident response and preserve the evidence.
CONV00906,1,Maya,Ben,2026-09-10 18:36:00,The security alert says there was an unusual login.
CONV00906,2,Ben,Maya,2026-09-10 18:37:00,It may be a false alarm; MFA succeeded.
CONV00906,3,Maya,Ben,2026-09-10 18:38:00,"Still, there were repeated login attempts before it."
CONV00906,4,Ben,Maya,2026-09-10 18:39:00,Let's review the logs before deciding.
CONV00907,1,Nina,Omar,2026-09-11 18:43:00,Several failed login attempts appeared on the admin account.
CONV00907,2,Omar,Nina,2026-09-11 18:44:00,Could this be a brute force attempt? Check the logs.
CONV00907,3,Nina,Omar,2026-09-11 18:45:00,The account may be compromised; I also found unusual access.
CONV00907,4,Omar,Nina,2026-09-11 18:46:00,Escalate this to incident response and preserve the evidence.
CONV00908,1,Isha,Arun,2026-09-12 18:50:00,Did you enable multi-factor authentication?
CONV00908,2,Arun,Isha,2026-09-12 18:51:00,"Yes, MFA is enabled on my account."
CONV00908,3,Isha,Arun,2026-09-12 18:52:00,Thanks. The security patch is also available.
CONV00908,4,Arun,Isha,2026-09-12 18:53:00,I will install it today.
CONV00909,1,Mia,Leo,2026-09-13 18:57:00,The security audit is scheduled for Friday.
CONV00909,2,Leo,Mia,2026-09-13 18:58:00,I have prepared the access review.
CONV00909,3,Mia,Leo,2026-09-13 18:59:00,Please include the backup status in the report.
CONV00909,4,Leo,Mia,2026-09-13 19:00:00,"Done, I will share it with the team."
CONV00910,1,Kai,Zoe,2026-09-14 19:04:00,The shared files are encrypted and there is a ransom note.
CONV00910,2,Zoe,Kai,2026-09-14 19:05:00,This may be ransomware. Disconnect the affected host.
CONV00910,3,Kai,Zoe,2026-09-14 19:06:00,We need to check backups and the scope of the data breach.
CONV00910,4,Zoe,Kai,2026-09-14 19:07:00,Notify the security team; do not pay or delete evidence.
CONV00911,1,Isha,Arun,2026-09-15 19:11:00,Did you enable multi-factor authentication?
CONV00911,2,Arun,Isha,2026-09-15 19:12:00,"Yes, MFA is enabled on my account."
CONV00911,3,Isha,Arun,2026-09-15 19:13:00,Thanks. The security patch is also available.
CONV00911,4,Arun,Isha,2026-09-15 19:14:00,I will install it today.
CONV00912,1,Alice,Bob,2026-09-16 19:18:00,I received a suspicious link asking me to verify your account.
CONV00912,2,Bob,Alice,2026-09-16 19:19:00,That could be a phishing link. Do not enter your login credentials.
CONV00912,3,Alice,Bob,2026-09-16 19:20:00,I already entered my password and now see an unauthorized login.
CONV00912,4,Bob,Alice,2026-09-16 19:21:00,"Change the password, enable MFA, and report the incident."
CONV00913,1,Ravi,Meera,2026-09-17 19:25:00,The application may be vulnerable to SQL injection.
CONV00913,2,Meera,Ravi,2026-09-17 19:26:00,"The security test also detected cross-site scripting, or XSS."
CONV00913,3,Ravi,Meera,2026-09-17 19:27:00,We should review the vulnerable query and injected script handling.
CONV00913,4,Meera,Ravi,2026-09-17 19:28:00,Log the findings and apply the approved fixes.
CONV00914,1,Kai,Zoe,2026-09-18 19:32:00,The shared files are encrypted and there is a ransom note.
CONV00914,2,Zoe,Kai,2026-09-18 19:33:00,This may be ransomware. Disconnect the affected host.
CONV00914,3,Kai,Zoe,2026-09-18 19:34:00,We need to check backups and the scope of the data breach.
CONV00914,4,Zoe,Kai,2026-09-18 19:35:00,Notify the security team; do not pay or delete evidence.
CONV00915,1,Ravi,Meera,2026-09-19 19:39:00,The application may be vulnerable to SQL injection.
CONV00915,2,Meera,Ravi,2026-09-19 19:40:00,"The security test also detected cross-site scripting, or XSS."
CONV00915,3,Ravi,Meera,2026-09-19 19:41:00,We should review the vulnerable query and injected script handling.
CONV00915,4,Meera,Ravi,2026-09-19 19:42:00,Log the findings and apply the approved fixes.
CONV00916,1,Isha,Arun,2026-09-20 19:46:00,Did you enable multi-factor authentication?
CONV00916,2,Arun,Isha,2026-09-20 19:47:00,"Yes, MFA is enabled on my account."
CONV00916,3,Isha,Arun,2026-09-20 19:48:00,Thanks. The security patch is also available.
CONV00916,4,Arun,Isha,2026-09-20 19:49:00,I will install it today.
CONV00917,1,Alice,Bob,2026-09-21 19:53:00,I received a suspicious link asking me to verify your account.
CONV00917,2,Bob,Alice,2026-09-21 19:54:00,That could be a phishing link. Do not enter your login credentials.
CONV00917,3,Alice,Bob,2026-09-21 19:55:00,I already entered my password and now see an unauthorized login.
CONV00917,4,Bob,Alice,2026-09-21 19:56:00,"Change the password, enable MFA, and report the incident."
CONV00918,1,Dev,Priya,2026-09-22 20:00:00,A suspicious download was found on the workstation.
CONV00918,2,Priya,Dev,2026-09-22 20:01:00,The file may contain malware or a trojan.
CONV00918,3,Dev,Priya,2026-09-22 20:02:00,The endpoint alert also mentions a keylogger.
CONV00918,4,Priya,Dev,2026-09-22 20:03:00,Isolate the device and follow the incident response procedure.
CONV00919,1,Kai,Zoe,2026-09-23 20:07:00,The shared files are encrypted and there is a ransom note.
CONV00919,2,Zoe,Kai,2026-09-23 20:08:00,This may be ransomware. Disconnect the affected host.
CONV00919,3,Kai,Zoe,2026-09-23 20:09:00,We need to check backups and the scope of the data breach.
CONV00919,4,Zoe,Kai,2026-09-23 20:10:00,Notify the security team; do not pay or delete evidence.
CONV00920,1,Ravi,Meera,2026-09-24 20:14:00,The application may be vulnerable to SQL injection.
CONV00920,2,Meera,Ravi,2026-09-24 20:15:00,"The security test also detected cross-site scripting, or XSS."
CONV00920,3,Ravi,Meera,2026-09-24 20:16:00,We should review the vulnerable query and injected script handling.
CONV00920,4,Meera,Ravi,2026-09-24 20:17:00,Log the findings and apply the approved fixes.
CONV00921,1,Isha,Arun,2026-09-25 20:21:00,Did you enable multi-factor authentication?
CONV00921,2,Arun,Isha,2026-09-25 20:22:00,"Yes, MFA is enabled on my account."
CONV00921,3,Isha,Arun,2026-09-25 20:23:00,Thanks. The security patch is also available.
CONV00921,4,Arun,Isha,2026-09-25 20:24:00,I will install it today.
CONV00922,1,Isha,Arun,2026-09-26 20:28:00,Did you enable multi-factor authentication?
CONV00922,2,Arun,Isha,2026-09-26 20:29:00,"Yes, MFA is enabled on my account."
CONV00922,3,Isha,Arun,2026-09-26 20:30:00,Thanks. The security patch is also available.
CONV00922,4,Arun,Isha,2026-09-26 20:31:00,I will install it today.
CONV00923,1,Eli,June,2026-09-27 20:35:00,A contractor may have accessed confidential data without authorization.
CONV00923,2,June,Eli,2026-09-27 20:36:00,That could indicate an insider threat or data exfiltration.
CONV00923,3,Eli,June,2026-09-27 20:37:00,The audit shows an unusual access pattern.
CONV00923,4,June,Eli,2026-09-27 20:38:00,Preserve logs and send the case for human review.
CONV00924,1,Tara,Neil,2026-09-28 20:42:00,The antivirus flagged a suspicious attachment.
CONV00924,2,Neil,Tara,2026-09-28 20:43:00,It was part of our malware-awareness training.
CONV00924,3,Tara,Neil,2026-09-28 20:44:00,"Okay, the security team confirmed it was a test."
CONV00924,4,Neil,Tara,2026-09-28 20:45:00,I will document the result.
CONV00925,1,Isha,Arun,2026-09-01 20:49:00,Did you enable multi-factor authentication?
CONV00925,2,Arun,Isha,2026-09-01 20:50:00,"Yes, MFA is enabled on my account."
CONV00925,3,Isha,Arun,2026-09-01 20:51:00,Thanks. The security patch is also available.
CONV00925,4,Arun,Isha,2026-09-01 20:52:00,I will install it today.
CONV00926,1,Isha,Arun,2026-09-02 20:56:00,Did you enable multi-factor authentication?
CONV00926,2,Arun,Isha,2026-09-02 20:57:00,"Yes, MFA is enabled on my account."
CONV00926,3,Isha,Arun,2026-09-02 20:58:00,Thanks. The security patch is also available.
CONV00926,4,Arun,Isha,2026-09-02 20:59:00,I will install it today.
CONV00927,1,Tara,Neil,2026-09-03 21:03:00,The antivirus flagged a suspicious attachment.
CONV00927,2,Neil,Tara,2026-09-03 21:04:00,It was part of our malware-awareness training.
CONV00927,3,Tara,Neil,2026-09-03 21:05:00,"Okay, the security team confirmed it was a test."
CONV00927,4,Neil,Tara,2026-09-03 21:06:00,I will document the result.
CONV00928,1,Alice,Bob,2026-09-04 21:10:00,I received a suspicious link asking me to verify your account.
CONV00928,2,Bob,Alice,2026-09-04 21:11:00,That could be a phishing link. Do not enter your login credentials.
CONV00928,3,Alice,Bob,2026-09-04 21:12:00,I already entered my password and now see an unauthorized login.
CONV00928,4,Bob,Alice,2026-09-04 21:13:00,"Change the password, enable MFA, and report the incident."
CONV00929,1,Alice,Bob,2026-09-05 21:17:00,I received a suspicious link asking me to verify your account.
CONV00929,2,Bob,Alice,2026-09-05 21:18:00,That could be a phishing link. Do not enter your login credentials.
CONV00929,3,Alice,Bob,2026-09-05 21:19:00,I already entered my password and now see an unauthorized login.
CONV00929,4,Bob,Alice,2026-09-05 21:20:00,"Change the password, enable MFA, and report the incident."
CONV00930,1,Ravi,Meera,2026-09-06 21:24:00,The application may be vulnerable to SQL injection.
CONV00930,2,Meera,Ravi,2026-09-06 21:25:00,"The security test also detected cross-site scripting, or XSS."
CONV00930,3,Ravi,Meera,2026-09-06 21:26:00,We should review the vulnerable query and injected script handling.
CONV00930,4,Meera,Ravi,2026-09-06 21:27:00,Log the findings and apply the approved fixes.
CONV00931,1,Eli,June,2026-09-07 21:31:00,A contractor may have accessed confidential data without authorization.
CONV00931,2,June,Eli,2026-09-07 21:32:00,That could indicate an insider threat or data exfiltration.
CONV00931,3,Eli,June,2026-09-07 21:33:00,The audit shows an unusual access pattern.
CONV00931,4,June,Eli,2026-09-07 21:34:00,Preserve logs and send the case for human review.
CONV00932,1,Kai,Zoe,2026-09-08 21:38:00,The shared files are encrypted and there is a ransom note.
CONV00932,2,Zoe,Kai,2026-09-08 21:39:00,This may be ransomware. Disconnect the affected host.
CONV00932,3,Kai,Zoe,2026-09-08 21:40:00,We need to check backups and the scope of the data breach.
CONV00932,4,Zoe,Kai,2026-09-08 21:41:00,Notify the security team; do not pay or delete evidence.
CONV00933,1,Mia,Leo,2026-09-09 21:45:00,The security audit is scheduled for Friday.
CONV00933,2,Leo,Mia,2026-09-09 21:46:00,I have prepared the access review.
CONV00933,3,Mia,Leo,2026-09-09 21:47:00,Please include the backup status in the report.
CONV00933,4,Leo,Mia,2026-09-09 21:48:00,"Done, I will share it with the team."
CONV00934,1,Ravi,Meera,2026-09-10 21:52:00,The application may be vulnerable to SQL injection.
CONV00934,2,Meera,Ravi,2026-09-10 21:53:00,"The security test also detected cross-site scripting, or XSS."
CONV00934,3,Ravi,Meera,2026-09-10 21:54:00,We should review the vulnerable query and injected script handling.
CONV00934,4,Meera,Ravi,2026-09-10 21:55:00,Log the findings and apply the approved fixes.
CONV00935,1,Eli,June,2026-09-11 21:59:00,A contractor may have accessed confidential data without authorization.
CONV00935,2,June,Eli,2026-09-11 22:00:00,That could indicate an insider threat or data exfiltration.
CONV00935,3,Eli,June,2026-09-11 22:01:00,The audit shows an unusual access pattern.
CONV00935,4,June,Eli,2026-09-11 22:02:00,Preserve logs and send the case for human review.
CONV00936,1,Sam,Riya,2026-09-12 22:06:00,The incident response drill starts at ten.
CONV00936,2,Riya,Sam,2026-09-12 22:07:00,I have the checklist ready.
CONV00936,3,Sam,Riya,2026-09-12 22:08:00,Please verify the firewall rule too.
CONV00936,4,Riya,Sam,2026-09-12 22:09:00,The configuration looks correct.
CONV00937,1,Mia,Leo,2026-09-13 22:13:00,The security audit is scheduled for Friday.
CONV00937,2,Leo,Mia,2026-09-13 22:14:00,I have prepared the access review.
CONV00937,3,Mia,Leo,2026-09-13 22:15:00,Please include the backup status in the report.
CONV00937,4,Leo,Mia,2026-09-13 22:16:00,"Done, I will share it with the team."
CONV00938,1,Isha,Arun,2026-09-14 22:20:00,Did you enable multi-factor authentication?
CONV00938,2,Arun,Isha,2026-09-14 22:21:00,"Yes, MFA is enabled on my account."
CONV00938,3,Isha,Arun,2026-09-14 22:22:00,Thanks. The security patch is also available.
CONV00938,4,Arun,Isha,2026-09-14 22:23:00,I will install it today.
CONV00939,1,Mia,Leo,2026-09-15 22:27:00,The security audit is scheduled for Friday.
CONV00939,2,Leo,Mia,2026-09-15 22:28:00,I have prepared the access review.
CONV00939,3,Mia,Leo,2026-09-15 22:29:00,Please include the backup status in the report.
CONV00939,4,Leo,Mia,2026-09-15 22:30:00,"Done, I will share it with the team."
CONV00940,1,Tara,Neil,2026-09-16 22:34:00,The antivirus flagged a suspicious attachment.
CONV00940,2,Neil,Tara,2026-09-16 22:35:00,It was part of our malware-awareness training.
CONV00940,3,Tara,Neil,2026-09-16 22:36:00,"Okay, the security team confirmed it was a test."
CONV00940,4,Neil,Tara,2026-09-16 22:37:00,I will document the result.
CONV00941,1,Alice,Bob,2026-09-17 22:41:00,I received a suspicious link asking me to verify your account.
CONV00941,2,Bob,Alice,2026-09-17 22:42:00,That could be a phishing link. Do not enter your login credentials.
CONV00941,3,Alice,Bob,2026-09-17 22:43:00,I already entered my password and now see an unauthorized login.
CONV00941,4,Bob,Alice,2026-09-17 22:44:00,"Change the password, enable MFA, and report the incident."
CONV00942,1,Sam,Riya,2026-09-18 22:48:00,The incident response drill starts at ten.
CONV00942,2,Riya,Sam,2026-09-18 22:49:00,I have the checklist ready.
CONV00942,3,Sam,Riya,2026-09-18 22:50:00,Please verify the firewall rule too.
CONV00942,4,Riya,Sam,2026-09-18 22:51:00,The configuration looks correct.
CONV00943,1,Isha,Arun,2026-09-19 22:55:00,Did you enable multi-factor authentication?
CONV00943,2,Arun,Isha,2026-09-19 22:56:00,"Yes, MFA is enabled on my account."
CONV00943,3,Isha,Arun,2026-09-19 22:57:00,Thanks. The security patch is also available.
CONV00943,4,Arun,Isha,2026-09-19 22:58:00,I will install it today.
CONV00944,1,Ava,Noah,2026-09-20 23:02:00,Did the antivirus update finish?
CONV00944,2,Noah,Ava,2026-09-20 23:03:00,"Yes, the update completed this morning."
CONV00944,3,Ava,Noah,2026-09-20 23:04:00,"Great, please patch the server after lunch."
CONV00944,4,Noah,Ava,2026-09-20 23:05:00,I will confirm after the maintenance window.
CONV00945,1,Dev,Priya,2026-09-21 23:09:00,A suspicious download was found on the workstation.
CONV00945,2,Priya,Dev,2026-09-21 23:10:00,The file may contain malware or a trojan.
CONV00945,3,Dev,Priya,2026-09-21 23:11:00,The endpoint alert also mentions a keylogger.
CONV00945,4,Priya,Dev,2026-09-21 23:12:00,Isolate the device and follow the incident response procedure.
CONV00946,1,Dev,Priya,2026-09-22 23:16:00,A suspicious download was found on the workstation.
CONV00946,2,Priya,Dev,2026-09-22 23:17:00,The file may contain malware or a trojan.
CONV00946,3,Dev,Priya,2026-09-22 23:18:00,The endpoint alert also mentions a keylogger.
CONV00946,4,Priya,Dev,2026-09-22 23:19:00,Isolate the device and follow the incident response procedure.
CONV00947,1,Sam,Riya,2026-09-23 23:23:00,The incident response drill starts at ten.
CONV00947,2,Riya,Sam,2026-09-23 23:24:00,I have the checklist ready.
CONV00947,3,Sam,Riya,2026-09-23 23:25:00,Please verify the firewall rule too.
CONV00947,4,Riya,Sam,2026-09-23 23:26:00,The configuration looks correct.
CONV00948,1,Nina,Omar,2026-09-24 23:30:00,Several failed login attempts appeared on the admin account.
CONV00948,2,Omar,Nina,2026-09-24 23:31:00,Could this be a brute force attempt? Check the logs.
CONV00948,3,Nina,Omar,2026-09-24 23:32:00,The account may be compromised; I also found unusual access.
CONV00948,4,Omar,Nina,2026-09-24 23:33:00,Escalate this to incident response and preserve the evidence.
CONV00949,1,Ava,Noah,2026-09-25 23:37:00,Did the antivirus update finish?
CONV00949,2,Noah,Ava,2026-09-25 23:38:00,"Yes, the update completed this morning."
CONV00949,3,Ava,Noah,2026-09-25 23:39:00,"Great, please patch the server after lunch."
CONV00949,4,Noah,Ava,2026-09-25 23:40:00,I will confirm after the maintenance window.
CONV00950,1,Eli,June,2026-09-26 23:44:00,A contractor may have accessed confidential data without authorization.
CONV00950,2,June,Eli,2026-09-26 23:45:00,That could indicate an insider threat or data exfiltration.
CONV00950,3,Eli,June,2026-09-26 23:46:00,The audit shows an unusual access pattern.
CONV00950,4,June,Eli,2026-09-26 23:47:00,Preserve logs and send the case for human review.
CONV00951,1,Kai,Zoe,2026-09-27 23:51:00,The shared files are encrypted and there is a ransom note.
CONV00951,2,Zoe,Kai,2026-09-27 23:52:00,This may be ransomware. Disconnect the affected host.
CONV00951,3,Kai,Zoe,2026-09-27 23:53:00,We need to check backups and the scope of the data breach.
CONV00951,4,Zoe,Kai,2026-09-27 23:54:00,Notify the security team; do not pay or delete evidence.
CONV00952,1,Sam,Riya,2026-09-28 23:58:00,The incident response drill starts at ten.
CONV00952,2,Riya,Sam,2026-09-28 23:59:00,I have the checklist ready.
CONV00952,3,Sam,Riya,2026-09-28 00:00:00,Please verify the firewall rule too.
CONV00952,4,Riya,Sam,2026-09-28 00:01:00,The configuration looks correct.
CONV00953,1,Maya,Ben,2026-09-01 00:05:00,The security alert says there was an unusual login.
CONV00953,2,Ben,Maya,2026-09-01 00:06:00,It may be a false alarm; MFA succeeded.
CONV00953,3,Maya,Ben,2026-09-01 00:07:00,"Still, there were repeated login attempts before it."
CONV00953,4,Ben,Maya,2026-09-01 00:08:00,Let's review the logs before deciding.
CONV00954,1,Ravi,Meera,2026-09-02 00:12:00,The application may be vulnerable to SQL injection.
CONV00954,2,Meera,Ravi,2026-09-02 00:13:00,"The security test also detected cross-site scripting, or XSS."
CONV00954,3,Ravi,Meera,2026-09-02 00:14:00,We should review the vulnerable query and injected script handling.
CONV00954,4,Meera,Ravi,2026-09-02 00:15:00,Log the findings and apply the approved fixes.
CONV00955,1,Ava,Noah,2026-09-03 00:19:00,Did the antivirus update finish?
CONV00955,2,Noah,Ava,2026-09-03 00:20:00,"Yes, the update completed this morning."
CONV00955,3,Ava,Noah,2026-09-03 00:21:00,"Great, please patch the server after lunch."
CONV00955,4,Noah,Ava,2026-09-03 00:22:00,I will confirm after the maintenance window.
CONV00956,1,Isha,Arun,2026-09-04 00:26:00,Did you enable multi-factor authentication?
CONV00956,2,Arun,Isha,2026-09-04 00:27:00,"Yes, MFA is enabled on my account."
CONV00956,3,Isha,Arun,2026-09-04 00:28:00,Thanks. The security patch is also available.
CONV00956,4,Arun,Isha,2026-09-04 00:29:00,I will install it today.
CONV00957,1,Tara,Neil,2026-09-05 00:33:00,The antivirus flagged a suspicious attachment.
CONV00957,2,Neil,Tara,2026-09-05 00:34:00,It was part of our malware-awareness training.
CONV00957,3,Tara,Neil,2026-09-05 00:35:00,"Okay, the security team confirmed it was a test."
CONV00957,4,Neil,Tara,2026-09-05 00:36:00,I will document the result.
CONV00958,1,Nina,Omar,2026-09-06 00:40:00,Several failed login attempts appeared on the admin account.
CONV00958,2,Omar,Nina,2026-09-06 00:41:00,Could this be a brute force attempt? Check the logs.
CONV00958,3,Nina,Omar,2026-09-06 00:42:00,The account may be compromised; I also found unusual access.
CONV00958,4,Omar,Nina,2026-09-06 00:43:00,Escalate this to incident response and preserve the evidence.
CONV00959,1,Sam,Riya,2026-09-07 00:47:00,The incident response drill starts at ten.
CONV00959,2,Riya,Sam,2026-09-07 00:48:00,I have the checklist ready.
CONV00959,3,Sam,Riya,2026-09-07 00:49:00,Please verify the firewall rule too.
CONV00959,4,Riya,Sam,2026-09-07 00:50:00,The configuration looks correct.
CONV00960,1,Alice,Bob,2026-09-08 00:54:00,I received a suspicious link asking me to verify your account.
CONV00960,2,Bob,Alice,2026-09-08 00:55:00,That could be a phishing link. Do not enter your login credentials.
CONV00960,3,Alice,Bob,2026-09-08 00:56:00,I already entered my password and now see an unauthorized login.
CONV00960,4,Bob,Alice,2026-09-08 00:57:00,"Change the password, enable MFA, and report the incident."
CONV00961,1,Ava,Noah,2026-09-09 01:01:00,Did the antivirus update finish?
CONV00961,2,Noah,Ava,2026-09-09 01:02:00,"Yes, the update completed this morning."
CONV00961,3,Ava,Noah,2026-09-09 01:03:00,"Great, please patch the server after lunch."
CONV00961,4,Noah,Ava,2026-09-09 01:04:00,I will confirm after the maintenance window.
CONV00962,1,Mia,Leo,2026-09-10 01:08:00,The security audit is scheduled for Friday.
CONV00962,2,Leo,Mia,2026-09-10 01:09:00,I have prepared the access review.
CONV00962,3,Mia,Leo,2026-09-10 01:10:00,Please include the backup status in the report.
CONV00962,4,Leo,Mia,2026-09-10 01:11:00,"Done, I will share it with the team."
CONV00963,1,Alice,Bob,2026-09-11 01:15:00,I received a suspicious link asking me to verify your account.
CONV00963,2,Bob,Alice,2026-09-11 01:16:00,That could be a phishing link. Do not enter your login credentials.
CONV00963,3,Alice,Bob,2026-09-11 01:17:00,I already entered my password and now see an unauthorized login.
CONV00963,4,Bob,Alice,2026-09-11 01:18:00,"Change the password, enable MFA, and report the incident."
CONV00964,1,Isha,Arun,2026-09-12 01:22:00,Did you enable multi-factor authentication?
CONV00964,2,Arun,Isha,2026-09-12 01:23:00,"Yes, MFA is enabled on my account."
CONV00964,3,Isha,Arun,2026-09-12 01:24:00,Thanks. The security patch is also available.
CONV00964,4,Arun,Isha,2026-09-12 01:25:00,I will install it today.
CONV00965,1,Nina,Omar,2026-09-13 01:29:00,Several failed login attempts appeared on the admin account.
CONV00965,2,Omar,Nina,2026-09-13 01:30:00,Could this be a brute force attempt? Check the logs.
CONV00965,3,Nina,Omar,2026-09-13 01:31:00,The account may be compromised; I also found unusual access.
CONV00965,4,Omar,Nina,2026-09-13 01:32:00,Escalate this to incident response and preserve the evidence.
CONV00966,1,Maya,Ben,2026-09-14 01:36:00,The security alert says there was an unusual login.
CONV00966,2,Ben,Maya,2026-09-14 01:37:00,It may be a false alarm; MFA succeeded.
CONV00966,3,Maya,Ben,2026-09-14 01:38:00,"Still, there were repeated login attempts before it."
CONV00966,4,Ben,Maya,2026-09-14 01:39:00,Let's review the logs before deciding.
CONV00967,1,Isha,Arun,2026-09-15 01:43:00,Did you enable multi-factor authentication?
CONV00967,2,Arun,Isha,2026-09-15 01:44:00,"Yes, MFA is enabled on my account."
CONV00967,3,Isha,Arun,2026-09-15 01:45:00,Thanks. The security patch is also available.
CONV00967,4,Arun,Isha,2026-09-15 01:46:00,I will install it today.
CONV00968,1,Kai,Zoe,2026-09-16 01:50:00,The shared files are encrypted and there is a ransom note.
CONV00968,2,Zoe,Kai,2026-09-16 01:51:00,This may be ransomware. Disconnect the affected host.
CONV00968,3,Kai,Zoe,2026-09-16 01:52:00,We need to check backups and the scope of the data breach.
CONV00968,4,Zoe,Kai,2026-09-16 01:53:00,Notify the security team; do not pay or delete evidence.
CONV00969,1,Sam,Riya,2026-09-17 01:57:00,The incident response drill starts at ten.
CONV00969,2,Riya,Sam,2026-09-17 01:58:00,I have the checklist ready.
CONV00969,3,Sam,Riya,2026-09-17 01:59:00,Please verify the firewall rule too.
CONV00969,4,Riya,Sam,2026-09-17 02:00:00,The configuration looks correct.
CONV00970,1,Isha,Arun,2026-09-18 02:04:00,Did you enable multi-factor authentication?
CONV00970,2,Arun,Isha,2026-09-18 02:05:00,"Yes, MFA is enabled on my account."
CONV00970,3,Isha,Arun,2026-09-18 02:06:00,Thanks. The security patch is also available.
CONV00970,4,Arun,Isha,2026-09-18 02:07:00,I will install it today.
CONV00971,1,Mia,Leo,2026-09-19 02:11:00,The security audit is scheduled for Friday.
CONV00971,2,Leo,Mia,2026-09-19 02:12:00,I have prepared the access review.
CONV00971,3,Mia,Leo,2026-09-19 02:13:00,Please include the backup status in the report.
CONV00971,4,Leo,Mia,2026-09-19 02:14:00,"Done, I will share it with the team."
CONV00972,1,Isha,Arun,2026-09-20 02:18:00,Did you enable multi-factor authentication?
CONV00972,2,Arun,Isha,2026-09-20 02:19:00,"Yes, MFA is enabled on my account."
CONV00972,3,Isha,Arun,2026-09-20 02:20:00,Thanks. The security patch is also available.
CONV00972,4,Arun,Isha,2026-09-20 02:21:00,I will install it today.
CONV00973,1,Maya,Ben,2026-09-21 02:25:00,The security alert says there was an unusual login.
CONV00973,2,Ben,Maya,2026-09-21 02:26:00,It may be a false alarm; MFA succeeded.
CONV00973,3,Maya,Ben,2026-09-21 02:27:00,"Still, there were repeated login attempts before it."
CONV00973,4,Ben,Maya,2026-09-21 02:28:00,Let's review the logs before deciding.
CONV00974,1,Mia,Leo,2026-09-22 02:32:00,The security audit is scheduled for Friday.
CONV00974,2,Leo,Mia,2026-09-22 02:33:00,I have prepared the access review.
CONV00974,3,Mia,Leo,2026-09-22 02:34:00,Please include the backup status in the report.
CONV00974,4,Leo,Mia,2026-09-22 02:35:00,"Done, I will share it with the team."
CONV00975,1,Ava,Noah,2026-09-23 02:39:00,Did the antivirus update finish?
CONV00975,2,Noah,Ava,2026-09-23 02:40:00,"Yes, the update completed this morning."
CONV00975,3,Ava,Noah,2026-09-23 02:41:00,"Great, please patch the server after lunch."
CONV00975,4,Noah,Ava,2026-09-23 02:42:00,I will confirm after the maintenance window.
CONV00976,1,Tara,Neil,2026-09-24 02:46:00,The antivirus flagged a suspicious attachment.
CONV00976,2,Neil,Tara,2026-09-24 02:47:00,It was part of our malware-awareness training.
CONV00976,3,Tara,Neil,2026-09-24 02:48:00,"Okay, the security team confirmed it was a test."
CONV00976,4,Neil,Tara,2026-09-24 02:49:00,I will document the result.
CONV00977,1,Sam,Riya,2026-09-25 02:53:00,The incident response drill starts at ten.
CONV00977,2,Riya,Sam,2026-09-25 02:54:00,I have the checklist ready.
CONV00977,3,Sam,Riya,2026-09-25 02:55:00,Please verify the firewall rule too.
CONV00977,4,Riya,Sam,2026-09-25 02:56:00,The configuration looks correct.
CONV00978,1,Kai,Zoe,2026-09-26 03:00:00,The shared files are encrypted and there is a ransom note.
CONV00978,2,Zoe,Kai,2026-09-26 03:01:00,This may be ransomware. Disconnect the affected host.
CONV00978,3,Kai,Zoe,2026-09-26 03:02:00,We need to check backups and the scope of the data breach.
CONV00978,4,Zoe,Kai,2026-09-26 03:03:00,Notify the security team; do not pay or delete evidence.
CONV00979,1,Eli,June,2026-09-27 03:07:00,A contractor may have accessed confidential data without authorization.
CONV00979,2,June,Eli,2026-09-27 03:08:00,That could indicate an insider threat or data exfiltration.
CONV00979,3,Eli,June,2026-09-27 03:09:00,The audit shows an unusual access pattern.
CONV00979,4,June,Eli,2026-09-27 03:10:00,Preserve logs and send the case for human review.
CONV00980,1,Ava,Noah,2026-09-28 03:14:00,Did the antivirus update finish?
CONV00980,2,Noah,Ava,2026-09-28 03:15:00,"Yes, the update completed this morning."
CONV00980,3,Ava,Noah,2026-09-28 03:16:00,"Great, please patch the server after lunch."
CONV00980,4,Noah,Ava,2026-09-28 03:17:00,I will confirm after the maintenance window.
CONV00981,1,Eli,June,2026-09-01 03:21:00,A contractor may have accessed confidential data without authorization.
CONV00981,2,June,Eli,2026-09-01 03:22:00,That could indicate an insider threat or data exfiltration.
CONV00981,3,Eli,June,2026-09-01 03:23:00,The audit shows an unusual access pattern.
CONV00981,4,June,Eli,2026-09-01 03:24:00,Preserve logs and send the case for human review.
CONV00982,1,Alice,Bob,2026-09-02 03:28:00,I received a suspicious link asking me to verify your account.
CONV00982,2,Bob,Alice,2026-09-02 03:29:00,That could be a phishing link. Do not enter your login credentials.
CONV00982,3,Alice,Bob,2026-09-02 03:30:00,I already entered my password and now see an unauthorized login.
CONV00982,4,Bob,Alice,2026-09-02 03:31:00,"Change the password, enable MFA, and report the incident."
CONV00983,1,Isha,Arun,2026-09-03 03:35:00,Did you enable multi-factor authentication?
CONV00983,2,Arun,Isha,2026-09-03 03:36:00,"Yes, MFA is enabled on my account."
CONV00983,3,Isha,Arun,2026-09-03 03:37:00,Thanks. The security patch is also available.
CONV00983,4,Arun,Isha,2026-09-03 03:38:00,I will install it today.
CONV00984,1,Maya,Ben,2026-09-04 03:42:00,The security alert says there was an unusual login.
CONV00984,2,Ben,Maya,2026-09-04 03:43:00,It may be a false alarm; MFA succeeded.
CONV00984,3,Maya,Ben,2026-09-04 03:44:00,"Still, there were repeated login attempts before it."
CONV00984,4,Ben,Maya,2026-09-04 03:45:00,Let's review the logs before deciding.
CONV00985,1,Tara,Neil,2026-09-05 03:49:00,The antivirus flagged a suspicious attachment.
CONV00985,2,Neil,Tara,2026-09-05 03:50:00,It was part of our malware-awareness training.
CONV00985,3,Tara,Neil,2026-09-05 03:51:00,"Okay, the security team confirmed it was a test."
CONV00985,4,Neil,Tara,2026-09-05 03:52:00,I will document the result.
CONV00986,1,Alice,Bob,2026-09-06 03:56:00,I received a suspicious link asking me to verify your account.
CONV00986,2,Bob,Alice,2026-09-06 03:57:00,That could be a phishing link. Do not enter your login credentials.
CONV00986,3,Alice,Bob,2026-09-06 03:58:00,I already entered my password and now see an unauthorized login.
CONV00986,4,Bob,Alice,2026-09-06 03:59:00,"Change the password, enable MFA, and report the incident."
CONV00987,1,Sam,Riya,2026-09-07 04:03:00,The incident response drill starts at ten.
CONV00987,2,Riya,Sam,2026-09-07 04:04:00,I have the checklist ready.
CONV00987,3,Sam,Riya,2026-09-07 04:05:00,Please verify the firewall rule too.
CONV00987,4,Riya,Sam,2026-09-07 04:06:00,The configuration looks correct.
CONV00988,1,Mia,Leo,2026-09-08 04:10:00,The security audit is scheduled for Friday.
CONV00988,2,Leo,Mia,2026-09-08 04:11:00,I have prepared the access review.
CONV00988,3,Mia,Leo,2026-09-08 04:12:00,Please include the backup status in the report.
CONV00988,4,Leo,Mia,2026-09-08 04:13:00,"Done, I will share it with the team."
CONV00989,1,Kai,Zoe,2026-09-09 04:17:00,The shared files are encrypted and there is a ransom note.
CONV00989,2,Zoe,Kai,2026-09-09 04:18:00,This may be ransomware. Disconnect the affected host.
CONV00989,3,Kai,Zoe,2026-09-09 04:19:00,We need to check backups and the scope of the data breach.
CONV00989,4,Zoe,Kai,2026-09-09 04:20:00,Notify the security team; do not pay or delete evidence.
CONV00990,1,Sam,Riya,2026-09-10 04:24:00,The incident response drill starts at ten.
CONV00990,2,Riya,Sam,2026-09-10 04:25:00,I have the checklist ready.
CONV00990,3,Sam,Riya,2026-09-10 04:26:00,Please verify the firewall rule too.
CONV00990,4,Riya,Sam,2026-09-10 04:27:00,The configuration looks correct.
CONV00991,1,Nina,Omar,2026-09-11 04:31:00,Several failed login attempts appeared on the admin account.
CONV00991,2,Omar,Nina,2026-09-11 04:32:00,Could this be a brute force attempt? Check the logs.
CONV00991,3,Nina,Omar,2026-09-11 04:33:00,The account may be compromised; I also found unusual access.
CONV00991,4,Omar,Nina,2026-09-11 04:34:00,Escalate this to incident response and preserve the evidence.
CONV00992,1,Tara,Neil,2026-09-12 04:38:00,The antivirus flagged a suspicious attachment.
CONV00992,2,Neil,Tara,2026-09-12 04:39:00,It was part of our malware-awareness training.
CONV00992,3,Tara,Neil,2026-09-12 04:40:00,"Okay, the security team confirmed it was a test."
CONV00992,4,Neil,Tara,2026-09-12 04:41:00,I will document the result.
CONV00993,1,Mia,Leo,2026-09-13 04:45:00,The security audit is scheduled for Friday.
CONV00993,2,Leo,Mia,2026-09-13 04:46:00,I have prepared the access review.
CONV00993,3,Mia,Leo,2026-09-13 04:47:00,Please include the backup status in the report.
CONV00993,4,Leo,Mia,2026-09-13 04:48:00,"Done, I will share it with the team."
CONV00994,1,Isha,Arun,2026-09-14 04:52:00,Did you enable multi-factor authentication?
CONV00994,2,Arun,Isha,2026-09-14 04:53:00,"Yes, MFA is enabled on my account."
CONV00994,3,Isha,Arun,2026-09-14 04:54:00,Thanks. The security patch is also available.
CONV00994,4,Arun,Isha,2026-09-14 04:55:00,I will install it today.
CONV00995,1,Tara,Neil,2026-09-15 04:59:00,The antivirus flagged a suspicious attachment.
CONV00995,2,Neil,Tara,2026-09-15 05:00:00,It was part of our malware-awareness training.
CONV00995,3,Tara,Neil,2026-09-15 05:01:00,"Okay, the security team confirmed it was a test."
CONV00995,4,Neil,Tara,2026-09-15 05:02:00,I will document the result.
CONV00996,1,Alice,Bob,2026-09-16 05:06:00,I received a suspicious link asking me to verify your account.
CONV00996,2,Bob,Alice,2026-09-16 05:07:00,That could be a phishing link. Do not enter your login credentials.
CONV00996,3,Alice,Bob,2026-09-16 05:08:00,I already entered my password and now see an unauthorized login.
CONV00996,4,Bob,Alice,2026-09-16 05:09:00,"Change the password, enable MFA, and report the incident."
CONV00997,1,Kai,Zoe,2026-09-17 05:13:00,The shared files are encrypted and there is a ransom note.
CONV00997,2,Zoe,Kai,2026-09-17 05:14:00,This may be ransomware. Disconnect the affected host.
CONV00997,3,Kai,Zoe,2026-09-17 05:15:00,We need to check backups and the scope of the data breach.
CONV00997,4,Zoe,Kai,2026-09-17 05:16:00,Notify the security team; do not pay or delete evidence.
CONV00998,1,Maya,Ben,2026-09-18 05:20:00,The security alert says there was an unusual login.
CONV00998,2,Ben,Maya,2026-09-18 05:21:00,It may be a false alarm; MFA succeeded.
CONV00998,3,Maya,Ben,2026-09-18 05:22:00,"Still, there were repeated login attempts before it."
CONV00998,4,Ben,Maya,2026-09-18 05:23:00,Let's review the logs before deciding.
CONV00999,1,Nina,Omar,2026-09-19 05:27:00,Several failed login attempts appeared on the admin account.
CONV00999,2,Omar,Nina,2026-09-19 05:28:00,Could this be a brute force attempt? Check the logs.
CONV00999,3,Nina,Omar,2026-09-19 05:29:00,The account may be compromised; I also found unusual access.
CONV00999,4,Omar,Nina,2026-09-19 05:30:00,Escalate this to incident response and preserve the evidence.
CONV01000,1,Sam,Riya,2026-09-20 05:34:00,The incident response drill starts at ten.
CONV01000,2,Riya,Sam,2026-09-20 05:35:00,I have the checklist ready.
CONV01000,3,Sam,Riya,2026-09-20 05:36:00,Please verify the firewall rule too.
CONV01000,4,Riya,Sam,2026-09-20 05:37:00,The configuration looks correct.
CONV01001,1,Isha,Arun,2026-09-21 05:41:00,Did you enable multi-factor authentication?
CONV01001,2,Arun,Isha,2026-09-21 05:42:00,"Yes, MFA is enabled on my account."
CONV01001,3,Isha,Arun,2026-09-21 05:43:00,Thanks. The security patch is also available.
CONV01001,4,Arun,Isha,2026-09-21 05:44:00,I will install it today.
CONV01002,1,Ava,Noah,2026-09-22 05:48:00,Did the antivirus update finish?
CONV01002,2,Noah,Ava,2026-09-22 05:49:00,"Yes, the update completed this morning."
CONV01002,3,Ava,Noah,2026-09-22 05:50:00,"Great, please patch the server after lunch."
CONV01002,4,Noah,Ava,2026-09-22 05:51:00,I will confirm after the maintenance window.
CONV01003,1,Dev,Priya,2026-09-23 05:55:00,A suspicious download was found on the workstation.
CONV01003,2,Priya,Dev,2026-09-23 05:56:00,The file may contain malware or a trojan.
CONV01003,3,Dev,Priya,2026-09-23 05:57:00,The endpoint alert also mentions a keylogger.
CONV01003,4,Priya,Dev,2026-09-23 05:58:00,Isolate the device and follow the incident response procedure.
CONV01004,1,Dev,Priya,2026-09-24 06:02:00,A suspicious download was found on the workstation.
CONV01004,2,Priya,Dev,2026-09-24 06:03:00,The file may contain malware or a trojan.
CONV01004,3,Dev,Priya,2026-09-24 06:04:00,The endpoint alert also mentions a keylogger.
CONV01004,4,Priya,Dev,2026-09-24 06:05:00,Isolate the device and follow the incident response procedure.
CONV01005,1,Nina,Omar,2026-09-25 06:09:00,Several failed login attempts appeared on the admin account.
CONV01005,2,Omar,Nina,2026-09-25 06:10:00,Could this be a brute force attempt? Check the logs.
CONV01005,3,Nina,Omar,2026-09-25 06:11:00,The account may be compromised; I also found unusual access.
CONV01005,4,Omar,Nina,2026-09-25 06:12:00,Escalate this to incident response and preserve the evidence.
CONV01006,1,Ravi,Meera,2026-09-26 06:16:00,The application may be vulnerable to SQL injection.
CONV01006,2,Meera,Ravi,2026-09-26 06:17:00,"The security test also detected cross-site scripting, or XSS."
CONV01006,3,Ravi,Meera,2026-09-26 06:18:00,We should review the vulnerable query and injected script handling.
CONV01006,4,Meera,Ravi,2026-09-26 06:19:00,Log the findings and apply the approved fixes.
CONV01007,1,Eli,June,2026-09-27 06:23:00,A contractor may have accessed confidential data without authorization.
CONV01007,2,June,Eli,2026-09-27 06:24:00,That could indicate an insider threat or data exfiltration.
CONV01007,3,Eli,June,2026-09-27 06:25:00,The audit shows an unusual access pattern.
CONV01007,4,June,Eli,2026-09-27 06:26:00,Preserve logs and send the case for human review.
CONV01008,1,Maya,Ben,2026-09-28 06:30:00,The security alert says there was an unusual login.
CONV01008,2,Ben,Maya,2026-09-28 06:31:00,It may be a false alarm; MFA succeeded.
CONV01008,3,Maya,Ben,2026-09-28 06:32:00,"Still, there were repeated login attempts before it."
CONV01008,4,Ben,Maya,2026-09-28 06:33:00,Let's review the logs before deciding.
CONV01009,1,Mia,Leo,2026-09-01 06:37:00,The security audit is scheduled for Friday.
CONV01009,2,Leo,Mia,2026-09-01 06:38:00,I have prepared the access review.
CONV01009,3,Mia,Leo,2026-09-01 06:39:00,Please include the backup status in the report.
CONV01009,4,Leo,Mia,2026-09-01 06:40:00,"Done, I will share it with the team."
CONV01010,1,Eli,June,2026-09-02 06:44:00,A contractor may have accessed confidential data without authorization.
CONV01010,2,June,Eli,2026-09-02 06:45:00,That could indicate an insider threat or data exfiltration.
CONV01010,3,Eli,June,2026-09-02 06:46:00,The audit shows an unusual access pattern.
CONV01010,4,June,Eli,2026-09-02 06:47:00,Preserve logs and send the case for human review.
CONV01011,1,Ava,Noah,2026-09-03 06:51:00,Did the antivirus update finish?
CONV01011,2,Noah,Ava,2026-09-03 06:52:00,"Yes, the update completed this morning."
CONV01011,3,Ava,Noah,2026-09-03 06:53:00,"Great, please patch the server after lunch."
CONV01011,4,Noah,Ava,2026-09-03 06:54:00,I will confirm after the maintenance window.
CONV01012,1,Ravi,Meera,2026-09-04 06:58:00,The application may be vulnerable to SQL injection.
CONV01012,2,Meera,Ravi,2026-09-04 06:59:00,"The security test also detected cross-site scripting, or XSS."
CONV01012,3,Ravi,Meera,2026-09-04 07:00:00,We should review the vulnerable query and injected script handling.
CONV01012,4,Meera,Ravi,2026-09-04 07:01:00,Log the findings and apply the approved fixes.
CONV01013,1,Eli,June,2026-09-05 07:05:00,A contractor may have accessed confidential data without authorization.
CONV01013,2,June,Eli,2026-09-05 07:06:00,That could indicate an insider threat or data exfiltration.
CONV01013,3,Eli,June,2026-09-05 07:07:00,The audit shows an unusual access pattern.
CONV01013,4,June,Eli,2026-09-05 07:08:00,Preserve logs and send the case for human review.
CONV01014,1,Alice,Bob,2026-09-06 07:12:00,I received a suspicious link asking me to verify your account.
CONV01014,2,Bob,Alice,2026-09-06 07:13:00,That could be a phishing link. Do not enter your login credentials.
CONV01014,3,Alice,Bob,2026-09-06 07:14:00,I already entered my password and now see an unauthorized login.
CONV01014,4,Bob,Alice,2026-09-06 07:15:00,"Change the password, enable MFA, and report the incident."
CONV01015,1,Isha,Arun,2026-09-07 07:19:00,Did you enable multi-factor authentication?
CONV01015,2,Arun,Isha,2026-09-07 07:20:00,"Yes, MFA is enabled on my account."
CONV01015,3,Isha,Arun,2026-09-07 07:21:00,Thanks. The security patch is also available.
CONV01015,4,Arun,Isha,2026-09-07 07:22:00,I will install it today.
CONV01016,1,Eli,June,2026-09-08 07:26:00,A contractor may have accessed confidential data without authorization.
CONV01016,2,June,Eli,2026-09-08 07:27:00,That could indicate an insider threat or data exfiltration.
CONV01016,3,Eli,June,2026-09-08 07:28:00,The audit shows an unusual access pattern.
CONV01016,4,June,Eli,2026-09-08 07:29:00,Preserve logs and send the case for human review.
CONV01017,1,Ava,Noah,2026-09-09 07:33:00,Did the antivirus update finish?
CONV01017,2,Noah,Ava,2026-09-09 07:34:00,"Yes, the update completed this morning."
CONV01017,3,Ava,Noah,2026-09-09 07:35:00,"Great, please patch the server after lunch."
CONV01017,4,Noah,Ava,2026-09-09 07:36:00,I will confirm after the maintenance window.
CONV01018,1,Ava,Noah,2026-09-10 07:40:00,Did the antivirus update finish?
CONV01018,2,Noah,Ava,2026-09-10 07:41:00,"Yes, the update completed this morning."
CONV01018,3,Ava,Noah,2026-09-10 07:42:00,"Great, please patch the server after lunch."
CONV01018,4,Noah,Ava,2026-09-10 07:43:00,I will confirm after the maintenance window.
CONV01019,1,Tara,Neil,2026-09-11 07:47:00,The antivirus flagged a suspicious attachment.
CONV01019,2,Neil,Tara,2026-09-11 07:48:00,It was part of our malware-awareness training.
CONV01019,3,Tara,Neil,2026-09-11 07:49:00,"Okay, the security team confirmed it was a test."
CONV01019,4,Neil,Tara,2026-09-11 07:50:00,I will document the result.
CONV01020,1,Ravi,Meera,2026-09-12 07:54:00,The application may be vulnerable to SQL injection.
CONV01020,2,Meera,Ravi,2026-09-12 07:55:00,"The security test also detected cross-site scripting, or XSS."
CONV01020,3,Ravi,Meera,2026-09-12 07:56:00,We should review the vulnerable query and injected script handling.
CONV01020,4,Meera,Ravi,2026-09-12 07:57:00,Log the findings and apply the approved fixes.
CONV01021,1,Mia,Leo,2026-09-13 08:01:00,The security audit is scheduled for Friday.
CONV01021,2,Leo,Mia,2026-09-13 08:02:00,I have prepared the access review.
CONV01021,3,Mia,Leo,2026-09-13 08:03:00,Please include the backup status in the report.
CONV01021,4,Leo,Mia,2026-09-13 08:04:00,"Done, I will share it with the team."
CONV01022,1,Ravi,Meera,2026-09-14 08:08:00,The application may be vulnerable to SQL injection.
CONV01022,2,Meera,Ravi,2026-09-14 08:09:00,"The security test also detected cross-site scripting, or XSS."
CONV01022,3,Ravi,Meera,2026-09-14 08:10:00,We should review the vulnerable query and injected script handling.
CONV01022,4,Meera,Ravi,2026-09-14 08:11:00,Log the findings and apply the approved fixes.
CONV01023,1,Dev,Priya,2026-09-15 08:15:00,A suspicious download was found on the workstation.
CONV01023,2,Priya,Dev,2026-09-15 08:16:00,The file may contain malware or a trojan.
CONV01023,3,Dev,Priya,2026-09-15 08:17:00,The endpoint alert also mentions a keylogger.
CONV01023,4,Priya,Dev,2026-09-15 08:18:00,Isolate the device and follow the incident response procedure.
CONV01024,1,Tara,Neil,2026-09-16 08:22:00,The antivirus flagged a suspicious attachment.
CONV01024,2,Neil,Tara,2026-09-16 08:23:00,It was part of our malware-awareness training.
CONV01024,3,Tara,Neil,2026-09-16 08:24:00,"Okay, the security team confirmed it was a test."
CONV01024,4,Neil,Tara,2026-09-16 08:25:00,I will document the result.
CONV01025,1,Ravi,Meera,2026-09-17 08:29:00,The application may be vulnerable to SQL injection.
CONV01025,2,Meera,Ravi,2026-09-17 08:30:00,"The security test also detected cross-site scripting, or XSS."
CONV01025,3,Ravi,Meera,2026-09-17 08:31:00,We should review the vulnerable query and injected script handling.
CONV01025,4,Meera,Ravi,2026-09-17 08:32:00,Log the findings and apply the approved fixes.
CONV01026,1,Ravi,Meera,2026-09-18 08:36:00,The application may be vulnerable to SQL injection.
CONV01026,2,Meera,Ravi,2026-09-18 08:37:00,"The security test also detected cross-site scripting, or XSS."
CONV01026,3,Ravi,Meera,2026-09-18 08:38:00,We should review the vulnerable query and injected script handling.
CONV01026,4,Meera,Ravi,2026-09-18 08:39:00,Log the findings and apply the approved fixes.
CONV01027,1,Isha,Arun,2026-09-19 08:43:00,Did you enable multi-factor authentication?
CONV01027,2,Arun,Isha,2026-09-19 08:44:00,"Yes, MFA is enabled on my account."
CONV01027,3,Isha,Arun,2026-09-19 08:45:00,Thanks. The security patch is also available.
CONV01027,4,Arun,Isha,2026-09-19 08:46:00,I will install it today.
CONV01028,1,Nina,Omar,2026-09-20 08:50:00,Several failed login attempts appeared on the admin account.
CONV01028,2,Omar,Nina,2026-09-20 08:51:00,Could this be a brute force attempt? Check the logs.
CONV01028,3,Nina,Omar,2026-09-20 08:52:00,The account may be compromised; I also found unusual access.
CONV01028,4,Omar,Nina,2026-09-20 08:53:00,Escalate this to incident response and preserve the evidence.
CONV01029,1,Ava,Noah,2026-09-21 08:57:00,Did the antivirus update finish?
CONV01029,2,Noah,Ava,2026-09-21 08:58:00,"Yes, the update completed this morning."
CONV01029,3,Ava,Noah,2026-09-21 08:59:00,"Great, please patch the server after lunch."
CONV01029,4,Noah,Ava,2026-09-21 09:00:00,I will confirm after the maintenance window.
CONV01030,1,Tara,Neil,2026-09-22 09:04:00,The antivirus flagged a suspicious attachment.
CONV01030,2,Neil,Tara,2026-09-22 09:05:00,It was part of our malware-awareness training.
CONV01030,3,Tara,Neil,2026-09-22 09:06:00,"Okay, the security team confirmed it was a test."
CONV01030,4,Neil,Tara,2026-09-22 09:07:00,I will document the result.
CONV01031,1,Mia,Leo,2026-09-23 09:11:00,The security audit is scheduled for Friday.
CONV01031,2,Leo,Mia,2026-09-23 09:12:00,I have prepared the access review.
CONV01031,3,Mia,Leo,2026-09-23 09:13:00,Please include the backup status in the report.
CONV01031,4,Leo,Mia,2026-09-23 09:14:00,"Done, I will share it with the team."
CONV01032,1,Maya,Ben,2026-09-24 09:18:00,The security alert says there was an unusual login.
CONV01032,2,Ben,Maya,2026-09-24 09:19:00,It may be a false alarm; MFA succeeded.
CONV01032,3,Maya,Ben,2026-09-24 09:20:00,"Still, there were repeated login attempts before it."
CONV01032,4,Ben,Maya,2026-09-24 09:21:00,Let's review the logs before deciding.
CONV01033,1,Nina,Omar,2026-09-25 09:25:00,Several failed login attempts appeared on the admin account.
CONV01033,2,Omar,Nina,2026-09-25 09:26:00,Could this be a brute force attempt? Check the logs.
CONV01033,3,Nina,Omar,2026-09-25 09:27:00,The account may be compromised; I also found unusual access.
CONV01033,4,Omar,Nina,2026-09-25 09:28:00,Escalate this to incident response and preserve the evidence.
CONV01034,1,Eli,June,2026-09-26 09:32:00,A contractor may have accessed confidential data without authorization.
CONV01034,2,June,Eli,2026-09-26 09:33:00,That could indicate an insider threat or data exfiltration.
CONV01034,3,Eli,June,2026-09-26 09:34:00,The audit shows an unusual access pattern.
CONV01034,4,June,Eli,2026-09-26 09:35:00,Preserve logs and send the case for human review.
CONV01035,1,Ava,Noah,2026-09-27 09:39:00,Did the antivirus update finish?
CONV01035,2,Noah,Ava,2026-09-27 09:40:00,"Yes, the update completed this morning."
CONV01035,3,Ava,Noah,2026-09-27 09:41:00,"Great, please patch the server after lunch."
CONV01035,4,Noah,Ava,2026-09-27 09:42:00,I will confirm after the maintenance window.
CONV01036,1,Mia,Leo,2026-09-28 09:46:00,The security audit is scheduled for Friday.
CONV01036,2,Leo,Mia,2026-09-28 09:47:00,I have prepared the access review.
CONV01036,3,Mia,Leo,2026-09-28 09:48:00,Please include the backup status in the report.
CONV01036,4,Leo,Mia,2026-09-28 09:49:00,"Done, I will share it with the team."
CONV01037,1,Tara,Neil,2026-09-01 09:53:00,The antivirus flagged a suspicious attachment.
CONV01037,2,Neil,Tara,2026-09-01 09:54:00,It was part of our malware-awareness training.
CONV01037,3,Tara,Neil,2026-09-01 09:55:00,"Okay, the security team confirmed it was a test."
CONV01037,4,Neil,Tara,2026-09-01 09:56:00,I will document the result.
CONV01038,1,Sam,Riya,2026-09-02 10:00:00,The incident response drill starts at ten.
CONV01038,2,Riya,Sam,2026-09-02 10:01:00,I have the checklist ready.
CONV01038,3,Sam,Riya,2026-09-02 10:02:00,Please verify the firewall rule too.
CONV01038,4,Riya,Sam,2026-09-02 10:03:00,The configuration looks correct.
CONV01039,1,Dev,Priya,2026-09-03 10:07:00,A suspicious download was found on the workstation.
CONV01039,2,Priya,Dev,2026-09-03 10:08:00,The file may contain malware or a trojan.
CONV01039,3,Dev,Priya,2026-09-03 10:09:00,The endpoint alert also mentions a keylogger.
CONV01039,4,Priya,Dev,2026-09-03 10:10:00,Isolate the device and follow the incident response procedure.
CONV01040,1,Kai,Zoe,2026-09-04 10:14:00,The shared files are encrypted and there is a ransom note.
CONV01040,2,Zoe,Kai,2026-09-04 10:15:00,This may be ransomware. Disconnect the affected host.
CONV01040,3,Kai,Zoe,2026-09-04 10:16:00,We need to check backups and the scope of the data breach.
CONV01040,4,Zoe,Kai,2026-09-04 10:17:00,Notify the security team; do not pay or delete evidence.
CONV01041,1,Nina,Omar,2026-09-05 10:21:00,Several failed login attempts appeared on the admin account.
CONV01041,2,Omar,Nina,2026-09-05 10:22:00,Could this be a brute force attempt? Check the logs.
CONV01041,3,Nina,Omar,2026-09-05 10:23:00,The account may be compromised; I also found unusual access.
CONV01041,4,Omar,Nina,2026-09-05 10:24:00,Escalate this to incident response and preserve the evidence.
CONV01042,1,Ava,Noah,2026-09-06 10:28:00,Did the antivirus update finish?
CONV01042,2,Noah,Ava,2026-09-06 10:29:00,"Yes, the update completed this morning."
CONV01042,3,Ava,Noah,2026-09-06 10:30:00,"Great, please patch the server after lunch."
CONV01042,4,Noah,Ava,2026-09-06 10:31:00,I will confirm after the maintenance window.
CONV01043,1,Maya,Ben,2026-09-07 10:35:00,The security alert says there was an unusual login.
CONV01043,2,Ben,Maya,2026-09-07 10:36:00,It may be a false alarm; MFA succeeded.
CONV01043,3,Maya,Ben,2026-09-07 10:37:00,"Still, there were repeated login attempts before it."
CONV01043,4,Ben,Maya,2026-09-07 10:38:00,Let's review the logs before deciding.
CONV01044,1,Tara,Neil,2026-09-08 10:42:00,The antivirus flagged a suspicious attachment.
CONV01044,2,Neil,Tara,2026-09-08 10:43:00,It was part of our malware-awareness training.
CONV01044,3,Tara,Neil,2026-09-08 10:44:00,"Okay, the security team confirmed it was a test."
CONV01044,4,Neil,Tara,2026-09-08 10:45:00,I will document the result.
CONV01045,1,Ava,Noah,2026-09-09 10:49:00,Did the antivirus update finish?
CONV01045,2,Noah,Ava,2026-09-09 10:50:00,"Yes, the update completed this morning."
CONV01045,3,Ava,Noah,2026-09-09 10:51:00,"Great, please patch the server after lunch."
CONV01045,4,Noah,Ava,2026-09-09 10:52:00,I will confirm after the maintenance window.
CONV01046,1,Alice,Bob,2026-09-10 10:56:00,I received a suspicious link asking me to verify your account.
CONV01046,2,Bob,Alice,2026-09-10 10:57:00,That could be a phishing link. Do not enter your login credentials.
CONV01046,3,Alice,Bob,2026-09-10 10:58:00,I already entered my password and now see an unauthorized login.
CONV01046,4,Bob,Alice,2026-09-10 10:59:00,"Change the password, enable MFA, and report the incident."
CONV01047,1,Kai,Zoe,2026-09-11 11:03:00,The shared files are encrypted and there is a ransom note.
CONV01047,2,Zoe,Kai,2026-09-11 11:04:00,This may be ransomware. Disconnect the affected host.
CONV01047,3,Kai,Zoe,2026-09-11 11:05:00,We need to check backups and the scope of the data breach.
CONV01047,4,Zoe,Kai,2026-09-11 11:06:00,Notify the security team; do not pay or delete evidence.
CONV01048,1,Ravi,Meera,2026-09-12 11:10:00,The application may be vulnerable to SQL injection.
CONV01048,2,Meera,Ravi,2026-09-12 11:11:00,"The security test also detected cross-site scripting, or XSS."
CONV01048,3,Ravi,Meera,2026-09-12 11:12:00,We should review the vulnerable query and injected script handling.
CONV01048,4,Meera,Ravi,2026-09-12 11:13:00,Log the findings and apply the approved fixes.
CONV01049,1,Alice,Bob,2026-09-13 11:17:00,I received a suspicious link asking me to verify your account.
CONV01049,2,Bob,Alice,2026-09-13 11:18:00,That could be a phishing link. Do not enter your login credentials.
CONV01049,3,Alice,Bob,2026-09-13 11:19:00,I already entered my password and now see an unauthorized login.
CONV01049,4,Bob,Alice,2026-09-13 11:20:00,"Change the password, enable MFA, and report the incident."
CONV01050,1,Eli,June,2026-09-14 11:24:00,A contractor may have accessed confidential data without authorization.
CONV01050,2,June,Eli,2026-09-14 11:25:00,That could indicate an insider threat or data exfiltration.
CONV01050,3,Eli,June,2026-09-14 11:26:00,The audit shows an unusual access pattern.
CONV01050,4,June,Eli,2026-09-14 11:27:00,Preserve logs and send the case for human review.
CONV01051,1,Tara,Neil,2026-09-15 11:31:00,The antivirus flagged a suspicious attachment.
CONV01051,2,Neil,Tara,2026-09-15 11:32:00,It was part of our malware-awareness training.
CONV01051,3,Tara,Neil,2026-09-15 11:33:00,"Okay, the security team confirmed it was a test."
CONV01051,4,Neil,Tara,2026-09-15 11:34:00,I will document the result.
CONV01052,1,Ava,Noah,2026-09-16 11:38:00,Did the antivirus update finish?
CONV01052,2,Noah,Ava,2026-09-16 11:39:00,"Yes, the update completed this morning."
CONV01052,3,Ava,Noah,2026-09-16 11:40:00,"Great, please patch the server after lunch."
CONV01052,4,Noah,Ava,2026-09-16 11:41:00,I will confirm after the maintenance window.
CONV01053,1,Maya,Ben,2026-09-17 11:45:00,The security alert says there was an unusual login.
CONV01053,2,Ben,Maya,2026-09-17 11:46:00,It may be a false alarm; MFA succeeded.
CONV01053,3,Maya,Ben,2026-09-17 11:47:00,"Still, there were repeated login attempts before it."
CONV01053,4,Ben,Maya,2026-09-17 11:48:00,Let's review the logs before deciding.
CONV01054,1,Dev,Priya,2026-09-18 11:52:00,A suspicious download was found on the workstation.
CONV01054,2,Priya,Dev,2026-09-18 11:53:00,The file may contain malware or a trojan.
CONV01054,3,Dev,Priya,2026-09-18 11:54:00,The endpoint alert also mentions a keylogger.
CONV01054,4,Priya,Dev,2026-09-18 11:55:00,Isolate the device and follow the incident response procedure.
CONV01055,1,Mia,Leo,2026-09-19 11:59:00,The security audit is scheduled for Friday.
CONV01055,2,Leo,Mia,2026-09-19 12:00:00,I have prepared the access review.
CONV01055,3,Mia,Leo,2026-09-19 12:01:00,Please include the backup status in the report.
CONV01055,4,Leo,Mia,2026-09-19 12:02:00,"Done, I will share it with the team."
CONV01056,1,Maya,Ben,2026-09-20 12:06:00,The security alert says there was an unusual login.
CONV01056,2,Ben,Maya,2026-09-20 12:07:00,It may be a false alarm; MFA succeeded.
CONV01056,3,Maya,Ben,2026-09-20 12:08:00,"Still, there were repeated login attempts before it."
CONV01056,4,Ben,Maya,2026-09-20 12:09:00,Let's review the logs before deciding.
CONV01057,1,Sam,Riya,2026-09-21 12:13:00,The incident response drill starts at ten.
CONV01057,2,Riya,Sam,2026-09-21 12:14:00,I have the checklist ready.
CONV01057,3,Sam,Riya,2026-09-21 12:15:00,Please verify the firewall rule too.
CONV01057,4,Riya,Sam,2026-09-21 12:16:00,The configuration looks correct.
CONV01058,1,Tara,Neil,2026-09-22 12:20:00,The antivirus flagged a suspicious attachment.
CONV01058,2,Neil,Tara,2026-09-22 12:21:00,It was part of our malware-awareness training.
CONV01058,3,Tara,Neil,2026-09-22 12:22:00,"Okay, the security team confirmed it was a test."
CONV01058,4,Neil,Tara,2026-09-22 12:23:00,I will document the result.
CONV01059,1,Eli,June,2026-09-23 12:27:00,A contractor may have accessed confidential data without authorization.
CONV01059,2,June,Eli,2026-09-23 12:28:00,That could indicate an insider threat or data exfiltration.
CONV01059,3,Eli,June,2026-09-23 12:29:00,The audit shows an unusual access pattern.
CONV01059,4,June,Eli,2026-09-23 12:30:00,Preserve logs and send the case for human review.
CONV01060,1,Dev,Priya,2026-09-24 12:34:00,A suspicious download was found on the workstation.
CONV01060,2,Priya,Dev,2026-09-24 12:35:00,The file may contain malware or a trojan.
CONV01060,3,Dev,Priya,2026-09-24 12:36:00,The endpoint alert also mentions a keylogger.
CONV01060,4,Priya,Dev,2026-09-24 12:37:00,Isolate the device and follow the incident response procedure.
CONV01061,1,Alice,Bob,2026-09-25 12:41:00,I received a suspicious link asking me to verify your account.
CONV01061,2,Bob,Alice,2026-09-25 12:42:00,That could be a phishing link. Do not enter your login credentials.
CONV01061,3,Alice,Bob,2026-09-25 12:43:00,I already entered my password and now see an unauthorized login.
CONV01061,4,Bob,Alice,2026-09-25 12:44:00,"Change the password, enable MFA, and report the incident."
CONV01062,1,Ravi,Meera,2026-09-26 12:48:00,The application may be vulnerable to SQL injection.
CONV01062,2,Meera,Ravi,2026-09-26 12:49:00,"The security test also detected cross-site scripting, or XSS."
CONV01062,3,Ravi,Meera,2026-09-26 12:50:00,We should review the vulnerable query and injected script handling.
CONV01062,4,Meera,Ravi,2026-09-26 12:51:00,Log the findings and apply the approved fixes.
CONV01063,1,Nina,Omar,2026-09-27 12:55:00,Several failed login attempts appeared on the admin account.
CONV01063,2,Omar,Nina,2026-09-27 12:56:00,Could this be a brute force attempt? Check the logs.
CONV01063,3,Nina,Omar,2026-09-27 12:57:00,The account may be compromised; I also found unusual access.
CONV01063,4,Omar,Nina,2026-09-27 12:58:00,Escalate this to incident response and preserve the evidence.
CONV01064,1,Nina,Omar,2026-09-28 13:02:00,Several failed login attempts appeared on the admin account.
CONV01064,2,Omar,Nina,2026-09-28 13:03:00,Could this be a brute force attempt? Check the logs.
CONV01064,3,Nina,Omar,2026-09-28 13:04:00,The account may be compromised; I also found unusual access.
CONV01064,4,Omar,Nina,2026-09-28 13:05:00,Escalate this to incident response and preserve the evidence.
CONV01065,1,Alice,Bob,2026-09-01 13:09:00,I received a suspicious link asking me to verify your account.
CONV01065,2,Bob,Alice,2026-09-01 13:10:00,That could be a phishing link. Do not enter your login credentials.
CONV01065,3,Alice,Bob,2026-09-01 13:11:00,I already entered my password and now see an unauthorized login.
CONV01065,4,Bob,Alice,2026-09-01 13:12:00,"Change the password, enable MFA, and report the incident."
CONV01066,1,Ravi,Meera,2026-09-02 13:16:00,The application may be vulnerable to SQL injection.
CONV01066,2,Meera,Ravi,2026-09-02 13:17:00,"The security test also detected cross-site scripting, or XSS."
CONV01066,3,Ravi,Meera,2026-09-02 13:18:00,We should review the vulnerable query and injected script handling.
CONV01066,4,Meera,Ravi,2026-09-02 13:19:00,Log the findings and apply the approved fixes.
CONV01067,1,Ava,Noah,2026-09-03 13:23:00,Did the antivirus update finish?
CONV01067,2,Noah,Ava,2026-09-03 13:24:00,"Yes, the update completed this morning."
CONV01067,3,Ava,Noah,2026-09-03 13:25:00,"Great, please patch the server after lunch."
CONV01067,4,Noah,Ava,2026-09-03 13:26:00,I will confirm after the maintenance window.
CONV01068,1,Sam,Riya,2026-09-04 13:30:00,The incident response drill starts at ten.
CONV01068,2,Riya,Sam,2026-09-04 13:31:00,I have the checklist ready.
CONV01068,3,Sam,Riya,2026-09-04 13:32:00,Please verify the firewall rule too.
CONV01068,4,Riya,Sam,2026-09-04 13:33:00,The configuration looks correct.
CONV01069,1,Isha,Arun,2026-09-05 13:37:00,Did you enable multi-factor authentication?
CONV01069,2,Arun,Isha,2026-09-05 13:38:00,"Yes, MFA is enabled on my account."
CONV01069,3,Isha,Arun,2026-09-05 13:39:00,Thanks. The security patch is also available.
CONV01069,4,Arun,Isha,2026-09-05 13:40:00,I will install it today.
CONV01070,1,Mia,Leo,2026-09-06 13:44:00,The security audit is scheduled for Friday.
CONV01070,2,Leo,Mia,2026-09-06 13:45:00,I have prepared the access review.
CONV01070,3,Mia,Leo,2026-09-06 13:46:00,Please include the backup status in the report.
CONV01070,4,Leo,Mia,2026-09-06 13:47:00,"Done, I will share it with the team."
CONV01071,1,Mia,Leo,2026-09-07 13:51:00,The security audit is scheduled for Friday.
CONV01071,2,Leo,Mia,2026-09-07 13:52:00,I have prepared the access review.
CONV01071,3,Mia,Leo,2026-09-07 13:53:00,Please include the backup status in the report.
CONV01071,4,Leo,Mia,2026-09-07 13:54:00,"Done, I will share it with the team."
CONV01072,1,Sam,Riya,2026-09-08 13:58:00,The incident response drill starts at ten.
CONV01072,2,Riya,Sam,2026-09-08 13:59:00,I have the checklist ready.
CONV01072,3,Sam,Riya,2026-09-08 14:00:00,Please verify the firewall rule too.
CONV01072,4,Riya,Sam,2026-09-08 14:01:00,The configuration looks correct.
CONV01073,1,Dev,Priya,2026-09-09 14:05:00,A suspicious download was found on the workstation.
CONV01073,2,Priya,Dev,2026-09-09 14:06:00,The file may contain malware or a trojan.
CONV01073,3,Dev,Priya,2026-09-09 14:07:00,The endpoint alert also mentions a keylogger.
CONV01073,4,Priya,Dev,2026-09-09 14:08:00,Isolate the device and follow the incident response procedure.
CONV01074,1,Isha,Arun,2026-09-10 14:12:00,Did you enable multi-factor authentication?
CONV01074,2,Arun,Isha,2026-09-10 14:13:00,"Yes, MFA is enabled on my account."
CONV01074,3,Isha,Arun,2026-09-10 14:14:00,Thanks. The security patch is also available.
CONV01074,4,Arun,Isha,2026-09-10 14:15:00,I will install it today.
CONV01075,1,Ava,Noah,2026-09-11 14:19:00,Did the antivirus update finish?
CONV01075,2,Noah,Ava,2026-09-11 14:20:00,"Yes, the update completed this morning."
CONV01075,3,Ava,Noah,2026-09-11 14:21:00,"Great, please patch the server after lunch."
CONV01075,4,Noah,Ava,2026-09-11 14:22:00,I will confirm after the maintenance window.
CONV01076,1,Kai,Zoe,2026-09-12 14:26:00,The shared files are encrypted and there is a ransom note.
CONV01076,2,Zoe,Kai,2026-09-12 14:27:00,This may be ransomware. Disconnect the affected host.
CONV01076,3,Kai,Zoe,2026-09-12 14:28:00,We need to check backups and the scope of the data breach.
CONV01076,4,Zoe,Kai,2026-09-12 14:29:00,Notify the security team; do not pay or delete evidence.
CONV01077,1,Ravi,Meera,2026-09-13 14:33:00,The application may be vulnerable to SQL injection.
CONV01077,2,Meera,Ravi,2026-09-13 14:34:00,"The security test also detected cross-site scripting, or XSS."
CONV01077,3,Ravi,Meera,2026-09-13 14:35:00,We should review the vulnerable query and injected script handling.
CONV01077,4,Meera,Ravi,2026-09-13 14:36:00,Log the findings and apply the approved fixes.
CONV01078,1,Isha,Arun,2026-09-14 14:40:00,Did you enable multi-factor authentication?
CONV01078,2,Arun,Isha,2026-09-14 14:41:00,"Yes, MFA is enabled on my account."
CONV01078,3,Isha,Arun,2026-09-14 14:42:00,Thanks. The security patch is also available.
CONV01078,4,Arun,Isha,2026-09-14 14:43:00,I will install it today.
CONV01079,1,Nina,Omar,2026-09-15 14:47:00,Several failed login attempts appeared on the admin account.
CONV01079,2,Omar,Nina,2026-09-15 14:48:00,Could this be a brute force attempt? Check the logs.
CONV01079,3,Nina,Omar,2026-09-15 14:49:00,The account may be compromised; I also found unusual access.
CONV01079,4,Omar,Nina,2026-09-15 14:50:00,Escalate this to incident response and preserve the evidence.
CONV01080,1,Ravi,Meera,2026-09-16 14:54:00,The application may be vulnerable to SQL injection.
CONV01080,2,Meera,Ravi,2026-09-16 14:55:00,"The security test also detected cross-site scripting, or XSS."
CONV01080,3,Ravi,Meera,2026-09-16 14:56:00,We should review the vulnerable query and injected script handling.
CONV01080,4,Meera,Ravi,2026-09-16 14:57:00,Log the findings and apply the approved fixes.
CONV01081,1,Nina,Omar,2026-09-17 15:01:00,Several failed login attempts appeared on the admin account.
CONV01081,2,Omar,Nina,2026-09-17 15:02:00,Could this be a brute force attempt? Check the logs.
CONV01081,3,Nina,Omar,2026-09-17 15:03:00,The account may be compromised; I also found unusual access.
CONV01081,4,Omar,Nina,2026-09-17 15:04:00,Escalate this to incident response and preserve the evidence.
CONV01082,1,Ava,Noah,2026-09-18 15:08:00,Did the antivirus update finish?
CONV01082,2,Noah,Ava,2026-09-18 15:09:00,"Yes, the update completed this morning."
CONV01082,3,Ava,Noah,2026-09-18 15:10:00,"Great, please patch the server after lunch."
CONV01082,4,Noah,Ava,2026-09-18 15:11:00,I will confirm after the maintenance window.
CONV01083,1,Ravi,Meera,2026-09-19 15:15:00,The application may be vulnerable to SQL injection.
CONV01083,2,Meera,Ravi,2026-09-19 15:16:00,"The security test also detected cross-site scripting, or XSS."
CONV01083,3,Ravi,Meera,2026-09-19 15:17:00,We should review the vulnerable query and injected script handling.
CONV01083,4,Meera,Ravi,2026-09-19 15:18:00,Log the findings and apply the approved fixes.
CONV01084,1,Alice,Bob,2026-09-20 15:22:00,I received a suspicious link asking me to verify your account.
CONV01084,2,Bob,Alice,2026-09-20 15:23:00,That could be a phishing link. Do not enter your login credentials.
CONV01084,3,Alice,Bob,2026-09-20 15:24:00,I already entered my password and now see an unauthorized login.
CONV01084,4,Bob,Alice,2026-09-20 15:25:00,"Change the password, enable MFA, and report the incident."
CONV01085,1,Mia,Leo,2026-09-21 15:29:00,The security audit is scheduled for Friday.
CONV01085,2,Leo,Mia,2026-09-21 15:30:00,I have prepared the access review.
CONV01085,3,Mia,Leo,2026-09-21 15:31:00,Please include the backup status in the report.
CONV01085,4,Leo,Mia,2026-09-21 15:32:00,"Done, I will share it with the team."
CONV01086,1,Kai,Zoe,2026-09-22 15:36:00,The shared files are encrypted and there is a ransom note.
CONV01086,2,Zoe,Kai,2026-09-22 15:37:00,This may be ransomware. Disconnect the affected host.
CONV01086,3,Kai,Zoe,2026-09-22 15:38:00,We need to check backups and the scope of the data breach.
CONV01086,4,Zoe,Kai,2026-09-22 15:39:00,Notify the security team; do not pay or delete evidence.
CONV01087,1,Tara,Neil,2026-09-23 15:43:00,The antivirus flagged a suspicious attachment.
CONV01087,2,Neil,Tara,2026-09-23 15:44:00,It was part of our malware-awareness training.
CONV01087,3,Tara,Neil,2026-09-23 15:45:00,"Okay, the security team confirmed it was a test."
CONV01087,4,Neil,Tara,2026-09-23 15:46:00,I will document the result.
CONV01088,1,Sam,Riya,2026-09-24 15:50:00,The incident response drill starts at ten.
CONV01088,2,Riya,Sam,2026-09-24 15:51:00,I have the checklist ready.
CONV01088,3,Sam,Riya,2026-09-24 15:52:00,Please verify the firewall rule too.
CONV01088,4,Riya,Sam,2026-09-24 15:53:00,The configuration looks correct.
CONV01089,1,Mia,Leo,2026-09-25 15:57:00,The security audit is scheduled for Friday.
CONV01089,2,Leo,Mia,2026-09-25 15:58:00,I have prepared the access review.
CONV01089,3,Mia,Leo,2026-09-25 15:59:00,Please include the backup status in the report.
CONV01089,4,Leo,Mia,2026-09-25 16:00:00,"Done, I will share it with the team."
CONV01090,1,Mia,Leo,2026-09-26 16:04:00,The security audit is scheduled for Friday.
CONV01090,2,Leo,Mia,2026-09-26 16:05:00,I have prepared the access review.
CONV01090,3,Mia,Leo,2026-09-26 16:06:00,Please include the backup status in the report.
CONV01090,4,Leo,Mia,2026-09-26 16:07:00,"Done, I will share it with the team."
CONV01091,1,Sam,Riya,2026-09-27 16:11:00,The incident response drill starts at ten.
CONV01091,2,Riya,Sam,2026-09-27 16:12:00,I have the checklist ready.
CONV01091,3,Sam,Riya,2026-09-27 16:13:00,Please verify the firewall rule too.
CONV01091,4,Riya,Sam,2026-09-27 16:14:00,The configuration looks correct.
CONV01092,1,Tara,Neil,2026-09-28 16:18:00,The antivirus flagged a suspicious attachment.
CONV01092,2,Neil,Tara,2026-09-28 16:19:00,It was part of our malware-awareness training.
CONV01092,3,Tara,Neil,2026-09-28 16:20:00,"Okay, the security team confirmed it was a test."
CONV01092,4,Neil,Tara,2026-09-28 16:21:00,I will document the result.
CONV01093,1,Mia,Leo,2026-09-01 16:25:00,The security audit is scheduled for Friday.
CONV01093,2,Leo,Mia,2026-09-01 16:26:00,I have prepared the access review.
CONV01093,3,Mia,Leo,2026-09-01 16:27:00,Please include the backup status in the report.
CONV01093,4,Leo,Mia,2026-09-01 16:28:00,"Done, I will share it with the team."
CONV01094,1,Kai,Zoe,2026-09-02 16:32:00,The shared files are encrypted and there is a ransom note.
CONV01094,2,Zoe,Kai,2026-09-02 16:33:00,This may be ransomware. Disconnect the affected host.
CONV01094,3,Kai,Zoe,2026-09-02 16:34:00,We need to check backups and the scope of the data breach.
CONV01094,4,Zoe,Kai,2026-09-02 16:35:00,Notify the security team; do not pay or delete evidence.
CONV01095,1,Kai,Zoe,2026-09-03 16:39:00,The shared files are encrypted and there is a ransom note.
CONV01095,2,Zoe,Kai,2026-09-03 16:40:00,This may be ransomware. Disconnect the affected host.
CONV01095,3,Kai,Zoe,2026-09-03 16:41:00,We need to check backups and the scope of the data breach.
CONV01095,4,Zoe,Kai,2026-09-03 16:42:00,Notify the security team; do not pay or delete evidence.
CONV01096,1,Sam,Riya,2026-09-04 16:46:00,The incident response drill starts at ten.
CONV01096,2,Riya,Sam,2026-09-04 16:47:00,I have the checklist ready.
CONV01096,3,Sam,Riya,2026-09-04 16:48:00,Please verify the firewall rule too.
CONV01096,4,Riya,Sam,2026-09-04 16:49:00,The configuration looks correct.
CONV01097,1,Isha,Arun,2026-09-05 16:53:00,Did you enable multi-factor authentication?
CONV01097,2,Arun,Isha,2026-09-05 16:54:00,"Yes, MFA is enabled on my account."
CONV01097,3,Isha,Arun,2026-09-05 16:55:00,Thanks. The security patch is also available.
CONV01097,4,Arun,Isha,2026-09-05 16:56:00,I will install it today.
CONV01098,1,Maya,Ben,2026-09-06 17:00:00,The security alert says there was an unusual login.
CONV01098,2,Ben,Maya,2026-09-06 17:01:00,It may be a false alarm; MFA succeeded.
CONV01098,3,Maya,Ben,2026-09-06 17:02:00,"Still, there were repeated login attempts before it."
CONV01098,4,Ben,Maya,2026-09-06 17:03:00,Let's review the logs before deciding.
CONV01099,1,Isha,Arun,2026-09-07 17:07:00,Did you enable multi-factor authentication?
CONV01099,2,Arun,Isha,2026-09-07 17:08:00,"Yes, MFA is enabled on my account."
CONV01099,3,Isha,Arun,2026-09-07 17:09:00,Thanks. The security patch is also available.
CONV01099,4,Arun,Isha,2026-09-07 17:10:00,I will install it today.
CONV01100,1,Isha,Arun,2026-09-08 17:14:00,Did you enable multi-factor authentication?
CONV01100,2,Arun,Isha,2026-09-08 17:15:00,"Yes, MFA is enabled on my account."
CONV01100,3,Isha,Arun,2026-09-08 17:16:00,Thanks. The security patch is also available.
CONV01100,4,Arun,Isha,2026-09-08 17:17:00,I will install it today.
CONV01101,1,Ava,Noah,2026-09-09 17:21:00,Did the antivirus update finish?
CONV01101,2,Noah,Ava,2026-09-09 17:22:00,"Yes, the update completed this morning."
CONV01101,3,Ava,Noah,2026-09-09 17:23:00,"Great, please patch the server after lunch."
CONV01101,4,Noah,Ava,2026-09-09 17:24:00,I will confirm after the maintenance window.
CONV01102,1,Nina,Omar,2026-09-10 17:28:00,Several failed login attempts appeared on the admin account.
CONV01102,2,Omar,Nina,2026-09-10 17:29:00,Could this be a brute force attempt? Check the logs.
CONV01102,3,Nina,Omar,2026-09-10 17:30:00,The account may be compromised; I also found unusual access.
CONV01102,4,Omar,Nina,2026-09-10 17:31:00,Escalate this to incident response and preserve the evidence.
CONV01103,1,Maya,Ben,2026-09-11 17:35:00,The security alert says there was an unusual login.
CONV01103,2,Ben,Maya,2026-09-11 17:36:00,It may be a false alarm; MFA succeeded.
CONV01103,3,Maya,Ben,2026-09-11 17:37:00,"Still, there were repeated login attempts before it."
CONV01103,4,Ben,Maya,2026-09-11 17:38:00,Let's review the logs before deciding.
CONV01104,1,Ravi,Meera,2026-09-12 17:42:00,The application may be vulnerable to SQL injection.
CONV01104,2,Meera,Ravi,2026-09-12 17:43:00,"The security test also detected cross-site scripting, or XSS."
CONV01104,3,Ravi,Meera,2026-09-12 17:44:00,We should review the vulnerable query and injected script handling.
CONV01104,4,Meera,Ravi,2026-09-12 17:45:00,Log the findings and apply the approved fixes.
CONV01105,1,Tara,Neil,2026-09-13 17:49:00,The antivirus flagged a suspicious attachment.
CONV01105,2,Neil,Tara,2026-09-13 17:50:00,It was part of our malware-awareness training.
CONV01105,3,Tara,Neil,2026-09-13 17:51:00,"Okay, the security team confirmed it was a test."
CONV01105,4,Neil,Tara,2026-09-13 17:52:00,I will document the result.
CONV01106,1,Alice,Bob,2026-09-14 17:56:00,I received a suspicious link asking me to verify your account.
CONV01106,2,Bob,Alice,2026-09-14 17:57:00,That could be a phishing link. Do not enter your login credentials.
CONV01106,3,Alice,Bob,2026-09-14 17:58:00,I already entered my password and now see an unauthorized login.
CONV01106,4,Bob,Alice,2026-09-14 17:59:00,"Change the password, enable MFA, and report the incident."
CONV01107,1,Kai,Zoe,2026-09-15 18:03:00,The shared files are encrypted and there is a ransom note.
CONV01107,2,Zoe,Kai,2026-09-15 18:04:00,This may be ransomware. Disconnect the affected host.
CONV01107,3,Kai,Zoe,2026-09-15 18:05:00,We need to check backups and the scope of the data breach.
CONV01107,4,Zoe,Kai,2026-09-15 18:06:00,Notify the security team; do not pay or delete evidence.
CONV01108,1,Eli,June,2026-09-16 18:10:00,A contractor may have accessed confidential data without authorization.
CONV01108,2,June,Eli,2026-09-16 18:11:00,That could indicate an insider threat or data exfiltration.
CONV01108,3,Eli,June,2026-09-16 18:12:00,The audit shows an unusual access pattern.
CONV01108,4,June,Eli,2026-09-16 18:13:00,Preserve logs and send the case for human review.
CONV01109,1,Dev,Priya,2026-09-17 18:17:00,A suspicious download was found on the workstation.
CONV01109,2,Priya,Dev,2026-09-17 18:18:00,The file may contain malware or a trojan.
CONV01109,3,Dev,Priya,2026-09-17 18:19:00,The endpoint alert also mentions a keylogger.
CONV01109,4,Priya,Dev,2026-09-17 18:20:00,Isolate the device and follow the incident response procedure.
CONV01110,1,Kai,Zoe,2026-09-18 18:24:00,The shared files are encrypted and there is a ransom note.
CONV01110,2,Zoe,Kai,2026-09-18 18:25:00,This may be ransomware. Disconnect the affected host.
CONV01110,3,Kai,Zoe,2026-09-18 18:26:00,We need to check backups and the scope of the data breach.
CONV01110,4,Zoe,Kai,2026-09-18 18:27:00,Notify the security team; do not pay or delete evidence.
CONV01111,1,Alice,Bob,2026-09-19 18:31:00,I received a suspicious link asking me to verify your account.
CONV01111,2,Bob,Alice,2026-09-19 18:32:00,That could be a phishing link. Do not enter your login credentials.
CONV01111,3,Alice,Bob,2026-09-19 18:33:00,I already entered my password and now see an unauthorized login.
CONV01111,4,Bob,Alice,2026-09-19 18:34:00,"Change the password, enable MFA, and report the incident."
CONV01112,1,Dev,Priya,2026-09-20 18:38:00,A suspicious download was found on the workstation.
CONV01112,2,Priya,Dev,2026-09-20 18:39:00,The file may contain malware or a trojan.
CONV01112,3,Dev,Priya,2026-09-20 18:40:00,The endpoint alert also mentions a keylogger.
CONV01112,4,Priya,Dev,2026-09-20 18:41:00,Isolate the device and follow the incident response procedure.
CONV01113,1,Nina,Omar,2026-09-21 18:45:00,Several failed login attempts appeared on the admin account.
CONV01113,2,Omar,Nina,2026-09-21 18:46:00,Could this be a brute force attempt? Check the logs.
CONV01113,3,Nina,Omar,2026-09-21 18:47:00,The account may be compromised; I also found unusual access.
CONV01113,4,Omar,Nina,2026-09-21 18:48:00,Escalate this to incident response and preserve the evidence.
CONV01114,1,Dev,Priya,2026-09-22 18:52:00,A suspicious download was found on the workstation.
CONV01114,2,Priya,Dev,2026-09-22 18:53:00,The file may contain malware or a trojan.
CONV01114,3,Dev,Priya,2026-09-22 18:54:00,The endpoint alert also mentions a keylogger.
CONV01114,4,Priya,Dev,2026-09-22 18:55:00,Isolate the device and follow the incident response procedure.
CONV01115,1,Dev,Priya,2026-09-23 18:59:00,A suspicious download was found on the workstation.
CONV01115,2,Priya,Dev,2026-09-23 19:00:00,The file may contain malware or a trojan.
CONV01115,3,Dev,Priya,2026-09-23 19:01:00,The endpoint alert also mentions a keylogger.
CONV01115,4,Priya,Dev,2026-09-23 19:02:00,Isolate the device and follow the incident response procedure.
CONV01116,1,Nina,Omar,2026-09-24 19:06:00,Several failed login attempts appeared on the admin account.
CONV01116,2,Omar,Nina,2026-09-24 19:07:00,Could this be a brute force attempt? Check the logs.
CONV01116,3,Nina,Omar,2026-09-24 19:08:00,The account may be compromised; I also found unusual access.
CONV01116,4,Omar,Nina,2026-09-24 19:09:00,Escalate this to incident response and preserve the evidence.
CONV01117,1,Alice,Bob,2026-09-25 19:13:00,I received a suspicious link asking me to verify your account.
CONV01117,2,Bob,Alice,2026-09-25 19:14:00,That could be a phishing link. Do not enter your login credentials.
CONV01117,3,Alice,Bob,2026-09-25 19:15:00,I already entered my password and now see an unauthorized login.
CONV01117,4,Bob,Alice,2026-09-25 19:16:00,"Change the password, enable MFA, and report the incident."
CONV01118,1,Ava,Noah,2026-09-26 19:20:00,Did the antivirus update finish?
CONV01118,2,Noah,Ava,2026-09-26 19:21:00,"Yes, the update completed this morning."
CONV01118,3,Ava,Noah,2026-09-26 19:22:00,"Great, please patch the server after lunch."
CONV01118,4,Noah,Ava,2026-09-26 19:23:00,I will confirm after the maintenance window.
CONV01119,1,Sam,Riya,2026-09-27 19:27:00,The incident response drill starts at ten.
CONV01119,2,Riya,Sam,2026-09-27 19:28:00,I have the checklist ready.
CONV01119,3,Sam,Riya,2026-09-27 19:29:00,Please verify the firewall rule too.
CONV01119,4,Riya,Sam,2026-09-27 19:30:00,The configuration looks correct.
CONV01120,1,Isha,Arun,2026-09-28 19:34:00,Did you enable multi-factor authentication?
CONV01120,2,Arun,Isha,2026-09-28 19:35:00,"Yes, MFA is enabled on my account."
CONV01120,3,Isha,Arun,2026-09-28 19:36:00,Thanks. The security patch is also available.
CONV01120,4,Arun,Isha,2026-09-28 19:37:00,I will install it today.
CONV01121,1,Maya,Ben,2026-09-01 19:41:00,The security alert says there was an unusual login.
CONV01121,2,Ben,Maya,2026-09-01 19:42:00,It may be a false alarm; MFA succeeded.
CONV01121,3,Maya,Ben,2026-09-01 19:43:00,"Still, there were repeated login attempts before it."
CONV01121,4,Ben,Maya,2026-09-01 19:44:00,Let's review the logs before deciding.
CONV01122,1,Isha,Arun,2026-09-02 19:48:00,Did you enable multi-factor authentication?
CONV01122,2,Arun,Isha,2026-09-02 19:49:00,"Yes, MFA is enabled on my account."
CONV01122,3,Isha,Arun,2026-09-02 19:50:00,Thanks. The security patch is also available.
CONV01122,4,Arun,Isha,2026-09-02 19:51:00,I will install it today.
CONV01123,1,Alice,Bob,2026-09-03 19:55:00,I received a suspicious link asking me to verify your account.
CONV01123,2,Bob,Alice,2026-09-03 19:56:00,That could be a phishing link. Do not enter your login credentials.
CONV01123,3,Alice,Bob,2026-09-03 19:57:00,I already entered my password and now see an unauthorized login.
CONV01123,4,Bob,Alice,2026-09-03 19:58:00,"Change the password, enable MFA, and report the incident."
CONV01124,1,Tara,Neil,2026-09-04 20:02:00,The antivirus flagged a suspicious attachment.
CONV01124,2,Neil,Tara,2026-09-04 20:03:00,It was part of our malware-awareness training.
CONV01124,3,Tara,Neil,2026-09-04 20:04:00,"Okay, the security team confirmed it was a test."
CONV01124,4,Neil,Tara,2026-09-04 20:05:00,I will document the result.
CONV01125,1,Dev,Priya,2026-09-05 20:09:00,A suspicious download was found on the workstation.
CONV01125,2,Priya,Dev,2026-09-05 20:10:00,The file may contain malware or a trojan.
CONV01125,3,Dev,Priya,2026-09-05 20:11:00,The endpoint alert also mentions a keylogger.
CONV01125,4,Priya,Dev,2026-09-05 20:12:00,Isolate the device and follow the incident response procedure.
CONV01126,1,Maya,Ben,2026-09-06 20:16:00,The security alert says there was an unusual login.
CONV01126,2,Ben,Maya,2026-09-06 20:17:00,It may be a false alarm; MFA succeeded.
CONV01126,3,Maya,Ben,2026-09-06 20:18:00,"Still, there were repeated login attempts before it."
CONV01126,4,Ben,Maya,2026-09-06 20:19:00,Let's review the logs before deciding.
CONV01127,1,Alice,Bob,2026-09-07 20:23:00,I received a suspicious link asking me to verify your account.
CONV01127,2,Bob,Alice,2026-09-07 20:24:00,That could be a phishing link. Do not enter your login credentials.
CONV01127,3,Alice,Bob,2026-09-07 20:25:00,I already entered my password and now see an unauthorized login.
CONV01127,4,Bob,Alice,2026-09-07 20:26:00,"Change the password, enable MFA, and report the incident."
CONV01128,1,Alice,Bob,2026-09-08 20:30:00,I received a suspicious link asking me to verify your account.
CONV01128,2,Bob,Alice,2026-09-08 20:31:00,That could be a phishing link. Do not enter your login credentials.
CONV01128,3,Alice,Bob,2026-09-08 20:32:00,I already entered my password and now see an unauthorized login.
CONV01128,4,Bob,Alice,2026-09-08 20:33:00,"Change the password, enable MFA, and report the incident."
CONV01129,1,Ravi,Meera,2026-09-09 20:37:00,The application may be vulnerable to SQL injection.
CONV01129,2,Meera,Ravi,2026-09-09 20:38:00,"The security test also detected cross-site scripting, or XSS."
CONV01129,3,Ravi,Meera,2026-09-09 20:39:00,We should review the vulnerable query and injected script handling.
CONV01129,4,Meera,Ravi,2026-09-09 20:40:00,Log the findings and apply the approved fixes.
CONV01130,1,Isha,Arun,2026-09-10 20:44:00,Did you enable multi-factor authentication?
CONV01130,2,Arun,Isha,2026-09-10 20:45:00,"Yes, MFA is enabled on my account."
CONV01130,3,Isha,Arun,2026-09-10 20:46:00,Thanks. The security patch is also available.
CONV01130,4,Arun,Isha,2026-09-10 20:47:00,I will install it today.
CONV01131,1,Isha,Arun,2026-09-11 20:51:00,Did you enable multi-factor authentication?
CONV01131,2,Arun,Isha,2026-09-11 20:52:00,"Yes, MFA is enabled on my account."
CONV01131,3,Isha,Arun,2026-09-11 20:53:00,Thanks. The security patch is also available.
CONV01131,4,Arun,Isha,2026-09-11 20:54:00,I will install it today.
CONV01132,1,Kai,Zoe,2026-09-12 20:58:00,The shared files are encrypted and there is a ransom note.
CONV01132,2,Zoe,Kai,2026-09-12 20:59:00,This may be ransomware. Disconnect the affected host.
CONV01132,3,Kai,Zoe,2026-09-12 21:00:00,We need to check backups and the scope of the data breach.
CONV01132,4,Zoe,Kai,2026-09-12 21:01:00,Notify the security team; do not pay or delete evidence.
CONV01133,1,Nina,Omar,2026-09-13 21:05:00,Several failed login attempts appeared on the admin account.
CONV01133,2,Omar,Nina,2026-09-13 21:06:00,Could this be a brute force attempt? Check the logs.
CONV01133,3,Nina,Omar,2026-09-13 21:07:00,The account may be compromised; I also found unusual access.
CONV01133,4,Omar,Nina,2026-09-13 21:08:00,Escalate this to incident response and preserve the evidence.
CONV01134,1,Alice,Bob,2026-09-14 21:12:00,I received a suspicious link asking me to verify your account.
CONV01134,2,Bob,Alice,2026-09-14 21:13:00,That could be a phishing link. Do not enter your login credentials.
CONV01134,3,Alice,Bob,2026-09-14 21:14:00,I already entered my password and now see an unauthorized login.
CONV01134,4,Bob,Alice,2026-09-14 21:15:00,"Change the password, enable MFA, and report the incident."
CONV01135,1,Dev,Priya,2026-09-15 21:19:00,A suspicious download was found on the workstation.
CONV01135,2,Priya,Dev,2026-09-15 21:20:00,The file may contain malware or a trojan.
CONV01135,3,Dev,Priya,2026-09-15 21:21:00,The endpoint alert also mentions a keylogger.
CONV01135,4,Priya,Dev,2026-09-15 21:22:00,Isolate the device and follow the incident response procedure.
CONV01136,1,Mia,Leo,2026-09-16 21:26:00,The security audit is scheduled for Friday.
CONV01136,2,Leo,Mia,2026-09-16 21:27:00,I have prepared the access review.
CONV01136,3,Mia,Leo,2026-09-16 21:28:00,Please include the backup status in the report.
CONV01136,4,Leo,Mia,2026-09-16 21:29:00,"Done, I will share it with the team."
CONV01137,1,Eli,June,2026-09-17 21:33:00,A contractor may have accessed confidential data without authorization.
CONV01137,2,June,Eli,2026-09-17 21:34:00,That could indicate an insider threat or data exfiltration.
CONV01137,3,Eli,June,2026-09-17 21:35:00,The audit shows an unusual access pattern.
CONV01137,4,June,Eli,2026-09-17 21:36:00,Preserve logs and send the case for human review.
CONV01138,1,Maya,Ben,2026-09-18 21:40:00,The security alert says there was an unusual login.
CONV01138,2,Ben,Maya,2026-09-18 21:41:00,It may be a false alarm; MFA succeeded.
CONV01138,3,Maya,Ben,2026-09-18 21:42:00,"Still, there were repeated login attempts before it."
CONV01138,4,Ben,Maya,2026-09-18 21:43:00,Let's review the logs before deciding.
CONV01139,1,Ava,Noah,2026-09-19 21:47:00,Did the antivirus update finish?
CONV01139,2,Noah,Ava,2026-09-19 21:48:00,"Yes, the update completed this morning."
CONV01139,3,Ava,Noah,2026-09-19 21:49:00,"Great, please patch the server after lunch."
CONV01139,4,Noah,Ava,2026-09-19 21:50:00,I will confirm after the maintenance window.
CONV01140,1,Sam,Riya,2026-09-20 21:54:00,The incident response drill starts at ten.
CONV01140,2,Riya,Sam,2026-09-20 21:55:00,I have the checklist ready.
CONV01140,3,Sam,Riya,2026-09-20 21:56:00,Please verify the firewall rule too.
CONV01140,4,Riya,Sam,2026-09-20 21:57:00,The configuration looks correct.
CONV01141,1,Sam,Riya,2026-09-21 22:01:00,The incident response drill starts at ten.
CONV01141,2,Riya,Sam,2026-09-21 22:02:00,I have the checklist ready.
CONV01141,3,Sam,Riya,2026-09-21 22:03:00,Please verify the firewall rule too.
CONV01141,4,Riya,Sam,2026-09-21 22:04:00,The configuration looks correct.
CONV01142,1,Nina,Omar,2026-09-22 22:08:00,Several failed login attempts appeared on the admin account.
CONV01142,2,Omar,Nina,2026-09-22 22:09:00,Could this be a brute force attempt? Check the logs.
CONV01142,3,Nina,Omar,2026-09-22 22:10:00,The account may be compromised; I also found unusual access.
CONV01142,4,Omar,Nina,2026-09-22 22:11:00,Escalate this to incident response and preserve the evidence.
CONV01143,1,Nina,Omar,2026-09-23 22:15:00,Several failed login attempts appeared on the admin account.
CONV01143,2,Omar,Nina,2026-09-23 22:16:00,Could this be a brute force attempt? Check the logs.
CONV01143,3,Nina,Omar,2026-09-23 22:17:00,The account may be compromised; I also found unusual access.
CONV01143,4,Omar,Nina,2026-09-23 22:18:00,Escalate this to incident response and preserve the evidence.
CONV01144,1,Eli,June,2026-09-24 22:22:00,A contractor may have accessed confidential data without authorization.
CONV01144,2,June,Eli,2026-09-24 22:23:00,That could indicate an insider threat or data exfiltration.
CONV01144,3,Eli,June,2026-09-24 22:24:00,The audit shows an unusual access pattern.
CONV01144,4,June,Eli,2026-09-24 22:25:00,Preserve logs and send the case for human review.
CONV01145,1,Kai,Zoe,2026-09-25 22:29:00,The shared files are encrypted and there is a ransom note.
CONV01145,2,Zoe,Kai,2026-09-25 22:30:00,This may be ransomware. Disconnect the affected host.
CONV01145,3,Kai,Zoe,2026-09-25 22:31:00,We need to check backups and the scope of the data breach.
CONV01145,4,Zoe,Kai,2026-09-25 22:32:00,Notify the security team; do not pay or delete evidence.
CONV01146,1,Kai,Zoe,2026-09-26 22:36:00,The shared files are encrypted and there is a ransom note.
CONV01146,2,Zoe,Kai,2026-09-26 22:37:00,This may be ransomware. Disconnect the affected host.
CONV01146,3,Kai,Zoe,2026-09-26 22:38:00,We need to check backups and the scope of the data breach.
CONV01146,4,Zoe,Kai,2026-09-26 22:39:00,Notify the security team; do not pay or delete evidence.
CONV01147,1,Alice,Bob,2026-09-27 22:43:00,I received a suspicious link asking me to verify your account.
CONV01147,2,Bob,Alice,2026-09-27 22:44:00,That could be a phishing link. Do not enter your login credentials.
CONV01147,3,Alice,Bob,2026-09-27 22:45:00,I already entered my password and now see an unauthorized login.
CONV01147,4,Bob,Alice,2026-09-27 22:46:00,"Change the password, enable MFA, and report the incident."
CONV01148,1,Maya,Ben,2026-09-28 22:50:00,The security alert says there was an unusual login.
CONV01148,2,Ben,Maya,2026-09-28 22:51:00,It may be a false alarm; MFA succeeded.
CONV01148,3,Maya,Ben,2026-09-28 22:52:00,"Still, there were repeated login attempts before it."
CONV01148,4,Ben,Maya,2026-09-28 22:53:00,Let's review the logs before deciding.
CONV01149,1,Tara,Neil,2026-09-01 22:57:00,The antivirus flagged a suspicious attachment.
CONV01149,2,Neil,Tara,2026-09-01 22:58:00,It was part of our malware-awareness training.
CONV01149,3,Tara,Neil,2026-09-01 22:59:00,"Okay, the security team confirmed it was a test."
CONV01149,4,Neil,Tara,2026-09-01 23:00:00,I will document the result.
CONV01150,1,Isha,Arun,2026-09-02 23:04:00,Did you enable multi-factor authentication?
CONV01150,2,Arun,Isha,2026-09-02 23:05:00,"Yes, MFA is enabled on my account."
CONV01150,3,Isha,Arun,2026-09-02 23:06:00,Thanks. The security patch is also available.
CONV01150,4,Arun,Isha,2026-09-02 23:07:00,I will install it today.
CONV01151,1,Eli,June,2026-09-03 23:11:00,A contractor may have accessed confidential data without authorization.
CONV01151,2,June,Eli,2026-09-03 23:12:00,That could indicate an insider threat or data exfiltration.
CONV01151,3,Eli,June,2026-09-03 23:13:00,The audit shows an unusual access pattern.
CONV01151,4,June,Eli,2026-09-03 23:14:00,Preserve logs and send the case for human review.
CONV01152,1,Eli,June,2026-09-04 23:18:00,A contractor may have accessed confidential data without authorization.
CONV01152,2,June,Eli,2026-09-04 23:19:00,That could indicate an insider threat or data exfiltration.
CONV01152,3,Eli,June,2026-09-04 23:20:00,The audit shows an unusual access pattern.
CONV01152,4,June,Eli,2026-09-04 23:21:00,Preserve logs and send the case for human review.
CONV01153,1,Eli,June,2026-09-05 23:25:00,A contractor may have accessed confidential data without authorization.
CONV01153,2,June,Eli,2026-09-05 23:26:00,That could indicate an insider threat or data exfiltration.
CONV01153,3,Eli,June,2026-09-05 23:27:00,The audit shows an unusual access pattern.
CONV01153,4,June,Eli,2026-09-05 23:28:00,Preserve logs and send the case for human review.
CONV01154,1,Isha,Arun,2026-09-06 23:32:00,Did you enable multi-factor authentication?
CONV01154,2,Arun,Isha,2026-09-06 23:33:00,"Yes, MFA is enabled on my account."
CONV01154,3,Isha,Arun,2026-09-06 23:34:00,Thanks. The security patch is also available.
CONV01154,4,Arun,Isha,2026-09-06 23:35:00,I will install it today.
CONV01155,1,Maya,Ben,2026-09-07 23:39:00,The security alert says there was an unusual login.
CONV01155,2,Ben,Maya,2026-09-07 23:40:00,It may be a false alarm; MFA succeeded.
CONV01155,3,Maya,Ben,2026-09-07 23:41:00,"Still, there were repeated login attempts before it."
CONV01155,4,Ben,Maya,2026-09-07 23:42:00,Let's review the logs before deciding.
CONV01156,1,Alice,Bob,2026-09-08 23:46:00,I received a suspicious link asking me to verify your account.
CONV01156,2,Bob,Alice,2026-09-08 23:47:00,That could be a phishing link. Do not enter your login credentials.
CONV01156,3,Alice,Bob,2026-09-08 23:48:00,I already entered my password and now see an unauthorized login.
CONV01156,4,Bob,Alice,2026-09-08 23:49:00,"Change the password, enable MFA, and report the incident."
CONV01157,1,Isha,Arun,2026-09-09 23:53:00,Did you enable multi-factor authentication?
CONV01157,2,Arun,Isha,2026-09-09 23:54:00,"Yes, MFA is enabled on my account."
CONV01157,3,Isha,Arun,2026-09-09 23:55:00,Thanks. The security patch is also available.
CONV01157,4,Arun,Isha,2026-09-09 23:56:00,I will install it today.
CONV01158,1,Sam,Riya,2026-09-10 00:00:00,The incident response drill starts at ten.
CONV01158,2,Riya,Sam,2026-09-10 00:01:00,I have the checklist ready.
CONV01158,3,Sam,Riya,2026-09-10 00:02:00,Please verify the firewall rule too.
CONV01158,4,Riya,Sam,2026-09-10 00:03:00,The configuration looks correct.
CONV01159,1,Maya,Ben,2026-09-11 00:07:00,The security alert says there was an unusual login.
CONV01159,2,Ben,Maya,2026-09-11 00:08:00,It may be a false alarm; MFA succeeded.
CONV01159,3,Maya,Ben,2026-09-11 00:09:00,"Still, there were repeated login attempts before it."
CONV01159,4,Ben,Maya,2026-09-11 00:10:00,Let's review the logs before deciding.
CONV01160,1,Eli,June,2026-09-12 00:14:00,A contractor may have accessed confidential data without authorization.
CONV01160,2,June,Eli,2026-09-12 00:15:00,That could indicate an insider threat or data exfiltration.
CONV01160,3,Eli,June,2026-09-12 00:16:00,The audit shows an unusual access pattern.
CONV01160,4,June,Eli,2026-09-12 00:17:00,Preserve logs and send the case for human review.
CONV01161,1,Alice,Bob,2026-09-13 00:21:00,I received a suspicious link asking me to verify your account.
CONV01161,2,Bob,Alice,2026-09-13 00:22:00,That could be a phishing link. Do not enter your login credentials.
CONV01161,3,Alice,Bob,2026-09-13 00:23:00,I already entered my password and now see an unauthorized login.
CONV01161,4,Bob,Alice,2026-09-13 00:24:00,"Change the password, enable MFA, and report the incident."
CONV01162,1,Alice,Bob,2026-09-14 00:28:00,I received a suspicious link asking me to verify your account.
CONV01162,2,Bob,Alice,2026-09-14 00:29:00,That could be a phishing link. Do not enter your login credentials.
CONV01162,3,Alice,Bob,2026-09-14 00:30:00,I already entered my password and now see an unauthorized login.
CONV01162,4,Bob,Alice,2026-09-14 00:31:00,"Change the password, enable MFA, and report the incident."
CONV01163,1,Sam,Riya,2026-09-15 00:35:00,The incident response drill starts at ten.
CONV01163,2,Riya,Sam,2026-09-15 00:36:00,I have the checklist ready.
CONV01163,3,Sam,Riya,2026-09-15 00:37:00,Please verify the firewall rule too.
CONV01163,4,Riya,Sam,2026-09-15 00:38:00,The configuration looks correct.
CONV01164,1,Isha,Arun,2026-09-16 00:42:00,Did you enable multi-factor authentication?
CONV01164,2,Arun,Isha,2026-09-16 00:43:00,"Yes, MFA is enabled on my account."
CONV01164,3,Isha,Arun,2026-09-16 00:44:00,Thanks. The security patch is also available.
CONV01164,4,Arun,Isha,2026-09-16 00:45:00,I will install it today.
CONV01165,1,Sam,Riya,2026-09-17 00:49:00,The incident response drill starts at ten.
CONV01165,2,Riya,Sam,2026-09-17 00:50:00,I have the checklist ready.
CONV01165,3,Sam,Riya,2026-09-17 00:51:00,Please verify the firewall rule too.
CONV01165,4,Riya,Sam,2026-09-17 00:52:00,The configuration looks correct.
CONV01166,1,Ravi,Meera,2026-09-18 00:56:00,The application may be vulnerable to SQL injection.
CONV01166,2,Meera,Ravi,2026-09-18 00:57:00,"The security test also detected cross-site scripting, or XSS."
CONV01166,3,Ravi,Meera,2026-09-18 00:58:00,We should review the vulnerable query and injected script handling.
CONV01166,4,Meera,Ravi,2026-09-18 00:59:00,Log the findings and apply the approved fixes.
CONV01167,1,Nina,Omar,2026-09-19 01:03:00,Several failed login attempts appeared on the admin account.
CONV01167,2,Omar,Nina,2026-09-19 01:04:00,Could this be a brute force attempt? Check the logs.
CONV01167,3,Nina,Omar,2026-09-19 01:05:00,The account may be compromised; I also found unusual access.
CONV01167,4,Omar,Nina,2026-09-19 01:06:00,Escalate this to incident response and preserve the evidence.
CONV01168,1,Sam,Riya,2026-09-20 01:10:00,The incident response drill starts at ten.
CONV01168,2,Riya,Sam,2026-09-20 01:11:00,I have the checklist ready.
CONV01168,3,Sam,Riya,2026-09-20 01:12:00,Please verify the firewall rule too.
CONV01168,4,Riya,Sam,2026-09-20 01:13:00,The configuration looks correct.
CONV01169,1,Kai,Zoe,2026-09-21 01:17:00,The shared files are encrypted and there is a ransom note.
CONV01169,2,Zoe,Kai,2026-09-21 01:18:00,This may be ransomware. Disconnect the affected host.
CONV01169,3,Kai,Zoe,2026-09-21 01:19:00,We need to check backups and the scope of the data breach.
CONV01169,4,Zoe,Kai,2026-09-21 01:20:00,Notify the security team; do not pay or delete evidence.
CONV01170,1,Sam,Riya,2026-09-22 01:24:00,The incident response drill starts at ten.
CONV01170,2,Riya,Sam,2026-09-22 01:25:00,I have the checklist ready.
CONV01170,3,Sam,Riya,2026-09-22 01:26:00,Please verify the firewall rule too.
CONV01170,4,Riya,Sam,2026-09-22 01:27:00,The configuration looks correct.
CONV01171,1,Ava,Noah,2026-09-23 01:31:00,Did the antivirus update finish?
CONV01171,2,Noah,Ava,2026-09-23 01:32:00,"Yes, the update completed this morning."
CONV01171,3,Ava,Noah,2026-09-23 01:33:00,"Great, please patch the server after lunch."
CONV01171,4,Noah,Ava,2026-09-23 01:34:00,I will confirm after the maintenance window.
CONV01172,1,Kai,Zoe,2026-09-24 01:38:00,The shared files are encrypted and there is a ransom note.
CONV01172,2,Zoe,Kai,2026-09-24 01:39:00,This may be ransomware. Disconnect the affected host.
CONV01172,3,Kai,Zoe,2026-09-24 01:40:00,We need to check backups and the scope of the data breach.
CONV01172,4,Zoe,Kai,2026-09-24 01:41:00,Notify the security team; do not pay or delete evidence.
CONV01173,1,Nina,Omar,2026-09-25 01:45:00,Several failed login attempts appeared on the admin account.
CONV01173,2,Omar,Nina,2026-09-25 01:46:00,Could this be a brute force attempt? Check the logs.
CONV01173,3,Nina,Omar,2026-09-25 01:47:00,The account may be compromised; I also found unusual access.
CONV01173,4,Omar,Nina,2026-09-25 01:48:00,Escalate this to incident response and preserve the evidence.
CONV01174,1,Tara,Neil,2026-09-26 01:52:00,The antivirus flagged a suspicious attachment.
CONV01174,2,Neil,Tara,2026-09-26 01:53:00,It was part of our malware-awareness training.
CONV01174,3,Tara,Neil,2026-09-26 01:54:00,"Okay, the security team confirmed it was a test."
CONV01174,4,Neil,Tara,2026-09-26 01:55:00,I will document the result.
CONV01175,1,Sam,Riya,2026-09-27 01:59:00,The incident response drill starts at ten.
CONV01175,2,Riya,Sam,2026-09-27 02:00:00,I have the checklist ready.
CONV01175,3,Sam,Riya,2026-09-27 02:01:00,Please verify the firewall rule too.
CONV01175,4,Riya,Sam,2026-09-27 02:02:00,The configuration looks correct.
CONV01176,1,Mia,Leo,2026-09-28 02:06:00,The security audit is scheduled for Friday.
CONV01176,2,Leo,Mia,2026-09-28 02:07:00,I have prepared the access review.
CONV01176,3,Mia,Leo,2026-09-28 02:08:00,Please include the backup status in the report.
CONV01176,4,Leo,Mia,2026-09-28 02:09:00,"Done, I will share it with the team."
CONV01177,1,Kai,Zoe,2026-09-01 02:13:00,The shared files are encrypted and there is a ransom note.
CONV01177,2,Zoe,Kai,2026-09-01 02:14:00,This may be ransomware. Disconnect the affected host.
CONV01177,3,Kai,Zoe,2026-09-01 02:15:00,We need to check backups and the scope of the data breach.
CONV01177,4,Zoe,Kai,2026-09-01 02:16:00,Notify the security team; do not pay or delete evidence.
CONV01178,1,Nina,Omar,2026-09-02 02:20:00,Several failed login attempts appeared on the admin account.
CONV01178,2,Omar,Nina,2026-09-02 02:21:00,Could this be a brute force attempt? Check the logs.
CONV01178,3,Nina,Omar,2026-09-02 02:22:00,The account may be compromised; I also found unusual access.
CONV01178,4,Omar,Nina,2026-09-02 02:23:00,Escalate this to incident response and preserve the evidence.
CONV01179,1,Eli,June,2026-09-03 02:27:00,A contractor may have accessed confidential data without authorization.
CONV01179,2,June,Eli,2026-09-03 02:28:00,That could indicate an insider threat or data exfiltration.
CONV01179,3,Eli,June,2026-09-03 02:29:00,The audit shows an unusual access pattern.
CONV01179,4,June,Eli,2026-09-03 02:30:00,Preserve logs and send the case for human review.
CONV01180,1,Tara,Neil,2026-09-04 02:34:00,The antivirus flagged a suspicious attachment.
CONV01180,2,Neil,Tara,2026-09-04 02:35:00,It was part of our malware-awareness training.
CONV01180,3,Tara,Neil,2026-09-04 02:36:00,"Okay, the security team confirmed it was a test."
CONV01180,4,Neil,Tara,2026-09-04 02:37:00,I will document the result.
CONV01181,1,Ava,Noah,2026-09-05 02:41:00,Did the antivirus update finish?
CONV01181,2,Noah,Ava,2026-09-05 02:42:00,"Yes, the update completed this morning."
CONV01181,3,Ava,Noah,2026-09-05 02:43:00,"Great, please patch the server after lunch."
CONV01181,4,Noah,Ava,2026-09-05 02:44:00,I will confirm after the maintenance window.
CONV01182,1,Sam,Riya,2026-09-06 02:48:00,The incident response drill starts at ten.
CONV01182,2,Riya,Sam,2026-09-06 02:49:00,I have the checklist ready.
CONV01182,3,Sam,Riya,2026-09-06 02:50:00,Please verify the firewall rule too.
CONV01182,4,Riya,Sam,2026-09-06 02:51:00,The configuration looks correct.
CONV01183,1,Nina,Omar,2026-09-07 02:55:00,Several failed login attempts appeared on the admin account.
CONV01183,2,Omar,Nina,2026-09-07 02:56:00,Could this be a brute force attempt? Check the logs.
CONV01183,3,Nina,Omar,2026-09-07 02:57:00,The account may be compromised; I also found unusual access.
CONV01183,4,Omar,Nina,2026-09-07 02:58:00,Escalate this to incident response and preserve the evidence.
CONV01184,1,Ava,Noah,2026-09-08 03:02:00,Did the antivirus update finish?
CONV01184,2,Noah,Ava,2026-09-08 03:03:00,"Yes, the update completed this morning."
CONV01184,3,Ava,Noah,2026-09-08 03:04:00,"Great, please patch the server after lunch."
CONV01184,4,Noah,Ava,2026-09-08 03:05:00,I will confirm after the maintenance window.
CONV01185,1,Mia,Leo,2026-09-09 03:09:00,The security audit is scheduled for Friday.
CONV01185,2,Leo,Mia,2026-09-09 03:10:00,I have prepared the access review.
CONV01185,3,Mia,Leo,2026-09-09 03:11:00,Please include the backup status in the report.
CONV01185,4,Leo,Mia,2026-09-09 03:12:00,"Done, I will share it with the team."
CONV01186,1,Maya,Ben,2026-09-10 03:16:00,The security alert says there was an unusual login.
CONV01186,2,Ben,Maya,2026-09-10 03:17:00,It may be a false alarm; MFA succeeded.
CONV01186,3,Maya,Ben,2026-09-10 03:18:00,"Still, there were repeated login attempts before it."
CONV01186,4,Ben,Maya,2026-09-10 03:19:00,Let's review the logs before deciding.
CONV01187,1,Eli,June,2026-09-11 03:23:00,A contractor may have accessed confidential data without authorization.
CONV01187,2,June,Eli,2026-09-11 03:24:00,That could indicate an insider threat or data exfiltration.
CONV01187,3,Eli,June,2026-09-11 03:25:00,The audit shows an unusual access pattern.
CONV01187,4,June,Eli,2026-09-11 03:26:00,Preserve logs and send the case for human review.
CONV01188,1,Dev,Priya,2026-09-12 03:30:00,A suspicious download was found on the workstation.
CONV01188,2,Priya,Dev,2026-09-12 03:31:00,The file may contain malware or a trojan.
CONV01188,3,Dev,Priya,2026-09-12 03:32:00,The endpoint alert also mentions a keylogger.
CONV01188,4,Priya,Dev,2026-09-12 03:33:00,Isolate the device and follow the incident response procedure.
CONV01189,1,Maya,Ben,2026-09-13 03:37:00,The security alert says there was an unusual login.
CONV01189,2,Ben,Maya,2026-09-13 03:38:00,It may be a false alarm; MFA succeeded.
CONV01189,3,Maya,Ben,2026-09-13 03:39:00,"Still, there were repeated login attempts before it."
CONV01189,4,Ben,Maya,2026-09-13 03:40:00,Let's review the logs before deciding.
CONV01190,1,Nina,Omar,2026-09-14 03:44:00,Several failed login attempts appeared on the admin account.
CONV01190,2,Omar,Nina,2026-09-14 03:45:00,Could this be a brute force attempt? Check the logs.
CONV01190,3,Nina,Omar,2026-09-14 03:46:00,The account may be compromised; I also found unusual access.
CONV01190,4,Omar,Nina,2026-09-14 03:47:00,Escalate this to incident response and preserve the evidence.
CONV01191,1,Mia,Leo,2026-09-15 03:51:00,The security audit is scheduled for Friday.
CONV01191,2,Leo,Mia,2026-09-15 03:52:00,I have prepared the access review.
CONV01191,3,Mia,Leo,2026-09-15 03:53:00,Please include the backup status in the report.
CONV01191,4,Leo,Mia,2026-09-15 03:54:00,"Done, I will share it with the team."
CONV01192,1,Ravi,Meera,2026-09-16 03:58:00,The application may be vulnerable to SQL injection.
CONV01192,2,Meera,Ravi,2026-09-16 03:59:00,"The security test also detected cross-site scripting, or XSS."
CONV01192,3,Ravi,Meera,2026-09-16 04:00:00,We should review the vulnerable query and injected script handling.
CONV01192,4,Meera,Ravi,2026-09-16 04:01:00,Log the findings and apply the approved fixes.
CONV01193,1,Tara,Neil,2026-09-17 04:05:00,The antivirus flagged a suspicious attachment.
CONV01193,2,Neil,Tara,2026-09-17 04:06:00,It was part of our malware-awareness training.
CONV01193,3,Tara,Neil,2026-09-17 04:07:00,"Okay, the security team confirmed it was a test."
CONV01193,4,Neil,Tara,2026-09-17 04:08:00,I will document the result.
CONV01194,1,Mia,Leo,2026-09-18 04:12:00,The security audit is scheduled for Friday.
CONV01194,2,Leo,Mia,2026-09-18 04:13:00,I have prepared the access review.
CONV01194,3,Mia,Leo,2026-09-18 04:14:00,Please include the backup status in the report.
CONV01194,4,Leo,Mia,2026-09-18 04:15:00,"Done, I will share it with the team."
CONV01195,1,Ava,Noah,2026-09-19 04:19:00,Did the antivirus update finish?
CONV01195,2,Noah,Ava,2026-09-19 04:20:00,"Yes, the update completed this morning."
CONV01195,3,Ava,Noah,2026-09-19 04:21:00,"Great, please patch the server after lunch."
CONV01195,4,Noah,Ava,2026-09-19 04:22:00,I will confirm after the maintenance window.
CONV01196,1,Ava,Noah,2026-09-20 04:26:00,Did the antivirus update finish?
CONV01196,2,Noah,Ava,2026-09-20 04:27:00,"Yes, the update completed this morning."
CONV01196,3,Ava,Noah,2026-09-20 04:28:00,"Great, please patch the server after lunch."
CONV01196,4,Noah,Ava,2026-09-20 04:29:00,I will confirm after the maintenance window.
CONV01197,1,Nina,Omar,2026-09-21 04:33:00,Several failed login attempts appeared on the admin account.
CONV01197,2,Omar,Nina,2026-09-21 04:34:00,Could this be a brute force attempt? Check the logs.
CONV01197,3,Nina,Omar,2026-09-21 04:35:00,The account may be compromised; I also found unusual access.
CONV01197,4,Omar,Nina,2026-09-21 04:36:00,Escalate this to incident response and preserve the evidence.
CONV01198,1,Isha,Arun,2026-09-22 04:40:00,Did you enable multi-factor authentication?
CONV01198,2,Arun,Isha,2026-09-22 04:41:00,"Yes, MFA is enabled on my account."
CONV01198,3,Isha,Arun,2026-09-22 04:42:00,Thanks. The security patch is also available.
CONV01198,4,Arun,Isha,2026-09-22 04:43:00,I will install it today.
CONV01199,1,Alice,Bob,2026-09-23 04:47:00,I received a suspicious link asking me to verify your account.
CONV01199,2,Bob,Alice,2026-09-23 04:48:00,That could be a phishing link. Do not enter your login credentials.
CONV01199,3,Alice,Bob,2026-09-23 04:49:00,I already entered my password and now see an unauthorized login.
CONV01199,4,Bob,Alice,2026-09-23 04:50:00,"Change the password, enable MFA, and report the incident."
CONV01200,1,Ava,Noah,2026-09-24 04:54:00,Did the antivirus update finish?
CONV01200,2,Noah,Ava,2026-09-24 04:55:00,"Yes, the update completed this morning."
CONV01200,3,Ava,Noah,2026-09-24 04:56:00,"Great, please patch the server after lunch."
CONV01200,4,Noah,Ava,2026-09-24 04:57:00,I will confirm after the maintenance window.
CONV01201,1,Isha,Arun,2026-09-25 05:01:00,Did you enable multi-factor authentication?
CONV01201,2,Arun,Isha,2026-09-25 05:02:00,"Yes, MFA is enabled on my account."
CONV01201,3,Isha,Arun,2026-09-25 05:03:00,Thanks. The security patch is also available.
CONV01201,4,Arun,Isha,2026-09-25 05:04:00,I will install it today.
CONV01202,1,Alice,Bob,2026-09-26 05:08:00,I received a suspicious link asking me to verify your account.
CONV01202,2,Bob,Alice,2026-09-26 05:09:00,That could be a phishing link. Do not enter your login credentials.
CONV01202,3,Alice,Bob,2026-09-26 05:10:00,I already entered my password and now see an unauthorized login.
CONV01202,4,Bob,Alice,2026-09-26 05:11:00,"Change the password, enable MFA, and report the incident."
CONV01203,1,Ravi,Meera,2026-09-27 05:15:00,The application may be vulnerable to SQL injection.
CONV01203,2,Meera,Ravi,2026-09-27 05:16:00,"The security test also detected cross-site scripting, or XSS."
CONV01203,3,Ravi,Meera,2026-09-27 05:17:00,We should review the vulnerable query and injected script handling.
CONV01203,4,Meera,Ravi,2026-09-27 05:18:00,Log the findings and apply the approved fixes.
CONV01204,1,Sam,Riya,2026-09-28 05:22:00,The incident response drill starts at ten.
CONV01204,2,Riya,Sam,2026-09-28 05:23:00,I have the checklist ready.
CONV01204,3,Sam,Riya,2026-09-28 05:24:00,Please verify the firewall rule too.
CONV01204,4,Riya,Sam,2026-09-28 05:25:00,The configuration looks correct.
CONV01205,1,Isha,Arun,2026-09-01 05:29:00,Did you enable multi-factor authentication?
CONV01205,2,Arun,Isha,2026-09-01 05:30:00,"Yes, MFA is enabled on my account."
CONV01205,3,Isha,Arun,2026-09-01 05:31:00,Thanks. The security patch is also available.
CONV01205,4,Arun,Isha,2026-09-01 05:32:00,I will install it today.
CONV01206,1,Nina,Omar,2026-09-02 05:36:00,Several failed login attempts appeared on the admin account.
CONV01206,2,Omar,Nina,2026-09-02 05:37:00,Could this be a brute force attempt? Check the logs.
CONV01206,3,Nina,Omar,2026-09-02 05:38:00,The account may be compromised; I also found unusual access.
CONV01206,4,Omar,Nina,2026-09-02 05:39:00,Escalate this to incident response and preserve the evidence.
CONV01207,1,Ravi,Meera,2026-09-03 05:43:00,The application may be vulnerable to SQL injection.
CONV01207,2,Meera,Ravi,2026-09-03 05:44:00,"The security test also detected cross-site scripting, or XSS."
CONV01207,3,Ravi,Meera,2026-09-03 05:45:00,We should review the vulnerable query and injected script handling.
CONV01207,4,Meera,Ravi,2026-09-03 05:46:00,Log the findings and apply the approved fixes.
CONV01208,1,Mia,Leo,2026-09-04 05:50:00,The security audit is scheduled for Friday.
CONV01208,2,Leo,Mia,2026-09-04 05:51:00,I have prepared the access review.
CONV01208,3,Mia,Leo,2026-09-04 05:52:00,Please include the backup status in the report.
CONV01208,4,Leo,Mia,2026-09-04 05:53:00,"Done, I will share it with the team."
CONV01209,1,Eli,June,2026-09-05 05:57:00,A contractor may have accessed confidential data without authorization.
CONV01209,2,June,Eli,2026-09-05 05:58:00,That could indicate an insider threat or data exfiltration.
CONV01209,3,Eli,June,2026-09-05 05:59:00,The audit shows an unusual access pattern.
CONV01209,4,June,Eli,2026-09-05 06:00:00,Preserve logs and send the case for human review.
CONV01210,1,Sam,Riya,2026-09-06 06:04:00,The incident response drill starts at ten.
CONV01210,2,Riya,Sam,2026-09-06 06:05:00,I have the checklist ready.
CONV01210,3,Sam,Riya,2026-09-06 06:06:00,Please verify the firewall rule too.
CONV01210,4,Riya,Sam,2026-09-06 06:07:00,The configuration looks correct.
CONV01211,1,Alice,Bob,2026-09-07 06:11:00,I received a suspicious link asking me to verify your account.
CONV01211,2,Bob,Alice,2026-09-07 06:12:00,That could be a phishing link. Do not enter your login credentials.
CONV01211,3,Alice,Bob,2026-09-07 06:13:00,I already entered my password and now see an unauthorized login.
CONV01211,4,Bob,Alice,2026-09-07 06:14:00,"Change the password, enable MFA, and report the incident."
CONV01212,1,Ava,Noah,2026-09-08 06:18:00,Did the antivirus update finish?
CONV01212,2,Noah,Ava,2026-09-08 06:19:00,"Yes, the update completed this morning."
CONV01212,3,Ava,Noah,2026-09-08 06:20:00,"Great, please patch the server after lunch."
CONV01212,4,Noah,Ava,2026-09-08 06:21:00,I will confirm after the maintenance window.
CONV01213,1,Nina,Omar,2026-09-09 06:25:00,Several failed login attempts appeared on the admin account.
CONV01213,2,Omar,Nina,2026-09-09 06:26:00,Could this be a brute force attempt? Check the logs.
CONV01213,3,Nina,Omar,2026-09-09 06:27:00,The account may be compromised; I also found unusual access.
CONV01213,4,Omar,Nina,2026-09-09 06:28:00,Escalate this to incident response and preserve the evidence.
CONV01214,1,Maya,Ben,2026-09-10 06:32:00,The security alert says there was an unusual login.
CONV01214,2,Ben,Maya,2026-09-10 06:33:00,It may be a false alarm; MFA succeeded.
CONV01214,3,Maya,Ben,2026-09-10 06:34:00,"Still, there were repeated login attempts before it."
CONV01214,4,Ben,Maya,2026-09-10 06:35:00,Let's review the logs before deciding.
CONV01215,1,Dev,Priya,2026-09-11 06:39:00,A suspicious download was found on the workstation.
CONV01215,2,Priya,Dev,2026-09-11 06:40:00,The file may contain malware or a trojan.
CONV01215,3,Dev,Priya,2026-09-11 06:41:00,The endpoint alert also mentions a keylogger.
CONV01215,4,Priya,Dev,2026-09-11 06:42:00,Isolate the device and follow the incident response procedure.
CONV01216,1,Ravi,Meera,2026-09-12 06:46:00,The application may be vulnerable to SQL injection.
CONV01216,2,Meera,Ravi,2026-09-12 06:47:00,"The security test also detected cross-site scripting, or XSS."
CONV01216,3,Ravi,Meera,2026-09-12 06:48:00,We should review the vulnerable query and injected script handling.
CONV01216,4,Meera,Ravi,2026-09-12 06:49:00,Log the findings and apply the approved fixes.
CONV01217,1,Isha,Arun,2026-09-13 06:53:00,Did you enable multi-factor authentication?
CONV01217,2,Arun,Isha,2026-09-13 06:54:00,"Yes, MFA is enabled on my account."
CONV01217,3,Isha,Arun,2026-09-13 06:55:00,Thanks. The security patch is also available.
CONV01217,4,Arun,Isha,2026-09-13 06:56:00,I will install it today.
CONV01218,1,Tara,Neil,2026-09-14 07:00:00,The antivirus flagged a suspicious attachment.
CONV01218,2,Neil,Tara,2026-09-14 07:01:00,It was part of our malware-awareness training.
CONV01218,3,Tara,Neil,2026-09-14 07:02:00,"Okay, the security team confirmed it was a test."
CONV01218,4,Neil,Tara,2026-09-14 07:03:00,I will document the result.
CONV01219,1,Mia,Leo,2026-09-15 07:07:00,The security audit is scheduled for Friday.
CONV01219,2,Leo,Mia,2026-09-15 07:08:00,I have prepared the access review.
CONV01219,3,Mia,Leo,2026-09-15 07:09:00,Please include the backup status in the report.
CONV01219,4,Leo,Mia,2026-09-15 07:10:00,"Done, I will share it with the team."
CONV01220,1,Mia,Leo,2026-09-16 07:14:00,The security audit is scheduled for Friday.
CONV01220,2,Leo,Mia,2026-09-16 07:15:00,I have prepared the access review.
CONV01220,3,Mia,Leo,2026-09-16 07:16:00,Please include the backup status in the report.
CONV01220,4,Leo,Mia,2026-09-16 07:17:00,"Done, I will share it with the team."
CONV01221,1,Ava,Noah,2026-09-17 07:21:00,Did the antivirus update finish?
CONV01221,2,Noah,Ava,2026-09-17 07:22:00,"Yes, the update completed this morning."
CONV01221,3,Ava,Noah,2026-09-17 07:23:00,"Great, please patch the server after lunch."
CONV01221,4,Noah,Ava,2026-09-17 07:24:00,I will confirm after the maintenance window.
CONV01222,1,Sam,Riya,2026-09-18 07:28:00,The incident response drill starts at ten.
CONV01222,2,Riya,Sam,2026-09-18 07:29:00,I have the checklist ready.
CONV01222,3,Sam,Riya,2026-09-18 07:30:00,Please verify the firewall rule too.
CONV01222,4,Riya,Sam,2026-09-18 07:31:00,The configuration looks correct.
CONV01223,1,Dev,Priya,2026-09-19 07:35:00,A suspicious download was found on the workstation.
CONV01223,2,Priya,Dev,2026-09-19 07:36:00,The file may contain malware or a trojan.
CONV01223,3,Dev,Priya,2026-09-19 07:37:00,The endpoint alert also mentions a keylogger.
CONV01223,4,Priya,Dev,2026-09-19 07:38:00,Isolate the device and follow the incident response procedure.
CONV01224,1,Ava,Noah,2026-09-20 07:42:00,Did the antivirus update finish?
CONV01224,2,Noah,Ava,2026-09-20 07:43:00,"Yes, the update completed this morning."
CONV01224,3,Ava,Noah,2026-09-20 07:44:00,"Great, please patch the server after lunch."
CONV01224,4,Noah,Ava,2026-09-20 07:45:00,I will confirm after the maintenance window.
CONV01225,1,Sam,Riya,2026-09-21 07:49:00,The incident response drill starts at ten.
CONV01225,2,Riya,Sam,2026-09-21 07:50:00,I have the checklist ready.
CONV01225,3,Sam,Riya,2026-09-21 07:51:00,Please verify the firewall rule too.
CONV01225,4,Riya,Sam,2026-09-21 07:52:00,The configuration looks correct.
CONV01226,1,Maya,Ben,2026-09-22 07:56:00,The security alert says there was an unusual login.
CONV01226,2,Ben,Maya,2026-09-22 07:57:00,It may be a false alarm; MFA succeeded.
CONV01226,3,Maya,Ben,2026-09-22 07:58:00,"Still, there were repeated login attempts before it."
CONV01226,4,Ben,Maya,2026-09-22 07:59:00,Let's review the logs before deciding.
CONV01227,1,Kai,Zoe,2026-09-23 08:03:00,The shared files are encrypted and there is a ransom note.
CONV01227,2,Zoe,Kai,2026-09-23 08:04:00,This may be ransomware. Disconnect the affected host.
CONV01227,3,Kai,Zoe,2026-09-23 08:05:00,We need to check backups and the scope of the data breach.
CONV01227,4,Zoe,Kai,2026-09-23 08:06:00,Notify the security team; do not pay or delete evidence.
CONV01228,1,Tara,Neil,2026-09-24 08:10:00,The antivirus flagged a suspicious attachment.
CONV01228,2,Neil,Tara,2026-09-24 08:11:00,It was part of our malware-awareness training.
CONV01228,3,Tara,Neil,2026-09-24 08:12:00,"Okay, the security team confirmed it was a test."
CONV01228,4,Neil,Tara,2026-09-24 08:13:00,I will document the result.
CONV01229,1,Maya,Ben,2026-09-25 08:17:00,The security alert says there was an unusual login.
CONV01229,2,Ben,Maya,2026-09-25 08:18:00,It may be a false alarm; MFA succeeded.
CONV01229,3,Maya,Ben,2026-09-25 08:19:00,"Still, there were repeated login attempts before it."
CONV01229,4,Ben,Maya,2026-09-25 08:20:00,Let's review the logs before deciding.
CONV01230,1,Eli,June,2026-09-26 08:24:00,A contractor may have accessed confidential data without authorization.
CONV01230,2,June,Eli,2026-09-26 08:25:00,That could indicate an insider threat or data exfiltration.
CONV01230,3,Eli,June,2026-09-26 08:26:00,The audit shows an unusual access pattern.
CONV01230,4,June,Eli,2026-09-26 08:27:00,Preserve logs and send the case for human review.
CONV01231,1,Nina,Omar,2026-09-27 08:31:00,Several failed login attempts appeared on the admin account.
CONV01231,2,Omar,Nina,2026-09-27 08:32:00,Could this be a brute force attempt? Check the logs.
CONV01231,3,Nina,Omar,2026-09-27 08:33:00,The account may be compromised; I also found unusual access.
CONV01231,4,Omar,Nina,2026-09-27 08:34:00,Escalate this to incident response and preserve the evidence.
CONV01232,1,Tara,Neil,2026-09-28 08:38:00,The antivirus flagged a suspicious attachment.
CONV01232,2,Neil,Tara,2026-09-28 08:39:00,It was part of our malware-awareness training.
CONV01232,3,Tara,Neil,2026-09-28 08:40:00,"Okay, the security team confirmed it was a test."
CONV01232,4,Neil,Tara,2026-09-28 08:41:00,I will document the result.
CONV01233,1,Mia,Leo,2026-09-01 08:45:00,The security audit is scheduled for Friday.
CONV01233,2,Leo,Mia,2026-09-01 08:46:00,I have prepared the access review.
CONV01233,3,Mia,Leo,2026-09-01 08:47:00,Please include the backup status in the report.
CONV01233,4,Leo,Mia,2026-09-01 08:48:00,"Done, I will share it with the team."
CONV01234,1,Eli,June,2026-09-02 08:52:00,A contractor may have accessed confidential data without authorization.
CONV01234,2,June,Eli,2026-09-02 08:53:00,That could indicate an insider threat or data exfiltration.
CONV01234,3,Eli,June,2026-09-02 08:54:00,The audit shows an unusual access pattern.
CONV01234,4,June,Eli,2026-09-02 08:55:00,Preserve logs and send the case for human review.
CONV01235,1,Nina,Omar,2026-09-03 08:59:00,Several failed login attempts appeared on the admin account.
CONV01235,2,Omar,Nina,2026-09-03 09:00:00,Could this be a brute force attempt? Check the logs.
CONV01235,3,Nina,Omar,2026-09-03 09:01:00,The account may be compromised; I also found unusual access.
CONV01235,4,Omar,Nina,2026-09-03 09:02:00,Escalate this to incident response and preserve the evidence.
CONV01236,1,Ava,Noah,2026-09-04 09:06:00,Did the antivirus update finish?
CONV01236,2,Noah,Ava,2026-09-04 09:07:00,"Yes, the update completed this morning."
CONV01236,3,Ava,Noah,2026-09-04 09:08:00,"Great, please patch the server after lunch."
CONV01236,4,Noah,Ava,2026-09-04 09:09:00,I will confirm after the maintenance window.
CONV01237,1,Maya,Ben,2026-09-05 09:13:00,The security alert says there was an unusual login.
CONV01237,2,Ben,Maya,2026-09-05 09:14:00,It may be a false alarm; MFA succeeded.
CONV01237,3,Maya,Ben,2026-09-05 09:15:00,"Still, there were repeated login attempts before it."
CONV01237,4,Ben,Maya,2026-09-05 09:16:00,Let's review the logs before deciding.
CONV01238,1,Ava,Noah,2026-09-06 09:20:00,Did the antivirus update finish?
CONV01238,2,Noah,Ava,2026-09-06 09:21:00,"Yes, the update completed this morning."
CONV01238,3,Ava,Noah,2026-09-06 09:22:00,"Great, please patch the server after lunch."
CONV01238,4,Noah,Ava,2026-09-06 09:23:00,I will confirm after the maintenance window.
CONV01239,1,Eli,June,2026-09-07 09:27:00,A contractor may have accessed confidential data without authorization.
CONV01239,2,June,Eli,2026-09-07 09:28:00,That could indicate an insider threat or data exfiltration.
CONV01239,3,Eli,June,2026-09-07 09:29:00,The audit shows an unusual access pattern.
CONV01239,4,June,Eli,2026-09-07 09:30:00,Preserve logs and send the case for human review.
CONV01240,1,Nina,Omar,2026-09-08 09:34:00,Several failed login attempts appeared on the admin account.
CONV01240,2,Omar,Nina,2026-09-08 09:35:00,Could this be a brute force attempt? Check the logs.
CONV01240,3,Nina,Omar,2026-09-08 09:36:00,The account may be compromised; I also found unusual access.
CONV01240,4,Omar,Nina,2026-09-08 09:37:00,Escalate this to incident response and preserve the evidence.
CONV01241,1,Maya,Ben,2026-09-09 09:41:00,The security alert says there was an unusual login.
CONV01241,2,Ben,Maya,2026-09-09 09:42:00,It may be a false alarm; MFA succeeded.
CONV01241,3,Maya,Ben,2026-09-09 09:43:00,"Still, there were repeated login attempts before it."
CONV01241,4,Ben,Maya,2026-09-09 09:44:00,Let's review the logs before deciding.
CONV01242,1,Ravi,Meera,2026-09-10 09:48:00,The application may be vulnerable to SQL injection.
CONV01242,2,Meera,Ravi,2026-09-10 09:49:00,"The security test also detected cross-site scripting, or XSS."
CONV01242,3,Ravi,Meera,2026-09-10 09:50:00,We should review the vulnerable query and injected script handling.
CONV01242,4,Meera,Ravi,2026-09-10 09:51:00,Log the findings and apply the approved fixes.
CONV01243,1,Eli,June,2026-09-11 09:55:00,A contractor may have accessed confidential data without authorization.
CONV01243,2,June,Eli,2026-09-11 09:56:00,That could indicate an insider threat or data exfiltration.
CONV01243,3,Eli,June,2026-09-11 09:57:00,The audit shows an unusual access pattern.
CONV01243,4,June,Eli,2026-09-11 09:58:00,Preserve logs and send the case for human review.
CONV01244,1,Ava,Noah,2026-09-12 10:02:00,Did the antivirus update finish?
CONV01244,2,Noah,Ava,2026-09-12 10:03:00,"Yes, the update completed this morning."
CONV01244,3,Ava,Noah,2026-09-12 10:04:00,"Great, please patch the server after lunch."
CONV01244,4,Noah,Ava,2026-09-12 10:05:00,I will confirm after the maintenance window.
CONV01245,1,Maya,Ben,2026-09-13 10:09:00,The security alert says there was an unusual login.
CONV01245,2,Ben,Maya,2026-09-13 10:10:00,It may be a false alarm; MFA succeeded.
CONV01245,3,Maya,Ben,2026-09-13 10:11:00,"Still, there were repeated login attempts before it."
CONV01245,4,Ben,Maya,2026-09-13 10:12:00,Let's review the logs before deciding.
CONV01246,1,Eli,June,2026-09-14 10:16:00,A contractor may have accessed confidential data without authorization.
CONV01246,2,June,Eli,2026-09-14 10:17:00,That could indicate an insider threat or data exfiltration.
CONV01246,3,Eli,June,2026-09-14 10:18:00,The audit shows an unusual access pattern.
CONV01246,4,June,Eli,2026-09-14 10:19:00,Preserve logs and send the case for human review.
CONV01247,1,Kai,Zoe,2026-09-15 10:23:00,The shared files are encrypted and there is a ransom note.
CONV01247,2,Zoe,Kai,2026-09-15 10:24:00,This may be ransomware. Disconnect the affected host.
CONV01247,3,Kai,Zoe,2026-09-15 10:25:00,We need to check backups and the scope of the data breach.
CONV01247,4,Zoe,Kai,2026-09-15 10:26:00,Notify the security team; do not pay or delete evidence.
CONV01248,1,Maya,Ben,2026-09-16 10:30:00,The security alert says there was an unusual login.
CONV01248,2,Ben,Maya,2026-09-16 10:31:00,It may be a false alarm; MFA succeeded.
CONV01248,3,Maya,Ben,2026-09-16 10:32:00,"Still, there were repeated login attempts before it."
CONV01248,4,Ben,Maya,2026-09-16 10:33:00,Let's review the logs before deciding.
CONV01249,1,Eli,June,2026-09-17 10:37:00,A contractor may have accessed confidential data without authorization.
CONV01249,2,June,Eli,2026-09-17 10:38:00,That could indicate an insider threat or data exfiltration.
CONV01249,3,Eli,June,2026-09-17 10:39:00,The audit shows an unusual access pattern.
CONV01249,4,June,Eli,2026-09-17 10:40:00,Preserve logs and send the case for human review.
CONV01250,1,Alice,Bob,2026-09-18 10:44:00,I received a suspicious link asking me to verify your account.
CONV01250,2,Bob,Alice,2026-09-18 10:45:00,That could be a phishing link. Do not enter your login credentials.
CONV01250,3,Alice,Bob,2026-09-18 10:46:00,I already entered my password and now see an unauthorized login.
CONV01250,4,Bob,Alice,2026-09-18 10:47:00,"Change the password, enable MFA, and report the incident."
CONV01251,1,Tara,Neil,2026-09-19 10:51:00,The antivirus flagged a suspicious attachment.
CONV01251,2,Neil,Tara,2026-09-19 10:52:00,It was part of our malware-awareness training.
CONV01251,3,Tara,Neil,2026-09-19 10:53:00,"Okay, the security team confirmed it was a test."
CONV01251,4,Neil,Tara,2026-09-19 10:54:00,I will document the result.
CONV01252,1,Dev,Priya,2026-09-20 10:58:00,A suspicious download was found on the workstation.
CONV01252,2,Priya,Dev,2026-09-20 10:59:00,The file may contain malware or a trojan.
CONV01252,3,Dev,Priya,2026-09-20 11:00:00,The endpoint alert also mentions a keylogger.
CONV01252,4,Priya,Dev,2026-09-20 11:01:00,Isolate the device and follow the incident response procedure.
CONV01253,1,Ava,Noah,2026-09-21 11:05:00,Did the antivirus update finish?
CONV01253,2,Noah,Ava,2026-09-21 11:06:00,"Yes, the update completed this morning."
CONV01253,3,Ava,Noah,2026-09-21 11:07:00,"Great, please patch the server after lunch."
CONV01253,4,Noah,Ava,2026-09-21 11:08:00,I will confirm after the maintenance window.
CONV01254,1,Isha,Arun,2026-09-22 11:12:00,Did you enable multi-factor authentication?
CONV01254,2,Arun,Isha,2026-09-22 11:13:00,"Yes, MFA is enabled on my account."
CONV01254,3,Isha,Arun,2026-09-22 11:14:00,Thanks. The security patch is also available.
CONV01254,4,Arun,Isha,2026-09-22 11:15:00,I will install it today.
CONV01255,1,Sam,Riya,2026-09-23 11:19:00,The incident response drill starts at ten.
CONV01255,2,Riya,Sam,2026-09-23 11:20:00,I have the checklist ready.
CONV01255,3,Sam,Riya,2026-09-23 11:21:00,Please verify the firewall rule too.
CONV01255,4,Riya,Sam,2026-09-23 11:22:00,The configuration looks correct.
CONV01256,1,Mia,Leo,2026-09-24 11:26:00,The security audit is scheduled for Friday.
CONV01256,2,Leo,Mia,2026-09-24 11:27:00,I have prepared the access review.
CONV01256,3,Mia,Leo,2026-09-24 11:28:00,Please include the backup status in the report.
CONV01256,4,Leo,Mia,2026-09-24 11:29:00,"Done, I will share it with the team."
CONV01257,1,Mia,Leo,2026-09-25 11:33:00,The security audit is scheduled for Friday.
CONV01257,2,Leo,Mia,2026-09-25 11:34:00,I have prepared the access review.
CONV01257,3,Mia,Leo,2026-09-25 11:35:00,Please include the backup status in the report.
CONV01257,4,Leo,Mia,2026-09-25 11:36:00,"Done, I will share it with the team."
CONV01258,1,Ravi,Meera,2026-09-26 11:40:00,The application may be vulnerable to SQL injection.
CONV01258,2,Meera,Ravi,2026-09-26 11:41:00,"The security test also detected cross-site scripting, or XSS."
CONV01258,3,Ravi,Meera,2026-09-26 11:42:00,We should review the vulnerable query and injected script handling.
CONV01258,4,Meera,Ravi,2026-09-26 11:43:00,Log the findings and apply the approved fixes.
CONV01259,1,Ravi,Meera,2026-09-27 11:47:00,The application may be vulnerable to SQL injection.
CONV01259,2,Meera,Ravi,2026-09-27 11:48:00,"The security test also detected cross-site scripting, or XSS."
CONV01259,3,Ravi,Meera,2026-09-27 11:49:00,We should review the vulnerable query and injected script handling.
CONV01259,4,Meera,Ravi,2026-09-27 11:50:00,Log the findings and apply the approved fixes.
CONV01260,1,Tara,Neil,2026-09-28 11:54:00,The antivirus flagged a suspicious attachment.
CONV01260,2,Neil,Tara,2026-09-28 11:55:00,It was part of our malware-awareness training.
CONV01260,3,Tara,Neil,2026-09-28 11:56:00,"Okay, the security team confirmed it was a test."
CONV01260,4,Neil,Tara,2026-09-28 11:57:00,I will document the result.
CONV01261,1,Sam,Riya,2026-09-01 12:01:00,The incident response drill starts at ten.
CONV01261,2,Riya,Sam,2026-09-01 12:02:00,I have the checklist ready.
CONV01261,3,Sam,Riya,2026-09-01 12:03:00,Please verify the firewall rule too.
CONV01261,4,Riya,Sam,2026-09-01 12:04:00,The configuration looks correct.
CONV01262,1,Ava,Noah,2026-09-02 12:08:00,Did the antivirus update finish?
CONV01262,2,Noah,Ava,2026-09-02 12:09:00,"Yes, the update completed this morning."
CONV01262,3,Ava,Noah,2026-09-02 12:10:00,"Great, please patch the server after lunch."
CONV01262,4,Noah,Ava,2026-09-02 12:11:00,I will confirm after the maintenance window.
CONV01263,1,Sam,Riya,2026-09-03 12:15:00,The incident response drill starts at ten.
CONV01263,2,Riya,Sam,2026-09-03 12:16:00,I have the checklist ready.
CONV01263,3,Sam,Riya,2026-09-03 12:17:00,Please verify the firewall rule too.
CONV01263,4,Riya,Sam,2026-09-03 12:18:00,The configuration looks correct.
CONV01264,1,Sam,Riya,2026-09-04 12:22:00,The incident response drill starts at ten.
CONV01264,2,Riya,Sam,2026-09-04 12:23:00,I have the checklist ready.
CONV01264,3,Sam,Riya,2026-09-04 12:24:00,Please verify the firewall rule too.
CONV01264,4,Riya,Sam,2026-09-04 12:25:00,The configuration looks correct.
CONV01265,1,Eli,June,2026-09-05 12:29:00,A contractor may have accessed confidential data without authorization.
CONV01265,2,June,Eli,2026-09-05 12:30:00,That could indicate an insider threat or data exfiltration.
CONV01265,3,Eli,June,2026-09-05 12:31:00,The audit shows an unusual access pattern.
CONV01265,4,June,Eli,2026-09-05 12:32:00,Preserve logs and send the case for human review.
CONV01266,1,Ravi,Meera,2026-09-06 12:36:00,The application may be vulnerable to SQL injection.
CONV01266,2,Meera,Ravi,2026-09-06 12:37:00,"The security test also detected cross-site scripting, or XSS."
CONV01266,3,Ravi,Meera,2026-09-06 12:38:00,We should review the vulnerable query and injected script handling.
CONV01266,4,Meera,Ravi,2026-09-06 12:39:00,Log the findings and apply the approved fixes.
CONV01267,1,Alice,Bob,2026-09-07 12:43:00,I received a suspicious link asking me to verify your account.
CONV01267,2,Bob,Alice,2026-09-07 12:44:00,That could be a phishing link. Do not enter your login credentials.
CONV01267,3,Alice,Bob,2026-09-07 12:45:00,I already entered my password and now see an unauthorized login.
CONV01267,4,Bob,Alice,2026-09-07 12:46:00,"Change the password, enable MFA, and report the incident."
CONV01268,1,Ava,Noah,2026-09-08 12:50:00,Did the antivirus update finish?
CONV01268,2,Noah,Ava,2026-09-08 12:51:00,"Yes, the update completed this morning."
CONV01268,3,Ava,Noah,2026-09-08 12:52:00,"Great, please patch the server after lunch."
CONV01268,4,Noah,Ava,2026-09-08 12:53:00,I will confirm after the maintenance window.
CONV01269,1,Eli,June,2026-09-09 12:57:00,A contractor may have accessed confidential data without authorization.
CONV01269,2,June,Eli,2026-09-09 12:58:00,That could indicate an insider threat or data exfiltration.
CONV01269,3,Eli,June,2026-09-09 12:59:00,The audit shows an unusual access pattern.
CONV01269,4,June,Eli,2026-09-09 13:00:00,Preserve logs and send the case for human review.
CONV01270,1,Tara,Neil,2026-09-10 13:04:00,The antivirus flagged a suspicious attachment.
CONV01270,2,Neil,Tara,2026-09-10 13:05:00,It was part of our malware-awareness training.
CONV01270,3,Tara,Neil,2026-09-10 13:06:00,"Okay, the security team confirmed it was a test."
CONV01270,4,Neil,Tara,2026-09-10 13:07:00,I will document the result.
CONV01271,1,Mia,Leo,2026-09-11 13:11:00,The security audit is scheduled for Friday.
CONV01271,2,Leo,Mia,2026-09-11 13:12:00,I have prepared the access review.
CONV01271,3,Mia,Leo,2026-09-11 13:13:00,Please include the backup status in the report.
CONV01271,4,Leo,Mia,2026-09-11 13:14:00,"Done, I will share it with the team."
CONV01272,1,Eli,June,2026-09-12 13:18:00,A contractor may have accessed confidential data without authorization.
CONV01272,2,June,Eli,2026-09-12 13:19:00,That could indicate an insider threat or data exfiltration.
CONV01272,3,Eli,June,2026-09-12 13:20:00,The audit shows an unusual access pattern.
CONV01272,4,June,Eli,2026-09-12 13:21:00,Preserve logs and send the case for human review.
CONV01273,1,Alice,Bob,2026-09-13 13:25:00,I received a suspicious link asking me to verify your account.
CONV01273,2,Bob,Alice,2026-09-13 13:26:00,That could be a phishing link. Do not enter your login credentials.
CONV01273,3,Alice,Bob,2026-09-13 13:27:00,I already entered my password and now see an unauthorized login.
CONV01273,4,Bob,Alice,2026-09-13 13:28:00,"Change the password, enable MFA, and report the incident."
CONV01274,1,Sam,Riya,2026-09-14 13:32:00,The incident response drill starts at ten.
CONV01274,2,Riya,Sam,2026-09-14 13:33:00,I have the checklist ready.
CONV01274,3,Sam,Riya,2026-09-14 13:34:00,Please verify the firewall rule too.
CONV01274,4,Riya,Sam,2026-09-14 13:35:00,The configuration looks correct.
CONV01275,1,Ravi,Meera,2026-09-15 13:39:00,The application may be vulnerable to SQL injection.
CONV01275,2,Meera,Ravi,2026-09-15 13:40:00,"The security test also detected cross-site scripting, or XSS."
CONV01275,3,Ravi,Meera,2026-09-15 13:41:00,We should review the vulnerable query and injected script handling.
CONV01275,4,Meera,Ravi,2026-09-15 13:42:00,Log the findings and apply the approved fixes.
CONV01276,1,Mia,Leo,2026-09-16 13:46:00,The security audit is scheduled for Friday.
CONV01276,2,Leo,Mia,2026-09-16 13:47:00,I have prepared the access review.
CONV01276,3,Mia,Leo,2026-09-16 13:48:00,Please include the backup status in the report.
CONV01276,4,Leo,Mia,2026-09-16 13:49:00,"Done, I will share it with the team."
CONV01277,1,Ravi,Meera,2026-09-17 13:53:00,The application may be vulnerable to SQL injection.
CONV01277,2,Meera,Ravi,2026-09-17 13:54:00,"The security test also detected cross-site scripting, or XSS."
CONV01277,3,Ravi,Meera,2026-09-17 13:55:00,We should review the vulnerable query and injected script handling.
CONV01277,4,Meera,Ravi,2026-09-17 13:56:00,Log the findings and apply the approved fixes.
CONV01278,1,Ravi,Meera,2026-09-18 14:00:00,The application may be vulnerable to SQL injection.
CONV01278,2,Meera,Ravi,2026-09-18 14:01:00,"The security test also detected cross-site scripting, or XSS."
CONV01278,3,Ravi,Meera,2026-09-18 14:02:00,We should review the vulnerable query and injected script handling.
CONV01278,4,Meera,Ravi,2026-09-18 14:03:00,Log the findings and apply the approved fixes.
CONV01279,1,Maya,Ben,2026-09-19 14:07:00,The security alert says there was an unusual login.
CONV01279,2,Ben,Maya,2026-09-19 14:08:00,It may be a false alarm; MFA succeeded.
CONV01279,3,Maya,Ben,2026-09-19 14:09:00,"Still, there were repeated login attempts before it."
CONV01279,4,Ben,Maya,2026-09-19 14:10:00,Let's review the logs before deciding.
CONV01280,1,Ava,Noah,2026-09-20 14:14:00,Did the antivirus update finish?
CONV01280,2,Noah,Ava,2026-09-20 14:15:00,"Yes, the update completed this morning."
CONV01280,3,Ava,Noah,2026-09-20 14:16:00,"Great, please patch the server after lunch."
CONV01280,4,Noah,Ava,2026-09-20 14:17:00,I will confirm after the maintenance window.
CONV01281,1,Alice,Bob,2026-09-21 14:21:00,I received a suspicious link asking me to verify your account.
CONV01281,2,Bob,Alice,2026-09-21 14:22:00,That could be a phishing link. Do not enter your login credentials.
CONV01281,3,Alice,Bob,2026-09-21 14:23:00,I already entered my password and now see an unauthorized login.
CONV01281,4,Bob,Alice,2026-09-21 14:24:00,"Change the password, enable MFA, and report the incident."
CONV01282,1,Sam,Riya,2026-09-22 14:28:00,The incident response drill starts at ten.
CONV01282,2,Riya,Sam,2026-09-22 14:29:00,I have the checklist ready.
CONV01282,3,Sam,Riya,2026-09-22 14:30:00,Please verify the firewall rule too.
CONV01282,4,Riya,Sam,2026-09-22 14:31:00,The configuration looks correct.
CONV01283,1,Mia,Leo,2026-09-23 14:35:00,The security audit is scheduled for Friday.
CONV01283,2,Leo,Mia,2026-09-23 14:36:00,I have prepared the access review.
CONV01283,3,Mia,Leo,2026-09-23 14:37:00,Please include the backup status in the report.
CONV01283,4,Leo,Mia,2026-09-23 14:38:00,"Done, I will share it with the team."
CONV01284,1,Kai,Zoe,2026-09-24 14:42:00,The shared files are encrypted and there is a ransom note.
CONV01284,2,Zoe,Kai,2026-09-24 14:43:00,This may be ransomware. Disconnect the affected host.
CONV01284,3,Kai,Zoe,2026-09-24 14:44:00,We need to check backups and the scope of the data breach.
CONV01284,4,Zoe,Kai,2026-09-24 14:45:00,Notify the security team; do not pay or delete evidence.
CONV01285,1,Isha,Arun,2026-09-25 14:49:00,Did you enable multi-factor authentication?
CONV01285,2,Arun,Isha,2026-09-25 14:50:00,"Yes, MFA is enabled on my account."
CONV01285,3,Isha,Arun,2026-09-25 14:51:00,Thanks. The security patch is also available.
CONV01285,4,Arun,Isha,2026-09-25 14:52:00,I will install it today.
CONV01286,1,Alice,Bob,2026-09-26 14:56:00,I received a suspicious link asking me to verify your account.
CONV01286,2,Bob,Alice,2026-09-26 14:57:00,That could be a phishing link. Do not enter your login credentials.
CONV01286,3,Alice,Bob,2026-09-26 14:58:00,I already entered my password and now see an unauthorized login.
CONV01286,4,Bob,Alice,2026-09-26 14:59:00,"Change the password, enable MFA, and report the incident."
CONV01287,1,Maya,Ben,2026-09-27 15:03:00,The security alert says there was an unusual login.
CONV01287,2,Ben,Maya,2026-09-27 15:04:00,It may be a false alarm; MFA succeeded.
CONV01287,3,Maya,Ben,2026-09-27 15:05:00,"Still, there were repeated login attempts before it."
CONV01287,4,Ben,Maya,2026-09-27 15:06:00,Let's review the logs before deciding.
CONV01288,1,Alice,Bob,2026-09-28 15:10:00,I received a suspicious link asking me to verify your account.
CONV01288,2,Bob,Alice,2026-09-28 15:11:00,That could be a phishing link. Do not enter your login credentials.
CONV01288,3,Alice,Bob,2026-09-28 15:12:00,I already entered my password and now see an unauthorized login.
CONV01288,4,Bob,Alice,2026-09-28 15:13:00,"Change the password, enable MFA, and report the incident."
CONV01289,1,Dev,Priya,2026-09-01 15:17:00,A suspicious download was found on the workstation.
CONV01289,2,Priya,Dev,2026-09-01 15:18:00,The file may contain malware or a trojan.
CONV01289,3,Dev,Priya,2026-09-01 15:19:00,The endpoint alert also mentions a keylogger.
CONV01289,4,Priya,Dev,2026-09-01 15:20:00,Isolate the device and follow the incident response procedure.
CONV01290,1,Alice,Bob,2026-09-02 15:24:00,I received a suspicious link asking me to verify your account.
CONV01290,2,Bob,Alice,2026-09-02 15:25:00,That could be a phishing link. Do not enter your login credentials.
CONV01290,3,Alice,Bob,2026-09-02 15:26:00,I already entered my password and now see an unauthorized login.
CONV01290,4,Bob,Alice,2026-09-02 15:27:00,"Change the password, enable MFA, and report the incident."
CONV01291,1,Isha,Arun,2026-09-03 15:31:00,Did you enable multi-factor authentication?
CONV01291,2,Arun,Isha,2026-09-03 15:32:00,"Yes, MFA is enabled on my account."
CONV01291,3,Isha,Arun,2026-09-03 15:33:00,Thanks. The security patch is also available.
CONV01291,4,Arun,Isha,2026-09-03 15:34:00,I will install it today.
CONV01292,1,Eli,June,2026-09-04 15:38:00,A contractor may have accessed confidential data without authorization.
CONV01292,2,June,Eli,2026-09-04 15:39:00,That could indicate an insider threat or data exfiltration.
CONV01292,3,Eli,June,2026-09-04 15:40:00,The audit shows an unusual access pattern.
CONV01292,4,June,Eli,2026-09-04 15:41:00,Preserve logs and send the case for human review.
CONV01293,1,Mia,Leo,2026-09-05 15:45:00,The security audit is scheduled for Friday.
CONV01293,2,Leo,Mia,2026-09-05 15:46:00,I have prepared the access review.
CONV01293,3,Mia,Leo,2026-09-05 15:47:00,Please include the backup status in the report.
CONV01293,4,Leo,Mia,2026-09-05 15:48:00,"Done, I will share it with the team."
CONV01294,1,Mia,Leo,2026-09-06 15:52:00,The security audit is scheduled for Friday.
CONV01294,2,Leo,Mia,2026-09-06 15:53:00,I have prepared the access review.
CONV01294,3,Mia,Leo,2026-09-06 15:54:00,Please include the backup status in the report.
CONV01294,4,Leo,Mia,2026-09-06 15:55:00,"Done, I will share it with the team."
CONV01295,1,Isha,Arun,2026-09-07 15:59:00,Did you enable multi-factor authentication?
CONV01295,2,Arun,Isha,2026-09-07 16:00:00,"Yes, MFA is enabled on my account."
CONV01295,3,Isha,Arun,2026-09-07 16:01:00,Thanks. The security patch is also available.
CONV01295,4,Arun,Isha,2026-09-07 16:02:00,I will install it today.
CONV01296,1,Maya,Ben,2026-09-08 16:06:00,The security alert says there was an unusual login.
CONV01296,2,Ben,Maya,2026-09-08 16:07:00,It may be a false alarm; MFA succeeded.
CONV01296,3,Maya,Ben,2026-09-08 16:08:00,"Still, there were repeated login attempts before it."
CONV01296,4,Ben,Maya,2026-09-08 16:09:00,Let's review the logs before deciding.
CONV01297,1,Eli,June,2026-09-09 16:13:00,A contractor may have accessed confidential data without authorization.
CONV01297,2,June,Eli,2026-09-09 16:14:00,That could indicate an insider threat or data exfiltration.
CONV01297,3,Eli,June,2026-09-09 16:15:00,The audit shows an unusual access pattern.
CONV01297,4,June,Eli,2026-09-09 16:16:00,Preserve logs and send the case for human review.
CONV01298,1,Ravi,Meera,2026-09-10 16:20:00,The application may be vulnerable to SQL injection.
CONV01298,2,Meera,Ravi,2026-09-10 16:21:00,"The security test also detected cross-site scripting, or XSS."
CONV01298,3,Ravi,Meera,2026-09-10 16:22:00,We should review the vulnerable query and injected script handling.
CONV01298,4,Meera,Ravi,2026-09-10 16:23:00,Log the findings and apply the approved fixes.
CONV01299,1,Eli,June,2026-09-11 16:27:00,A contractor may have accessed confidential data without authorization.
CONV01299,2,June,Eli,2026-09-11 16:28:00,That could indicate an insider threat or data exfiltration.
CONV01299,3,Eli,June,2026-09-11 16:29:00,The audit shows an unusual access pattern.
CONV01299,4,June,Eli,2026-09-11 16:30:00,Preserve logs and send the case for human review.
CONV01300,1,Maya,Ben,2026-09-12 16:34:00,The security alert says there was an unusual login.
CONV01300,2,Ben,Maya,2026-09-12 16:35:00,It may be a false alarm; MFA succeeded.
CONV01300,3,Maya,Ben,2026-09-12 16:36:00,"Still, there were repeated login attempts before it."
CONV01300,4,Ben,Maya,2026-09-12 16:37:00,Let's review the logs before deciding.
CONV01301,1,Alice,Bob,2026-09-13 16:41:00,I received a suspicious link asking me to verify your account.
CONV01301,2,Bob,Alice,2026-09-13 16:42:00,That could be a phishing link. Do not enter your login credentials.
CONV01301,3,Alice,Bob,2026-09-13 16:43:00,I already entered my password and now see an unauthorized login.
CONV01301,4,Bob,Alice,2026-09-13 16:44:00,"Change the password, enable MFA, and report the incident."
CONV01302,1,Nina,Omar,2026-09-14 16:48:00,Several failed login attempts appeared on the admin account.
CONV01302,2,Omar,Nina,2026-09-14 16:49:00,Could this be a brute force attempt? Check the logs.
CONV01302,3,Nina,Omar,2026-09-14 16:50:00,The account may be compromised; I also found unusual access.
CONV01302,4,Omar,Nina,2026-09-14 16:51:00,Escalate this to incident response and preserve the evidence.
CONV01303,1,Dev,Priya,2026-09-15 16:55:00,A suspicious download was found on the workstation.
CONV01303,2,Priya,Dev,2026-09-15 16:56:00,The file may contain malware or a trojan.
CONV01303,3,Dev,Priya,2026-09-15 16:57:00,The endpoint alert also mentions a keylogger.
CONV01303,4,Priya,Dev,2026-09-15 16:58:00,Isolate the device and follow the incident response procedure.
CONV01304,1,Tara,Neil,2026-09-16 17:02:00,The antivirus flagged a suspicious attachment.
CONV01304,2,Neil,Tara,2026-09-16 17:03:00,It was part of our malware-awareness training.
CONV01304,3,Tara,Neil,2026-09-16 17:04:00,"Okay, the security team confirmed it was a test."
CONV01304,4,Neil,Tara,2026-09-16 17:05:00,I will document the result.
CONV01305,1,Isha,Arun,2026-09-17 17:09:00,Did you enable multi-factor authentication?
CONV01305,2,Arun,Isha,2026-09-17 17:10:00,"Yes, MFA is enabled on my account."
CONV01305,3,Isha,Arun,2026-09-17 17:11:00,Thanks. The security patch is also available.
CONV01305,4,Arun,Isha,2026-09-17 17:12:00,I will install it today.
CONV01306,1,Sam,Riya,2026-09-18 17:16:00,The incident response drill starts at ten.
CONV01306,2,Riya,Sam,2026-09-18 17:17:00,I have the checklist ready.
CONV01306,3,Sam,Riya,2026-09-18 17:18:00,Please verify the firewall rule too.
CONV01306,4,Riya,Sam,2026-09-18 17:19:00,The configuration looks correct.
CONV01307,1,Tara,Neil,2026-09-19 17:23:00,The antivirus flagged a suspicious attachment.
CONV01307,2,Neil,Tara,2026-09-19 17:24:00,It was part of our malware-awareness training.
CONV01307,3,Tara,Neil,2026-09-19 17:25:00,"Okay, the security team confirmed it was a test."
CONV01307,4,Neil,Tara,2026-09-19 17:26:00,I will document the result.
CONV01308,1,Maya,Ben,2026-09-20 17:30:00,The security alert says there was an unusual login.
CONV01308,2,Ben,Maya,2026-09-20 17:31:00,It may be a false alarm; MFA succeeded.
CONV01308,3,Maya,Ben,2026-09-20 17:32:00,"Still, there were repeated login attempts before it."
CONV01308,4,Ben,Maya,2026-09-20 17:33:00,Let's review the logs before deciding.
CONV01309,1,Eli,June,2026-09-21 17:37:00,A contractor may have accessed confidential data without authorization.
CONV01309,2,June,Eli,2026-09-21 17:38:00,That could indicate an insider threat or data exfiltration.
CONV01309,3,Eli,June,2026-09-21 17:39:00,The audit shows an unusual access pattern.
CONV01309,4,June,Eli,2026-09-21 17:40:00,Preserve logs and send the case for human review.
CONV01310,1,Isha,Arun,2026-09-22 17:44:00,Did you enable multi-factor authentication?
CONV01310,2,Arun,Isha,2026-09-22 17:45:00,"Yes, MFA is enabled on my account."
CONV01310,3,Isha,Arun,2026-09-22 17:46:00,Thanks. The security patch is also available.
CONV01310,4,Arun,Isha,2026-09-22 17:47:00,I will install it today.
CONV01311,1,Mia,Leo,2026-09-23 17:51:00,The security audit is scheduled for Friday.
CONV01311,2,Leo,Mia,2026-09-23 17:52:00,I have prepared the access review.
CONV01311,3,Mia,Leo,2026-09-23 17:53:00,Please include the backup status in the report.
CONV01311,4,Leo,Mia,2026-09-23 17:54:00,"Done, I will share it with the team."
CONV01312,1,Nina,Omar,2026-09-24 17:58:00,Several failed login attempts appeared on the admin account.
CONV01312,2,Omar,Nina,2026-09-24 17:59:00,Could this be a brute force attempt? Check the logs.
CONV01312,3,Nina,Omar,2026-09-24 18:00:00,The account may be compromised; I also found unusual access.
CONV01312,4,Omar,Nina,2026-09-24 18:01:00,Escalate this to incident response and preserve the evidence.
CONV01313,1,Isha,Arun,2026-09-25 18:05:00,Did you enable multi-factor authentication?
CONV01313,2,Arun,Isha,2026-09-25 18:06:00,"Yes, MFA is enabled on my account."
CONV01313,3,Isha,Arun,2026-09-25 18:07:00,Thanks. The security patch is also available.
CONV01313,4,Arun,Isha,2026-09-25 18:08:00,I will install it today.
CONV01314,1,Isha,Arun,2026-09-26 18:12:00,Did you enable multi-factor authentication?
CONV01314,2,Arun,Isha,2026-09-26 18:13:00,"Yes, MFA is enabled on my account."
CONV01314,3,Isha,Arun,2026-09-26 18:14:00,Thanks. The security patch is also available.
CONV01314,4,Arun,Isha,2026-09-26 18:15:00,I will install it today.
CONV01315,1,Eli,June,2026-09-27 18:19:00,A contractor may have accessed confidential data without authorization.
CONV01315,2,June,Eli,2026-09-27 18:20:00,That could indicate an insider threat or data exfiltration.
CONV01315,3,Eli,June,2026-09-27 18:21:00,The audit shows an unusual access pattern.
CONV01315,4,June,Eli,2026-09-27 18:22:00,Preserve logs and send the case for human review.
CONV01316,1,Isha,Arun,2026-09-28 18:26:00,Did you enable multi-factor authentication?
CONV01316,2,Arun,Isha,2026-09-28 18:27:00,"Yes, MFA is enabled on my account."
CONV01316,3,Isha,Arun,2026-09-28 18:28:00,Thanks. The security patch is also available.
CONV01316,4,Arun,Isha,2026-09-28 18:29:00,I will install it today.
CONV01317,1,Dev,Priya,2026-09-01 18:33:00,A suspicious download was found on the workstation.
CONV01317,2,Priya,Dev,2026-09-01 18:34:00,The file may contain malware or a trojan.
CONV01317,3,Dev,Priya,2026-09-01 18:35:00,The endpoint alert also mentions a keylogger.
CONV01317,4,Priya,Dev,2026-09-01 18:36:00,Isolate the device and follow the incident response procedure.
CONV01318,1,Kai,Zoe,2026-09-02 18:40:00,The shared files are encrypted and there is a ransom note.
CONV01318,2,Zoe,Kai,2026-09-02 18:41:00,This may be ransomware. Disconnect the affected host.
CONV01318,3,Kai,Zoe,2026-09-02 18:42:00,We need to check backups and the scope of the data breach.
CONV01318,4,Zoe,Kai,2026-09-02 18:43:00,Notify the security team; do not pay or delete evidence.
CONV01319,1,Ava,Noah,2026-09-03 18:47:00,Did the antivirus update finish?
CONV01319,2,Noah,Ava,2026-09-03 18:48:00,"Yes, the update completed this morning."
CONV01319,3,Ava,Noah,2026-09-03 18:49:00,"Great, please patch the server after lunch."
CONV01319,4,Noah,Ava,2026-09-03 18:50:00,I will confirm after the maintenance window.
CONV01320,1,Dev,Priya,2026-09-04 18:54:00,A suspicious download was found on the workstation.
CONV01320,2,Priya,Dev,2026-09-04 18:55:00,The file may contain malware or a trojan.
CONV01320,3,Dev,Priya,2026-09-04 18:56:00,The endpoint alert also mentions a keylogger.
CONV01320,4,Priya,Dev,2026-09-04 18:57:00,Isolate the device and follow the incident response procedure.
CONV01321,1,Alice,Bob,2026-09-05 19:01:00,I received a suspicious link asking me to verify your account.
CONV01321,2,Bob,Alice,2026-09-05 19:02:00,That could be a phishing link. Do not enter your login credentials.
CONV01321,3,Alice,Bob,2026-09-05 19:03:00,I already entered my password and now see an unauthorized login.
CONV01321,4,Bob,Alice,2026-09-05 19:04:00,"Change the password, enable MFA, and report the incident."
CONV01322,1,Kai,Zoe,2026-09-06 19:08:00,The shared files are encrypted and there is a ransom note.
CONV01322,2,Zoe,Kai,2026-09-06 19:09:00,This may be ransomware. Disconnect the affected host.
CONV01322,3,Kai,Zoe,2026-09-06 19:10:00,We need to check backups and the scope of the data breach.
CONV01322,4,Zoe,Kai,2026-09-06 19:11:00,Notify the security team; do not pay or delete evidence.
CONV01323,1,Kai,Zoe,2026-09-07 19:15:00,The shared files are encrypted and there is a ransom note.
CONV01323,2,Zoe,Kai,2026-09-07 19:16:00,This may be ransomware. Disconnect the affected host.
CONV01323,3,Kai,Zoe,2026-09-07 19:17:00,We need to check backups and the scope of the data breach.
CONV01323,4,Zoe,Kai,2026-09-07 19:18:00,Notify the security team; do not pay or delete evidence.
CONV01324,1,Tara,Neil,2026-09-08 19:22:00,The antivirus flagged a suspicious attachment.
CONV01324,2,Neil,Tara,2026-09-08 19:23:00,It was part of our malware-awareness training.
CONV01324,3,Tara,Neil,2026-09-08 19:24:00,"Okay, the security team confirmed it was a test."
CONV01324,4,Neil,Tara,2026-09-08 19:25:00,I will document the result.
CONV01325,1,Alice,Bob,2026-09-09 19:29:00,I received a suspicious link asking me to verify your account.
CONV01325,2,Bob,Alice,2026-09-09 19:30:00,That could be a phishing link. Do not enter your login credentials.
CONV01325,3,Alice,Bob,2026-09-09 19:31:00,I already entered my password and now see an unauthorized login.
CONV01325,4,Bob,Alice,2026-09-09 19:32:00,"Change the password, enable MFA, and report the incident."
CONV01326,1,Nina,Omar,2026-09-10 19:36:00,Several failed login attempts appeared on the admin account.
CONV01326,2,Omar,Nina,2026-09-10 19:37:00,Could this be a brute force attempt? Check the logs.
CONV01326,3,Nina,Omar,2026-09-10 19:38:00,The account may be compromised; I also found unusual access.
CONV01326,4,Omar,Nina,2026-09-10 19:39:00,Escalate this to incident response and preserve the evidence.
CONV01327,1,Ravi,Meera,2026-09-11 19:43:00,The application may be vulnerable to SQL injection.
CONV01327,2,Meera,Ravi,2026-09-11 19:44:00,"The security test also detected cross-site scripting, or XSS."
CONV01327,3,Ravi,Meera,2026-09-11 19:45:00,We should review the vulnerable query and injected script handling.
CONV01327,4,Meera,Ravi,2026-09-11 19:46:00,Log the findings and apply the approved fixes.
CONV01328,1,Tara,Neil,2026-09-12 19:50:00,The antivirus flagged a suspicious attachment.
CONV01328,2,Neil,Tara,2026-09-12 19:51:00,It was part of our malware-awareness training.
CONV01328,3,Tara,Neil,2026-09-12 19:52:00,"Okay, the security team confirmed it was a test."
CONV01328,4,Neil,Tara,2026-09-12 19:53:00,I will document the result.
CONV01329,1,Isha,Arun,2026-09-13 19:57:00,Did you enable multi-factor authentication?
CONV01329,2,Arun,Isha,2026-09-13 19:58:00,"Yes, MFA is enabled on my account."
CONV01329,3,Isha,Arun,2026-09-13 19:59:00,Thanks. The security patch is also available.
CONV01329,4,Arun,Isha,2026-09-13 20:00:00,I will install it today.
CONV01330,1,Ava,Noah,2026-09-14 20:04:00,Did the antivirus update finish?
CONV01330,2,Noah,Ava,2026-09-14 20:05:00,"Yes, the update completed this morning."
CONV01330,3,Ava,Noah,2026-09-14 20:06:00,"Great, please patch the server after lunch."
CONV01330,4,Noah,Ava,2026-09-14 20:07:00,I will confirm after the maintenance window.
CONV01331,1,Ravi,Meera,2026-09-15 20:11:00,The application may be vulnerable to SQL injection.
CONV01331,2,Meera,Ravi,2026-09-15 20:12:00,"The security test also detected cross-site scripting, or XSS."
CONV01331,3,Ravi,Meera,2026-09-15 20:13:00,We should review the vulnerable query and injected script handling.
CONV01331,4,Meera,Ravi,2026-09-15 20:14:00,Log the findings and apply the approved fixes.
CONV01332,1,Isha,Arun,2026-09-16 20:18:00,Did you enable multi-factor authentication?
CONV01332,2,Arun,Isha,2026-09-16 20:19:00,"Yes, MFA is enabled on my account."
CONV01332,3,Isha,Arun,2026-09-16 20:20:00,Thanks. The security patch is also available.
CONV01332,4,Arun,Isha,2026-09-16 20:21:00,I will install it today.
CONV01333,1,Mia,Leo,2026-09-17 20:25:00,The security audit is scheduled for Friday.
CONV01333,2,Leo,Mia,2026-09-17 20:26:00,I have prepared the access review.
CONV01333,3,Mia,Leo,2026-09-17 20:27:00,Please include the backup status in the report.
CONV01333,4,Leo,Mia,2026-09-17 20:28:00,"Done, I will share it with the team."
CONV01334,1,Tara,Neil,2026-09-18 20:32:00,The antivirus flagged a suspicious attachment.
CONV01334,2,Neil,Tara,2026-09-18 20:33:00,It was part of our malware-awareness training.
CONV01334,3,Tara,Neil,2026-09-18 20:34:00,"Okay, the security team confirmed it was a test."
CONV01334,4,Neil,Tara,2026-09-18 20:35:00,I will document the result.
CONV01335,1,Tara,Neil,2026-09-19 20:39:00,The antivirus flagged a suspicious attachment.
CONV01335,2,Neil,Tara,2026-09-19 20:40:00,It was part of our malware-awareness training.
CONV01335,3,Tara,Neil,2026-09-19 20:41:00,"Okay, the security team confirmed it was a test."
CONV01335,4,Neil,Tara,2026-09-19 20:42:00,I will document the result.
CONV01336,1,Ravi,Meera,2026-09-20 20:46:00,The application may be vulnerable to SQL injection.
CONV01336,2,Meera,Ravi,2026-09-20 20:47:00,"The security test also detected cross-site scripting, or XSS."
CONV01336,3,Ravi,Meera,2026-09-20 20:48:00,We should review the vulnerable query and injected script handling.
CONV01336,4,Meera,Ravi,2026-09-20 20:49:00,Log the findings and apply the approved fixes.
CONV01337,1,Maya,Ben,2026-09-21 20:53:00,The security alert says there was an unusual login.
CONV01337,2,Ben,Maya,2026-09-21 20:54:00,It may be a false alarm; MFA succeeded.
CONV01337,3,Maya,Ben,2026-09-21 20:55:00,"Still, there were repeated login attempts before it."
CONV01337,4,Ben,Maya,2026-09-21 20:56:00,Let's review the logs before deciding.
CONV01338,1,Alice,Bob,2026-09-22 21:00:00,I received a suspicious link asking me to verify your account.
CONV01338,2,Bob,Alice,2026-09-22 21:01:00,That could be a phishing link. Do not enter your login credentials.
CONV01338,3,Alice,Bob,2026-09-22 21:02:00,I already entered my password and now see an unauthorized login.
CONV01338,4,Bob,Alice,2026-09-22 21:03:00,"Change the password, enable MFA, and report the incident."
CONV01339,1,Mia,Leo,2026-09-23 21:07:00,The security audit is scheduled for Friday.
CONV01339,2,Leo,Mia,2026-09-23 21:08:00,I have prepared the access review.
CONV01339,3,Mia,Leo,2026-09-23 21:09:00,Please include the backup status in the report.
CONV01339,4,Leo,Mia,2026-09-23 21:10:00,"Done, I will share it with the team."
CONV01340,1,Sam,Riya,2026-09-24 21:14:00,The incident response drill starts at ten.
CONV01340,2,Riya,Sam,2026-09-24 21:15:00,I have the checklist ready.
CONV01340,3,Sam,Riya,2026-09-24 21:16:00,Please verify the firewall rule too.
CONV01340,4,Riya,Sam,2026-09-24 21:17:00,The configuration looks correct.
CONV01341,1,Nina,Omar,2026-09-25 21:21:00,Several failed login attempts appeared on the admin account.
CONV01341,2,Omar,Nina,2026-09-25 21:22:00,Could this be a brute force attempt? Check the logs.
CONV01341,3,Nina,Omar,2026-09-25 21:23:00,The account may be compromised; I also found unusual access.
CONV01341,4,Omar,Nina,2026-09-25 21:24:00,Escalate this to incident response and preserve the evidence.
CONV01342,1,Tara,Neil,2026-09-26 21:28:00,The antivirus flagged a suspicious attachment.
CONV01342,2,Neil,Tara,2026-09-26 21:29:00,It was part of our malware-awareness training.
CONV01342,3,Tara,Neil,2026-09-26 21:30:00,"Okay, the security team confirmed it was a test."
CONV01342,4,Neil,Tara,2026-09-26 21:31:00,I will document the result.
CONV01343,1,Alice,Bob,2026-09-27 21:35:00,I received a suspicious link asking me to verify your account.
CONV01343,2,Bob,Alice,2026-09-27 21:36:00,That could be a phishing link. Do not enter your login credentials.
CONV01343,3,Alice,Bob,2026-09-27 21:37:00,I already entered my password and now see an unauthorized login.
CONV01343,4,Bob,Alice,2026-09-27 21:38:00,"Change the password, enable MFA, and report the incident."
CONV01344,1,Alice,Bob,2026-09-28 21:42:00,I received a suspicious link asking me to verify your account.
CONV01344,2,Bob,Alice,2026-09-28 21:43:00,That could be a phishing link. Do not enter your login credentials.
CONV01344,3,Alice,Bob,2026-09-28 21:44:00,I already entered my password and now see an unauthorized login.
CONV01344,4,Bob,Alice,2026-09-28 21:45:00,"Change the password, enable MFA, and report the incident."
CONV01345,1,Eli,June,2026-09-01 21:49:00,A contractor may have accessed confidential data without authorization.
CONV01345,2,June,Eli,2026-09-01 21:50:00,That could indicate an insider threat or data exfiltration.
CONV01345,3,Eli,June,2026-09-01 21:51:00,The audit shows an unusual access pattern.
CONV01345,4,June,Eli,2026-09-01 21:52:00,Preserve logs and send the case for human review.
CONV01346,1,Tara,Neil,2026-09-02 21:56:00,The antivirus flagged a suspicious attachment.
CONV01346,2,Neil,Tara,2026-09-02 21:57:00,It was part of our malware-awareness training.
CONV01346,3,Tara,Neil,2026-09-02 21:58:00,"Okay, the security team confirmed it was a test."
CONV01346,4,Neil,Tara,2026-09-02 21:59:00,I will document the result.
CONV01347,1,Dev,Priya,2026-09-03 22:03:00,A suspicious download was found on the workstation.
CONV01347,2,Priya,Dev,2026-09-03 22:04:00,The file may contain malware or a trojan.
CONV01347,3,Dev,Priya,2026-09-03 22:05:00,The endpoint alert also mentions a keylogger.
CONV01347,4,Priya,Dev,2026-09-03 22:06:00,Isolate the device and follow the incident response procedure.
CONV01348,1,Alice,Bob,2026-09-04 22:10:00,I received a suspicious link asking me to verify your account.
CONV01348,2,Bob,Alice,2026-09-04 22:11:00,That could be a phishing link. Do not enter your login credentials.
CONV01348,3,Alice,Bob,2026-09-04 22:12:00,I already entered my password and now see an unauthorized login.
CONV01348,4,Bob,Alice,2026-09-04 22:13:00,"Change the password, enable MFA, and report the incident."
CONV01349,1,Eli,June,2026-09-05 22:17:00,A contractor may have accessed confidential data without authorization.
CONV01349,2,June,Eli,2026-09-05 22:18:00,That could indicate an insider threat or data exfiltration.
CONV01349,3,Eli,June,2026-09-05 22:19:00,The audit shows an unusual access pattern.
CONV01349,4,June,Eli,2026-09-05 22:20:00,Preserve logs and send the case for human review.
CONV01350,1,Eli,June,2026-09-06 22:24:00,A contractor may have accessed confidential data without authorization.
CONV01350,2,June,Eli,2026-09-06 22:25:00,That could indicate an insider threat or data exfiltration.
CONV01350,3,Eli,June,2026-09-06 22:26:00,The audit shows an unusual access pattern.
CONV01350,4,June,Eli,2026-09-06 22:27:00,Preserve logs and send the case for human review.
CONV01351,1,Mia,Leo,2026-09-07 22:31:00,The security audit is scheduled for Friday.
CONV01351,2,Leo,Mia,2026-09-07 22:32:00,I have prepared the access review.
CONV01351,3,Mia,Leo,2026-09-07 22:33:00,Please include the backup status in the report.
CONV01351,4,Leo,Mia,2026-09-07 22:34:00,"Done, I will share it with the team."
CONV01352,1,Kai,Zoe,2026-09-08 22:38:00,The shared files are encrypted and there is a ransom note.
CONV01352,2,Zoe,Kai,2026-09-08 22:39:00,This may be ransomware. Disconnect the affected host.
CONV01352,3,Kai,Zoe,2026-09-08 22:40:00,We need to check backups and the scope of the data breach.
CONV01352,4,Zoe,Kai,2026-09-08 22:41:00,Notify the security team; do not pay or delete evidence.
CONV01353,1,Sam,Riya,2026-09-09 22:45:00,The incident response drill starts at ten.
CONV01353,2,Riya,Sam,2026-09-09 22:46:00,I have the checklist ready.
CONV01353,3,Sam,Riya,2026-09-09 22:47:00,Please verify the firewall rule too.
CONV01353,4,Riya,Sam,2026-09-09 22:48:00,The configuration looks correct.
CONV01354,1,Alice,Bob,2026-09-10 22:52:00,I received a suspicious link asking me to verify your account.
CONV01354,2,Bob,Alice,2026-09-10 22:53:00,That could be a phishing link. Do not enter your login credentials.
CONV01354,3,Alice,Bob,2026-09-10 22:54:00,I already entered my password and now see an unauthorized login.
CONV01354,4,Bob,Alice,2026-09-10 22:55:00,"Change the password, enable MFA, and report the incident."
CONV01355,1,Maya,Ben,2026-09-11 22:59:00,The security alert says there was an unusual login.
CONV01355,2,Ben,Maya,2026-09-11 23:00:00,It may be a false alarm; MFA succeeded.
CONV01355,3,Maya,Ben,2026-09-11 23:01:00,"Still, there were repeated login attempts before it."
CONV01355,4,Ben,Maya,2026-09-11 23:02:00,Let's review the logs before deciding.
CONV01356,1,Ava,Noah,2026-09-12 23:06:00,Did the antivirus update finish?
CONV01356,2,Noah,Ava,2026-09-12 23:07:00,"Yes, the update completed this morning."
CONV01356,3,Ava,Noah,2026-09-12 23:08:00,"Great, please patch the server after lunch."
CONV01356,4,Noah,Ava,2026-09-12 23:09:00,I will confirm after the maintenance window.
CONV01357,1,Ravi,Meera,2026-09-13 23:13:00,The application may be vulnerable to SQL injection.
CONV01357,2,Meera,Ravi,2026-09-13 23:14:00,"The security test also detected cross-site scripting, or XSS."
CONV01357,3,Ravi,Meera,2026-09-13 23:15:00,We should review the vulnerable query and injected script handling.
CONV01357,4,Meera,Ravi,2026-09-13 23:16:00,Log the findings and apply the approved fixes.
CONV01358,1,Nina,Omar,2026-09-14 23:20:00,Several failed login attempts appeared on the admin account.
CONV01358,2,Omar,Nina,2026-09-14 23:21:00,Could this be a brute force attempt? Check the logs.
CONV01358,3,Nina,Omar,2026-09-14 23:22:00,The account may be compromised; I also found unusual access.
CONV01358,4,Omar,Nina,2026-09-14 23:23:00,Escalate this to incident response and preserve the evidence.
CONV01359,1,Isha,Arun,2026-09-15 23:27:00,Did you enable multi-factor authentication?
CONV01359,2,Arun,Isha,2026-09-15 23:28:00,"Yes, MFA is enabled on my account."
CONV01359,3,Isha,Arun,2026-09-15 23:29:00,Thanks. The security patch is also available.
CONV01359,4,Arun,Isha,2026-09-15 23:30:00,I will install it today.
CONV01360,1,Alice,Bob,2026-09-16 23:34:00,I received a suspicious link asking me to verify your account.
CONV01360,2,Bob,Alice,2026-09-16 23:35:00,That could be a phishing link. Do not enter your login credentials.
CONV01360,3,Alice,Bob,2026-09-16 23:36:00,I already entered my password and now see an unauthorized login.
CONV01360,4,Bob,Alice,2026-09-16 23:37:00,"Change the password, enable MFA, and report the incident."
CONV01361,1,Eli,June,2026-09-17 23:41:00,A contractor may have accessed confidential data without authorization.
CONV01361,2,June,Eli,2026-09-17 23:42:00,That could indicate an insider threat or data exfiltration.
CONV01361,3,Eli,June,2026-09-17 23:43:00,The audit shows an unusual access pattern.
CONV01361,4,June,Eli,2026-09-17 23:44:00,Preserve logs and send the case for human review.
CONV01362,1,Maya,Ben,2026-09-18 23:48:00,The security alert says there was an unusual login.
CONV01362,2,Ben,Maya,2026-09-18 23:49:00,It may be a false alarm; MFA succeeded.
CONV01362,3,Maya,Ben,2026-09-18 23:50:00,"Still, there were repeated login attempts before it."
CONV01362,4,Ben,Maya,2026-09-18 23:51:00,Let's review the logs before deciding.
CONV01363,1,Alice,Bob,2026-09-19 23:55:00,I received a suspicious link asking me to verify your account.
CONV01363,2,Bob,Alice,2026-09-19 23:56:00,That could be a phishing link. Do not enter your login credentials.
CONV01363,3,Alice,Bob,2026-09-19 23:57:00,I already entered my password and now see an unauthorized login.
CONV01363,4,Bob,Alice,2026-09-19 23:58:00,"Change the password, enable MFA, and report the incident."
CONV01364,1,Isha,Arun,2026-09-20 00:02:00,Did you enable multi-factor authentication?
CONV01364,2,Arun,Isha,2026-09-20 00:03:00,"Yes, MFA is enabled on my account."
CONV01364,3,Isha,Arun,2026-09-20 00:04:00,Thanks. The security patch is also available.
CONV01364,4,Arun,Isha,2026-09-20 00:05:00,I will install it today.
CONV01365,1,Tara,Neil,2026-09-21 00:09:00,The antivirus flagged a suspicious attachment.
CONV01365,2,Neil,Tara,2026-09-21 00:10:00,It was part of our malware-awareness training.
CONV01365,3,Tara,Neil,2026-09-21 00:11:00,"Okay, the security team confirmed it was a test."
CONV01365,4,Neil,Tara,2026-09-21 00:12:00,I will document the result.
CONV01366,1,Sam,Riya,2026-09-22 00:16:00,The incident response drill starts at ten.
CONV01366,2,Riya,Sam,2026-09-22 00:17:00,I have the checklist ready.
CONV01366,3,Sam,Riya,2026-09-22 00:18:00,Please verify the firewall rule too.
CONV01366,4,Riya,Sam,2026-09-22 00:19:00,The configuration looks correct.
CONV01367,1,Mia,Leo,2026-09-23 00:23:00,The security audit is scheduled for Friday.
CONV01367,2,Leo,Mia,2026-09-23 00:24:00,I have prepared the access review.
CONV01367,3,Mia,Leo,2026-09-23 00:25:00,Please include the backup status in the report.
CONV01367,4,Leo,Mia,2026-09-23 00:26:00,"Done, I will share it with the team."
CONV01368,1,Ava,Noah,2026-09-24 00:30:00,Did the antivirus update finish?
CONV01368,2,Noah,Ava,2026-09-24 00:31:00,"Yes, the update completed this morning."
CONV01368,3,Ava,Noah,2026-09-24 00:32:00,"Great, please patch the server after lunch."
CONV01368,4,Noah,Ava,2026-09-24 00:33:00,I will confirm after the maintenance window.
CONV01369,1,Tara,Neil,2026-09-25 00:37:00,The antivirus flagged a suspicious attachment.
CONV01369,2,Neil,Tara,2026-09-25 00:38:00,It was part of our malware-awareness training.
CONV01369,3,Tara,Neil,2026-09-25 00:39:00,"Okay, the security team confirmed it was a test."
CONV01369,4,Neil,Tara,2026-09-25 00:40:00,I will document the result.
CONV01370,1,Dev,Priya,2026-09-26 00:44:00,A suspicious download was found on the workstation.
CONV01370,2,Priya,Dev,2026-09-26 00:45:00,The file may contain malware or a trojan.
CONV01370,3,Dev,Priya,2026-09-26 00:46:00,The endpoint alert also mentions a keylogger.
CONV01370,4,Priya,Dev,2026-09-26 00:47:00,Isolate the device and follow the incident response procedure.
CONV01371,1,Dev,Priya,2026-09-27 00:51:00,A suspicious download was found on the workstation.
CONV01371,2,Priya,Dev,2026-09-27 00:52:00,The file may contain malware or a trojan.
CONV01371,3,Dev,Priya,2026-09-27 00:53:00,The endpoint alert also mentions a keylogger.
CONV01371,4,Priya,Dev,2026-09-27 00:54:00,Isolate the device and follow the incident response procedure.
CONV01372,1,Kai,Zoe,2026-09-28 00:58:00,The shared files are encrypted and there is a ransom note.
CONV01372,2,Zoe,Kai,2026-09-28 00:59:00,This may be ransomware. Disconnect the affected host.
CONV01372,3,Kai,Zoe,2026-09-28 01:00:00,We need to check backups and the scope of the data breach.
CONV01372,4,Zoe,Kai,2026-09-28 01:01:00,Notify the security team; do not pay or delete evidence.
CONV01373,1,Mia,Leo,2026-09-01 01:05:00,The security audit is scheduled for Friday.
CONV01373,2,Leo,Mia,2026-09-01 01:06:00,I have prepared the access review.
CONV01373,3,Mia,Leo,2026-09-01 01:07:00,Please include the backup status in the report.
CONV01373,4,Leo,Mia,2026-09-01 01:08:00,"Done, I will share it with the team."
CONV01374,1,Kai,Zoe,2026-09-02 01:12:00,The shared files are encrypted and there is a ransom note.
CONV01374,2,Zoe,Kai,2026-09-02 01:13:00,This may be ransomware. Disconnect the affected host.
CONV01374,3,Kai,Zoe,2026-09-02 01:14:00,We need to check backups and the scope of the data breach.
CONV01374,4,Zoe,Kai,2026-09-02 01:15:00,Notify the security team; do not pay or delete evidence.
CONV01375,1,Ava,Noah,2026-09-03 01:19:00,Did the antivirus update finish?
CONV01375,2,Noah,Ava,2026-09-03 01:20:00,"Yes, the update completed this morning."
CONV01375,3,Ava,Noah,2026-09-03 01:21:00,"Great, please patch the server after lunch."
CONV01375,4,Noah,Ava,2026-09-03 01:22:00,I will confirm after the maintenance window.
CONV01376,1,Kai,Zoe,2026-09-04 01:26:00,The shared files are encrypted and there is a ransom note.
CONV01376,2,Zoe,Kai,2026-09-04 01:27:00,This may be ransomware. Disconnect the affected host.
CONV01376,3,Kai,Zoe,2026-09-04 01:28:00,We need to check backups and the scope of the data breach.
CONV01376,4,Zoe,Kai,2026-09-04 01:29:00,Notify the security team; do not pay or delete evidence.
CONV01377,1,Tara,Neil,2026-09-05 01:33:00,The antivirus flagged a suspicious attachment.
CONV01377,2,Neil,Tara,2026-09-05 01:34:00,It was part of our malware-awareness training.
CONV01377,3,Tara,Neil,2026-09-05 01:35:00,"Okay, the security team confirmed it was a test."
CONV01377,4,Neil,Tara,2026-09-05 01:36:00,I will document the result.
CONV01378,1,Sam,Riya,2026-09-06 01:40:00,The incident response drill starts at ten.
CONV01378,2,Riya,Sam,2026-09-06 01:41:00,I have the checklist ready.
CONV01378,3,Sam,Riya,2026-09-06 01:42:00,Please verify the firewall rule too.
CONV01378,4,Riya,Sam,2026-09-06 01:43:00,The configuration looks correct.
CONV01379,1,Isha,Arun,2026-09-07 01:47:00,Did you enable multi-factor authentication?
CONV01379,2,Arun,Isha,2026-09-07 01:48:00,"Yes, MFA is enabled on my account."
CONV01379,3,Isha,Arun,2026-09-07 01:49:00,Thanks. The security patch is also available.
CONV01379,4,Arun,Isha,2026-09-07 01:50:00,I will install it today.
CONV01380,1,Mia,Leo,2026-09-08 01:54:00,The security audit is scheduled for Friday.
CONV01380,2,Leo,Mia,2026-09-08 01:55:00,I have prepared the access review.
CONV01380,3,Mia,Leo,2026-09-08 01:56:00,Please include the backup status in the report.
CONV01380,4,Leo,Mia,2026-09-08 01:57:00,"Done, I will share it with the team."
CONV01381,1,Nina,Omar,2026-09-09 02:01:00,Several failed login attempts appeared on the admin account.
CONV01381,2,Omar,Nina,2026-09-09 02:02:00,Could this be a brute force attempt? Check the logs.
CONV01381,3,Nina,Omar,2026-09-09 02:03:00,The account may be compromised; I also found unusual access.
CONV01381,4,Omar,Nina,2026-09-09 02:04:00,Escalate this to incident response and preserve the evidence.
CONV01382,1,Kai,Zoe,2026-09-10 02:08:00,The shared files are encrypted and there is a ransom note.
CONV01382,2,Zoe,Kai,2026-09-10 02:09:00,This may be ransomware. Disconnect the affected host.
CONV01382,3,Kai,Zoe,2026-09-10 02:10:00,We need to check backups and the scope of the data breach.
CONV01382,4,Zoe,Kai,2026-09-10 02:11:00,Notify the security team; do not pay or delete evidence.
CONV01383,1,Mia,Leo,2026-09-11 02:15:00,The security audit is scheduled for Friday.
CONV01383,2,Leo,Mia,2026-09-11 02:16:00,I have prepared the access review.
CONV01383,3,Mia,Leo,2026-09-11 02:17:00,Please include the backup status in the report.
CONV01383,4,Leo,Mia,2026-09-11 02:18:00,"Done, I will share it with the team."
CONV01384,1,Isha,Arun,2026-09-12 02:22:00,Did you enable multi-factor authentication?
CONV01384,2,Arun,Isha,2026-09-12 02:23:00,"Yes, MFA is enabled on my account."
CONV01384,3,Isha,Arun,2026-09-12 02:24:00,Thanks. The security patch is also available.
CONV01384,4,Arun,Isha,2026-09-12 02:25:00,I will install it today.
CONV01385,1,Isha,Arun,2026-09-13 02:29:00,Did you enable multi-factor authentication?
CONV01385,2,Arun,Isha,2026-09-13 02:30:00,"Yes, MFA is enabled on my account."
CONV01385,3,Isha,Arun,2026-09-13 02:31:00,Thanks. The security patch is also available.
CONV01385,4,Arun,Isha,2026-09-13 02:32:00,I will install it today.
CONV01386,1,Ava,Noah,2026-09-14 02:36:00,Did the antivirus update finish?
CONV01386,2,Noah,Ava,2026-09-14 02:37:00,"Yes, the update completed this morning."
CONV01386,3,Ava,Noah,2026-09-14 02:38:00,"Great, please patch the server after lunch."
CONV01386,4,Noah,Ava,2026-09-14 02:39:00,I will confirm after the maintenance window.
CONV01387,1,Tara,Neil,2026-09-15 02:43:00,The antivirus flagged a suspicious attachment.
CONV01387,2,Neil,Tara,2026-09-15 02:44:00,It was part of our malware-awareness training.
CONV01387,3,Tara,Neil,2026-09-15 02:45:00,"Okay, the security team confirmed it was a test."
CONV01387,4,Neil,Tara,2026-09-15 02:46:00,I will document the result.
CONV01388,1,Maya,Ben,2026-09-16 02:50:00,The security alert says there was an unusual login.
CONV01388,2,Ben,Maya,2026-09-16 02:51:00,It may be a false alarm; MFA succeeded.
CONV01388,3,Maya,Ben,2026-09-16 02:52:00,"Still, there were repeated login attempts before it."
CONV01388,4,Ben,Maya,2026-09-16 02:53:00,Let's review the logs before deciding.
CONV01389,1,Tara,Neil,2026-09-17 02:57:00,The antivirus flagged a suspicious attachment.
CONV01389,2,Neil,Tara,2026-09-17 02:58:00,It was part of our malware-awareness training.
CONV01389,3,Tara,Neil,2026-09-17 02:59:00,"Okay, the security team confirmed it was a test."
CONV01389,4,Neil,Tara,2026-09-17 03:00:00,I will document the result.
CONV01390,1,Maya,Ben,2026-09-18 03:04:00,The security alert says there was an unusual login.
CONV01390,2,Ben,Maya,2026-09-18 03:05:00,It may be a false alarm; MFA succeeded.
CONV01390,3,Maya,Ben,2026-09-18 03:06:00,"Still, there were repeated login attempts before it."
CONV01390,4,Ben,Maya,2026-09-18 03:07:00,Let's review the logs before deciding.
CONV01391,1,Sam,Riya,2026-09-19 03:11:00,The incident response drill starts at ten.
CONV01391,2,Riya,Sam,2026-09-19 03:12:00,I have the checklist ready.
CONV01391,3,Sam,Riya,2026-09-19 03:13:00,Please verify the firewall rule too.
CONV01391,4,Riya,Sam,2026-09-19 03:14:00,The configuration looks correct.
CONV01392,1,Sam,Riya,2026-09-20 03:18:00,The incident response drill starts at ten.
CONV01392,2,Riya,Sam,2026-09-20 03:19:00,I have the checklist ready.
CONV01392,3,Sam,Riya,2026-09-20 03:20:00,Please verify the firewall rule too.
CONV01392,4,Riya,Sam,2026-09-20 03:21:00,The configuration looks correct.
CONV01393,1,Nina,Omar,2026-09-21 03:25:00,Several failed login attempts appeared on the admin account.
CONV01393,2,Omar,Nina,2026-09-21 03:26:00,Could this be a brute force attempt? Check the logs.
CONV01393,3,Nina,Omar,2026-09-21 03:27:00,The account may be compromised; I also found unusual access.
CONV01393,4,Omar,Nina,2026-09-21 03:28:00,Escalate this to incident response and preserve the evidence.
CONV01394,1,Maya,Ben,2026-09-22 03:32:00,The security alert says there was an unusual login.
CONV01394,2,Ben,Maya,2026-09-22 03:33:00,It may be a false alarm; MFA succeeded.
CONV01394,3,Maya,Ben,2026-09-22 03:34:00,"Still, there were repeated login attempts before it."
CONV01394,4,Ben,Maya,2026-09-22 03:35:00,Let's review the logs before deciding.
CONV01395,1,Ravi,Meera,2026-09-23 03:39:00,The application may be vulnerable to SQL injection.
CONV01395,2,Meera,Ravi,2026-09-23 03:40:00,"The security test also detected cross-site scripting, or XSS."
CONV01395,3,Ravi,Meera,2026-09-23 03:41:00,We should review the vulnerable query and injected script handling.
CONV01395,4,Meera,Ravi,2026-09-23 03:42:00,Log the findings and apply the approved fixes.
CONV01396,1,Mia,Leo,2026-09-24 03:46:00,The security audit is scheduled for Friday.
CONV01396,2,Leo,Mia,2026-09-24 03:47:00,I have prepared the access review.
CONV01396,3,Mia,Leo,2026-09-24 03:48:00,Please include the backup status in the report.
CONV01396,4,Leo,Mia,2026-09-24 03:49:00,"Done, I will share it with the team."
CONV01397,1,Maya,Ben,2026-09-25 03:53:00,The security alert says there was an unusual login.
CONV01397,2,Ben,Maya,2026-09-25 03:54:00,It may be a false alarm; MFA succeeded.
CONV01397,3,Maya,Ben,2026-09-25 03:55:00,"Still, there were repeated login attempts before it."
CONV01397,4,Ben,Maya,2026-09-25 03:56:00,Let's review the logs before deciding.
CONV01398,1,Nina,Omar,2026-09-26 04:00:00,Several failed login attempts appeared on the admin account.
CONV01398,2,Omar,Nina,2026-09-26 04:01:00,Could this be a brute force attempt? Check the logs.
CONV01398,3,Nina,Omar,2026-09-26 04:02:00,The account may be compromised; I also found unusual access.
CONV01398,4,Omar,Nina,2026-09-26 04:03:00,Escalate this to incident response and preserve the evidence.
CONV01399,1,Sam,Riya,2026-09-27 04:07:00,The incident response drill starts at ten.
CONV01399,2,Riya,Sam,2026-09-27 04:08:00,I have the checklist ready.
CONV01399,3,Sam,Riya,2026-09-27 04:09:00,Please verify the firewall rule too.
CONV01399,4,Riya,Sam,2026-09-27 04:10:00,The configuration looks correct.
CONV01400,1,Ava,Noah,2026-09-28 04:14:00,Did the antivirus update finish?
CONV01400,2,Noah,Ava,2026-09-28 04:15:00,"Yes, the update completed this morning."
CONV01400,3,Ava,Noah,2026-09-28 04:16:00,"Great, please patch the server after lunch."
CONV01400,4,Noah,Ava,2026-09-28 04:17:00,I will confirm after the maintenance window.
CONV01401,1,Dev,Priya,2026-09-01 04:21:00,A suspicious download was found on the workstation.
CONV01401,2,Priya,Dev,2026-09-01 04:22:00,The file may contain malware or a trojan.
CONV01401,3,Dev,Priya,2026-09-01 04:23:00,The endpoint alert also mentions a keylogger.
CONV01401,4,Priya,Dev,2026-09-01 04:24:00,Isolate the device and follow the incident response procedure.
CONV01402,1,Maya,Ben,2026-09-02 04:28:00,The security alert says there was an unusual login.
CONV01402,2,Ben,Maya,2026-09-02 04:29:00,It may be a false alarm; MFA succeeded.
CONV01402,3,Maya,Ben,2026-09-02 04:30:00,"Still, there were repeated login attempts before it."
CONV01402,4,Ben,Maya,2026-09-02 04:31:00,Let's review the logs before deciding.
CONV01403,1,Isha,Arun,2026-09-03 04:35:00,Did you enable multi-factor authentication?
CONV01403,2,Arun,Isha,2026-09-03 04:36:00,"Yes, MFA is enabled on my account."
CONV01403,3,Isha,Arun,2026-09-03 04:37:00,Thanks. The security patch is also available.
CONV01403,4,Arun,Isha,2026-09-03 04:38:00,I will install it today.
CONV01404,1,Mia,Leo,2026-09-04 04:42:00,The security audit is scheduled for Friday.
CONV01404,2,Leo,Mia,2026-09-04 04:43:00,I have prepared the access review.
CONV01404,3,Mia,Leo,2026-09-04 04:44:00,Please include the backup status in the report.
CONV01404,4,Leo,Mia,2026-09-04 04:45:00,"Done, I will share it with the team."
CONV01405,1,Dev,Priya,2026-09-05 04:49:00,A suspicious download was found on the workstation.
CONV01405,2,Priya,Dev,2026-09-05 04:50:00,The file may contain malware or a trojan.
CONV01405,3,Dev,Priya,2026-09-05 04:51:00,The endpoint alert also mentions a keylogger.
CONV01405,4,Priya,Dev,2026-09-05 04:52:00,Isolate the device and follow the incident response procedure.
CONV01406,1,Mia,Leo,2026-09-06 04:56:00,The security audit is scheduled for Friday.
CONV01406,2,Leo,Mia,2026-09-06 04:57:00,I have prepared the access review.
CONV01406,3,Mia,Leo,2026-09-06 04:58:00,Please include the backup status in the report.
CONV01406,4,Leo,Mia,2026-09-06 04:59:00,"Done, I will share it with the team."
CONV01407,1,Dev,Priya,2026-09-07 05:03:00,A suspicious download was found on the workstation.
CONV01407,2,Priya,Dev,2026-09-07 05:04:00,The file may contain malware or a trojan.
CONV01407,3,Dev,Priya,2026-09-07 05:05:00,The endpoint alert also mentions a keylogger.
CONV01407,4,Priya,Dev,2026-09-07 05:06:00,Isolate the device and follow the incident response procedure.
CONV01408,1,Maya,Ben,2026-09-08 05:10:00,The security alert says there was an unusual login.
CONV01408,2,Ben,Maya,2026-09-08 05:11:00,It may be a false alarm; MFA succeeded.
CONV01408,3,Maya,Ben,2026-09-08 05:12:00,"Still, there were repeated login attempts before it."
CONV01408,4,Ben,Maya,2026-09-08 05:13:00,Let's review the logs before deciding.
CONV01409,1,Ava,Noah,2026-09-09 05:17:00,Did the antivirus update finish?
CONV01409,2,Noah,Ava,2026-09-09 05:18:00,"Yes, the update completed this morning."
CONV01409,3,Ava,Noah,2026-09-09 05:19:00,"Great, please patch the server after lunch."
CONV01409,4,Noah,Ava,2026-09-09 05:20:00,I will confirm after the maintenance window.
CONV01410,1,Sam,Riya,2026-09-10 05:24:00,The incident response drill starts at ten.
CONV01410,2,Riya,Sam,2026-09-10 05:25:00,I have the checklist ready.
CONV01410,3,Sam,Riya,2026-09-10 05:26:00,Please verify the firewall rule too.
CONV01410,4,Riya,Sam,2026-09-10 05:27:00,The configuration looks correct.
CONV01411,1,Kai,Zoe,2026-09-11 05:31:00,The shared files are encrypted and there is a ransom note.
CONV01411,2,Zoe,Kai,2026-09-11 05:32:00,This may be ransomware. Disconnect the affected host.
CONV01411,3,Kai,Zoe,2026-09-11 05:33:00,We need to check backups and the scope of the data breach.
CONV01411,4,Zoe,Kai,2026-09-11 05:34:00,Notify the security team; do not pay or delete evidence.
CONV01412,1,Nina,Omar,2026-09-12 05:38:00,Several failed login attempts appeared on the admin account.
CONV01412,2,Omar,Nina,2026-09-12 05:39:00,Could this be a brute force attempt? Check the logs.
CONV01412,3,Nina,Omar,2026-09-12 05:40:00,The account may be compromised; I also found unusual access.
CONV01412,4,Omar,Nina,2026-09-12 05:41:00,Escalate this to incident response and preserve the evidence.
CONV01413,1,Isha,Arun,2026-09-13 05:45:00,Did you enable multi-factor authentication?
CONV01413,2,Arun,Isha,2026-09-13 05:46:00,"Yes, MFA is enabled on my account."
CONV01413,3,Isha,Arun,2026-09-13 05:47:00,Thanks. The security patch is also available.
CONV01413,4,Arun,Isha,2026-09-13 05:48:00,I will install it today.
CONV01414,1,Sam,Riya,2026-09-14 05:52:00,The incident response drill starts at ten.
CONV01414,2,Riya,Sam,2026-09-14 05:53:00,I have the checklist ready.
CONV01414,3,Sam,Riya,2026-09-14 05:54:00,Please verify the firewall rule too.
CONV01414,4,Riya,Sam,2026-09-14 05:55:00,The configuration looks correct.
CONV01415,1,Eli,June,2026-09-15 05:59:00,A contractor may have accessed confidential data without authorization.
CONV01415,2,June,Eli,2026-09-15 06:00:00,That could indicate an insider threat or data exfiltration.
CONV01415,3,Eli,June,2026-09-15 06:01:00,The audit shows an unusual access pattern.
CONV01415,4,June,Eli,2026-09-15 06:02:00,Preserve logs and send the case for human review.
CONV01416,1,Sam,Riya,2026-09-16 06:06:00,The incident response drill starts at ten.
CONV01416,2,Riya,Sam,2026-09-16 06:07:00,I have the checklist ready.
CONV01416,3,Sam,Riya,2026-09-16 06:08:00,Please verify the firewall rule too.
CONV01416,4,Riya,Sam,2026-09-16 06:09:00,The configuration looks correct.
CONV01417,1,Sam,Riya,2026-09-17 06:13:00,The incident response drill starts at ten.
CONV01417,2,Riya,Sam,2026-09-17 06:14:00,I have the checklist ready.
CONV01417,3,Sam,Riya,2026-09-17 06:15:00,Please verify the firewall rule too.
CONV01417,4,Riya,Sam,2026-09-17 06:16:00,The configuration looks correct.
CONV01418,1,Ava,Noah,2026-09-18 06:20:00,Did the antivirus update finish?
CONV01418,2,Noah,Ava,2026-09-18 06:21:00,"Yes, the update completed this morning."
CONV01418,3,Ava,Noah,2026-09-18 06:22:00,"Great, please patch the server after lunch."
CONV01418,4,Noah,Ava,2026-09-18 06:23:00,I will confirm after the maintenance window.
CONV01419,1,Eli,June,2026-09-19 06:27:00,A contractor may have accessed confidential data without authorization.
CONV01419,2,June,Eli,2026-09-19 06:28:00,That could indicate an insider threat or data exfiltration.
CONV01419,3,Eli,June,2026-09-19 06:29:00,The audit shows an unusual access pattern.
CONV01419,4,June,Eli,2026-09-19 06:30:00,Preserve logs and send the case for human review.
CONV01420,1,Eli,June,2026-09-20 06:34:00,A contractor may have accessed confidential data without authorization.
CONV01420,2,June,Eli,2026-09-20 06:35:00,That could indicate an insider threat or data exfiltration.
CONV01420,3,Eli,June,2026-09-20 06:36:00,The audit shows an unusual access pattern.
CONV01420,4,June,Eli,2026-09-20 06:37:00,Preserve logs and send the case for human review.
CONV01421,1,Ravi,Meera,2026-09-21 06:41:00,The application may be vulnerable to SQL injection.
CONV01421,2,Meera,Ravi,2026-09-21 06:42:00,"The security test also detected cross-site scripting, or XSS."
CONV01421,3,Ravi,Meera,2026-09-21 06:43:00,We should review the vulnerable query and injected script handling.
CONV01421,4,Meera,Ravi,2026-09-21 06:44:00,Log the findings and apply the approved fixes.
CONV01422,1,Alice,Bob,2026-09-22 06:48:00,I received a suspicious link asking me to verify your account.
CONV01422,2,Bob,Alice,2026-09-22 06:49:00,That could be a phishing link. Do not enter your login credentials.
CONV01422,3,Alice,Bob,2026-09-22 06:50:00,I already entered my password and now see an unauthorized login.
CONV01422,4,Bob,Alice,2026-09-22 06:51:00,"Change the password, enable MFA, and report the incident."
CONV01423,1,Mia,Leo,2026-09-23 06:55:00,The security audit is scheduled for Friday.
CONV01423,2,Leo,Mia,2026-09-23 06:56:00,I have prepared the access review.
CONV01423,3,Mia,Leo,2026-09-23 06:57:00,Please include the backup status in the report.
CONV01423,4,Leo,Mia,2026-09-23 06:58:00,"Done, I will share it with the team."
CONV01424,1,Eli,June,2026-09-24 07:02:00,A contractor may have accessed confidential data without authorization.
CONV01424,2,June,Eli,2026-09-24 07:03:00,That could indicate an insider threat or data exfiltration.
CONV01424,3,Eli,June,2026-09-24 07:04:00,The audit shows an unusual access pattern.
CONV01424,4,June,Eli,2026-09-24 07:05:00,Preserve logs and send the case for human review.
CONV01425,1,Kai,Zoe,2026-09-25 07:09:00,The shared files are encrypted and there is a ransom note.
CONV01425,2,Zoe,Kai,2026-09-25 07:10:00,This may be ransomware. Disconnect the affected host.
CONV01425,3,Kai,Zoe,2026-09-25 07:11:00,We need to check backups and the scope of the data breach.
CONV01425,4,Zoe,Kai,2026-09-25 07:12:00,Notify the security team; do not pay or delete evidence.
CONV01426,1,Alice,Bob,2026-09-26 07:16:00,I received a suspicious link asking me to verify your account.
CONV01426,2,Bob,Alice,2026-09-26 07:17:00,That could be a phishing link. Do not enter your login credentials.
CONV01426,3,Alice,Bob,2026-09-26 07:18:00,I already entered my password and now see an unauthorized login.
CONV01426,4,Bob,Alice,2026-09-26 07:19:00,"Change the password, enable MFA, and report the incident."
CONV01427,1,Nina,Omar,2026-09-27 07:23:00,Several failed login attempts appeared on the admin account.
CONV01427,2,Omar,Nina,2026-09-27 07:24:00,Could this be a brute force attempt? Check the logs.
CONV01427,3,Nina,Omar,2026-09-27 07:25:00,The account may be compromised; I also found unusual access.
CONV01427,4,Omar,Nina,2026-09-27 07:26:00,Escalate this to incident response and preserve the evidence.
CONV01428,1,Isha,Arun,2026-09-28 07:30:00,Did you enable multi-factor authentication?
CONV01428,2,Arun,Isha,2026-09-28 07:31:00,"Yes, MFA is enabled on my account."
CONV01428,3,Isha,Arun,2026-09-28 07:32:00,Thanks. The security patch is also available.
CONV01428,4,Arun,Isha,2026-09-28 07:33:00,I will install it today.
CONV01429,1,Dev,Priya,2026-09-01 07:37:00,A suspicious download was found on the workstation.
CONV01429,2,Priya,Dev,2026-09-01 07:38:00,The file may contain malware or a trojan.
CONV01429,3,Dev,Priya,2026-09-01 07:39:00,The endpoint alert also mentions a keylogger.
CONV01429,4,Priya,Dev,2026-09-01 07:40:00,Isolate the device and follow the incident response procedure.
CONV01430,1,Ava,Noah,2026-09-02 07:44:00,Did the antivirus update finish?
CONV01430,2,Noah,Ava,2026-09-02 07:45:00,"Yes, the update completed this morning."
CONV01430,3,Ava,Noah,2026-09-02 07:46:00,"Great, please patch the server after lunch."
CONV01430,4,Noah,Ava,2026-09-02 07:47:00,I will confirm after the maintenance window.
CONV01431,1,Dev,Priya,2026-09-03 07:51:00,A suspicious download was found on the workstation.
CONV01431,2,Priya,Dev,2026-09-03 07:52:00,The file may contain malware or a trojan.
CONV01431,3,Dev,Priya,2026-09-03 07:53:00,The endpoint alert also mentions a keylogger.
CONV01431,4,Priya,Dev,2026-09-03 07:54:00,Isolate the device and follow the incident response procedure.
CONV01432,1,Alice,Bob,2026-09-04 07:58:00,I received a suspicious link asking me to verify your account.
CONV01432,2,Bob,Alice,2026-09-04 07:59:00,That could be a phishing link. Do not enter your login credentials.
CONV01432,3,Alice,Bob,2026-09-04 08:00:00,I already entered my password and now see an unauthorized login.
CONV01432,4,Bob,Alice,2026-09-04 08:01:00,"Change the password, enable MFA, and report the incident."
CONV01433,1,Ava,Noah,2026-09-05 08:05:00,Did the antivirus update finish?
CONV01433,2,Noah,Ava,2026-09-05 08:06:00,"Yes, the update completed this morning."
CONV01433,3,Ava,Noah,2026-09-05 08:07:00,"Great, please patch the server after lunch."
CONV01433,4,Noah,Ava,2026-09-05 08:08:00,I will confirm after the maintenance window.
CONV01434,1,Kai,Zoe,2026-09-06 08:12:00,The shared files are encrypted and there is a ransom note.
CONV01434,2,Zoe,Kai,2026-09-06 08:13:00,This may be ransomware. Disconnect the affected host.
CONV01434,3,Kai,Zoe,2026-09-06 08:14:00,We need to check backups and the scope of the data breach.
CONV01434,4,Zoe,Kai,2026-09-06 08:15:00,Notify the security team; do not pay or delete evidence.
CONV01435,1,Tara,Neil,2026-09-07 08:19:00,The antivirus flagged a suspicious attachment.
CONV01435,2,Neil,Tara,2026-09-07 08:20:00,It was part of our malware-awareness training.
CONV01435,3,Tara,Neil,2026-09-07 08:21:00,"Okay, the security team confirmed it was a test."
CONV01435,4,Neil,Tara,2026-09-07 08:22:00,I will document the result.
CONV01436,1,Isha,Arun,2026-09-08 08:26:00,Did you enable multi-factor authentication?
CONV01436,2,Arun,Isha,2026-09-08 08:27:00,"Yes, MFA is enabled on my account."
CONV01436,3,Isha,Arun,2026-09-08 08:28:00,Thanks. The security patch is also available.
CONV01436,4,Arun,Isha,2026-09-08 08:29:00,I will install it today.
CONV01437,1,Maya,Ben,2026-09-09 08:33:00,The security alert says there was an unusual login.
CONV01437,2,Ben,Maya,2026-09-09 08:34:00,It may be a false alarm; MFA succeeded.
CONV01437,3,Maya,Ben,2026-09-09 08:35:00,"Still, there were repeated login attempts before it."
CONV01437,4,Ben,Maya,2026-09-09 08:36:00,Let's review the logs before deciding.
CONV01438,1,Sam,Riya,2026-09-10 08:40:00,The incident response drill starts at ten.
CONV01438,2,Riya,Sam,2026-09-10 08:41:00,I have the checklist ready.
CONV01438,3,Sam,Riya,2026-09-10 08:42:00,Please verify the firewall rule too.
CONV01438,4,Riya,Sam,2026-09-10 08:43:00,The configuration looks correct.
CONV01439,1,Alice,Bob,2026-09-11 08:47:00,I received a suspicious link asking me to verify your account.
CONV01439,2,Bob,Alice,2026-09-11 08:48:00,That could be a phishing link. Do not enter your login credentials.
CONV01439,3,Alice,Bob,2026-09-11 08:49:00,I already entered my password and now see an unauthorized login.
CONV01439,4,Bob,Alice,2026-09-11 08:50:00,"Change the password, enable MFA, and report the incident."
CONV01440,1,Alice,Bob,2026-09-12 08:54:00,I received a suspicious link asking me to verify your account.
CONV01440,2,Bob,Alice,2026-09-12 08:55:00,That could be a phishing link. Do not enter your login credentials.
CONV01440,3,Alice,Bob,2026-09-12 08:56:00,I already entered my password and now see an unauthorized login.
CONV01440,4,Bob,Alice,2026-09-12 08:57:00,"Change the password, enable MFA, and report the incident."
CONV01441,1,Dev,Priya,2026-09-13 09:01:00,A suspicious download was found on the workstation.
CONV01441,2,Priya,Dev,2026-09-13 09:02:00,The file may contain malware or a trojan.
CONV01441,3,Dev,Priya,2026-09-13 09:03:00,The endpoint alert also mentions a keylogger.
CONV01441,4,Priya,Dev,2026-09-13 09:04:00,Isolate the device and follow the incident response procedure.
CONV01442,1,Ava,Noah,2026-09-14 09:08:00,Did the antivirus update finish?
CONV01442,2,Noah,Ava,2026-09-14 09:09:00,"Yes, the update completed this morning."
CONV01442,3,Ava,Noah,2026-09-14 09:10:00,"Great, please patch the server after lunch."
CONV01442,4,Noah,Ava,2026-09-14 09:11:00,I will confirm after the maintenance window.
CONV01443,1,Sam,Riya,2026-09-15 09:15:00,The incident response drill starts at ten.
CONV01443,2,Riya,Sam,2026-09-15 09:16:00,I have the checklist ready.
CONV01443,3,Sam,Riya,2026-09-15 09:17:00,Please verify the firewall rule too.
CONV01443,4,Riya,Sam,2026-09-15 09:18:00,The configuration looks correct.
CONV01444,1,Nina,Omar,2026-09-16 09:22:00,Several failed login attempts appeared on the admin account.
CONV01444,2,Omar,Nina,2026-09-16 09:23:00,Could this be a brute force attempt? Check the logs.
CONV01444,3,Nina,Omar,2026-09-16 09:24:00,The account may be compromised; I also found unusual access.
CONV01444,4,Omar,Nina,2026-09-16 09:25:00,Escalate this to incident response and preserve the evidence.
CONV01445,1,Tara,Neil,2026-09-17 09:29:00,The antivirus flagged a suspicious attachment.
CONV01445,2,Neil,Tara,2026-09-17 09:30:00,It was part of our malware-awareness training.
CONV01445,3,Tara,Neil,2026-09-17 09:31:00,"Okay, the security team confirmed it was a test."
CONV01445,4,Neil,Tara,2026-09-17 09:32:00,I will document the result.
CONV01446,1,Nina,Omar,2026-09-18 09:36:00,Several failed login attempts appeared on the admin account.
CONV01446,2,Omar,Nina,2026-09-18 09:37:00,Could this be a brute force attempt? Check the logs.
CONV01446,3,Nina,Omar,2026-09-18 09:38:00,The account may be compromised; I also found unusual access.
CONV01446,4,Omar,Nina,2026-09-18 09:39:00,Escalate this to incident response and preserve the evidence.
CONV01447,1,Ravi,Meera,2026-09-19 09:43:00,The application may be vulnerable to SQL injection.
CONV01447,2,Meera,Ravi,2026-09-19 09:44:00,"The security test also detected cross-site scripting, or XSS."
CONV01447,3,Ravi,Meera,2026-09-19 09:45:00,We should review the vulnerable query and injected script handling.
CONV01447,4,Meera,Ravi,2026-09-19 09:46:00,Log the findings and apply the approved fixes.
CONV01448,1,Ava,Noah,2026-09-20 09:50:00,Did the antivirus update finish?
CONV01448,2,Noah,Ava,2026-09-20 09:51:00,"Yes, the update completed this morning."
CONV01448,3,Ava,Noah,2026-09-20 09:52:00,"Great, please patch the server after lunch."
CONV01448,4,Noah,Ava,2026-09-20 09:53:00,I will confirm after the maintenance window.
CONV01449,1,Dev,Priya,2026-09-21 09:57:00,A suspicious download was found on the workstation.
CONV01449,2,Priya,Dev,2026-09-21 09:58:00,The file may contain malware or a trojan.
CONV01449,3,Dev,Priya,2026-09-21 09:59:00,The endpoint alert also mentions a keylogger.
CONV01449,4,Priya,Dev,2026-09-21 10:00:00,Isolate the device and follow the incident response procedure.
CONV01450,1,Ava,Noah,2026-09-22 10:04:00,Did the antivirus update finish?
CONV01450,2,Noah,Ava,2026-09-22 10:05:00,"Yes, the update completed this morning."
CONV01450,3,Ava,Noah,2026-09-22 10:06:00,"Great, please patch the server after lunch."
CONV01450,4,Noah,Ava,2026-09-22 10:07:00,I will confirm after the maintenance window.
CONV01451,1,Tara,Neil,2026-09-23 10:11:00,The antivirus flagged a suspicious attachment.
CONV01451,2,Neil,Tara,2026-09-23 10:12:00,It was part of our malware-awareness training.
CONV01451,3,Tara,Neil,2026-09-23 10:13:00,"Okay, the security team confirmed it was a test."
CONV01451,4,Neil,Tara,2026-09-23 10:14:00,I will document the result.
CONV01452,1,Tara,Neil,2026-09-24 10:18:00,The antivirus flagged a suspicious attachment.
CONV01452,2,Neil,Tara,2026-09-24 10:19:00,It was part of our malware-awareness training.
CONV01452,3,Tara,Neil,2026-09-24 10:20:00,"Okay, the security team confirmed it was a test."
CONV01452,4,Neil,Tara,2026-09-24 10:21:00,I will document the result.
CONV01453,1,Maya,Ben,2026-09-25 10:25:00,The security alert says there was an unusual login.
CONV01453,2,Ben,Maya,2026-09-25 10:26:00,It may be a false alarm; MFA succeeded.
CONV01453,3,Maya,Ben,2026-09-25 10:27:00,"Still, there were repeated login attempts before it."
CONV01453,4,Ben,Maya,2026-09-25 10:28:00,Let's review the logs before deciding.
CONV01454,1,Ravi,Meera,2026-09-26 10:32:00,The application may be vulnerable to SQL injection.
CONV01454,2,Meera,Ravi,2026-09-26 10:33:00,"The security test also detected cross-site scripting, or XSS."
CONV01454,3,Ravi,Meera,2026-09-26 10:34:00,We should review the vulnerable query and injected script handling.
CONV01454,4,Meera,Ravi,2026-09-26 10:35:00,Log the findings and apply the approved fixes.
CONV01455,1,Sam,Riya,2026-09-27 10:39:00,The incident response drill starts at ten.
CONV01455,2,Riya,Sam,2026-09-27 10:40:00,I have the checklist ready.
CONV01455,3,Sam,Riya,2026-09-27 10:41:00,Please verify the firewall rule too.
CONV01455,4,Riya,Sam,2026-09-27 10:42:00,The configuration looks correct.
CONV01456,1,Tara,Neil,2026-09-28 10:46:00,The antivirus flagged a suspicious attachment.
CONV01456,2,Neil,Tara,2026-09-28 10:47:00,It was part of our malware-awareness training.
CONV01456,3,Tara,Neil,2026-09-28 10:48:00,"Okay, the security team confirmed it was a test."
CONV01456,4,Neil,Tara,2026-09-28 10:49:00,I will document the result.
CONV01457,1,Ravi,Meera,2026-09-01 10:53:00,The application may be vulnerable to SQL injection.
CONV01457,2,Meera,Ravi,2026-09-01 10:54:00,"The security test also detected cross-site scripting, or XSS."
CONV01457,3,Ravi,Meera,2026-09-01 10:55:00,We should review the vulnerable query and injected script handling.
CONV01457,4,Meera,Ravi,2026-09-01 10:56:00,Log the findings and apply the approved fixes.
CONV01458,1,Alice,Bob,2026-09-02 11:00:00,I received a suspicious link asking me to verify your account.
CONV01458,2,Bob,Alice,2026-09-02 11:01:00,That could be a phishing link. Do not enter your login credentials.
CONV01458,3,Alice,Bob,2026-09-02 11:02:00,I already entered my password and now see an unauthorized login.
CONV01458,4,Bob,Alice,2026-09-02 11:03:00,"Change the password, enable MFA, and report the incident."
CONV01459,1,Isha,Arun,2026-09-03 11:07:00,Did you enable multi-factor authentication?
CONV01459,2,Arun,Isha,2026-09-03 11:08:00,"Yes, MFA is enabled on my account."
CONV01459,3,Isha,Arun,2026-09-03 11:09:00,Thanks. The security patch is also available.
CONV01459,4,Arun,Isha,2026-09-03 11:10:00,I will install it today.
CONV01460,1,Kai,Zoe,2026-09-04 11:14:00,The shared files are encrypted and there is a ransom note.
CONV01460,2,Zoe,Kai,2026-09-04 11:15:00,This may be ransomware. Disconnect the affected host.
CONV01460,3,Kai,Zoe,2026-09-04 11:16:00,We need to check backups and the scope of the data breach.
CONV01460,4,Zoe,Kai,2026-09-04 11:17:00,Notify the security team; do not pay or delete evidence.
CONV01461,1,Maya,Ben,2026-09-05 11:21:00,The security alert says there was an unusual login.
CONV01461,2,Ben,Maya,2026-09-05 11:22:00,It may be a false alarm; MFA succeeded.
CONV01461,3,Maya,Ben,2026-09-05 11:23:00,"Still, there were repeated login attempts before it."
CONV01461,4,Ben,Maya,2026-09-05 11:24:00,Let's review the logs before deciding.
CONV01462,1,Kai,Zoe,2026-09-06 11:28:00,The shared files are encrypted and there is a ransom note.
CONV01462,2,Zoe,Kai,2026-09-06 11:29:00,This may be ransomware. Disconnect the affected host.
CONV01462,3,Kai,Zoe,2026-09-06 11:30:00,We need to check backups and the scope of the data breach.
CONV01462,4,Zoe,Kai,2026-09-06 11:31:00,Notify the security team; do not pay or delete evidence.
CONV01463,1,Ava,Noah,2026-09-07 11:35:00,Did the antivirus update finish?
CONV01463,2,Noah,Ava,2026-09-07 11:36:00,"Yes, the update completed this morning."
CONV01463,3,Ava,Noah,2026-09-07 11:37:00,"Great, please patch the server after lunch."
CONV01463,4,Noah,Ava,2026-09-07 11:38:00,I will confirm after the maintenance window.
CONV01464,1,Tara,Neil,2026-09-08 11:42:00,The antivirus flagged a suspicious attachment.
CONV01464,2,Neil,Tara,2026-09-08 11:43:00,It was part of our malware-awareness training.
CONV01464,3,Tara,Neil,2026-09-08 11:44:00,"Okay, the security team confirmed it was a test."
CONV01464,4,Neil,Tara,2026-09-08 11:45:00,I will document the result.
CONV01465,1,Isha,Arun,2026-09-09 11:49:00,Did you enable multi-factor authentication?
CONV01465,2,Arun,Isha,2026-09-09 11:50:00,"Yes, MFA is enabled on my account."
CONV01465,3,Isha,Arun,2026-09-09 11:51:00,Thanks. The security patch is also available.
CONV01465,4,Arun,Isha,2026-09-09 11:52:00,I will install it today.
CONV01466,1,Sam,Riya,2026-09-10 11:56:00,The incident response drill starts at ten.
CONV01466,2,Riya,Sam,2026-09-10 11:57:00,I have the checklist ready.
CONV01466,3,Sam,Riya,2026-09-10 11:58:00,Please verify the firewall rule too.
CONV01466,4,Riya,Sam,2026-09-10 11:59:00,The configuration looks correct.
CONV01467,1,Isha,Arun,2026-09-11 12:03:00,Did you enable multi-factor authentication?
CONV01467,2,Arun,Isha,2026-09-11 12:04:00,"Yes, MFA is enabled on my account."
CONV01467,3,Isha,Arun,2026-09-11 12:05:00,Thanks. The security patch is also available.
CONV01467,4,Arun,Isha,2026-09-11 12:06:00,I will install it today.
CONV01468,1,Mia,Leo,2026-09-12 12:10:00,The security audit is scheduled for Friday.
CONV01468,2,Leo,Mia,2026-09-12 12:11:00,I have prepared the access review.
CONV01468,3,Mia,Leo,2026-09-12 12:12:00,Please include the backup status in the report.
CONV01468,4,Leo,Mia,2026-09-12 12:13:00,"Done, I will share it with the team."
CONV01469,1,Isha,Arun,2026-09-13 12:17:00,Did you enable multi-factor authentication?
CONV01469,2,Arun,Isha,2026-09-13 12:18:00,"Yes, MFA is enabled on my account."
CONV01469,3,Isha,Arun,2026-09-13 12:19:00,Thanks. The security patch is also available.
CONV01469,4,Arun,Isha,2026-09-13 12:20:00,I will install it today.
CONV01470,1,Mia,Leo,2026-09-14 12:24:00,The security audit is scheduled for Friday.
CONV01470,2,Leo,Mia,2026-09-14 12:25:00,I have prepared the access review.
CONV01470,3,Mia,Leo,2026-09-14 12:26:00,Please include the backup status in the report.
CONV01470,4,Leo,Mia,2026-09-14 12:27:00,"Done, I will share it with the team."
CONV01471,1,Sam,Riya,2026-09-15 12:31:00,The incident response drill starts at ten.
CONV01471,2,Riya,Sam,2026-09-15 12:32:00,I have the checklist ready.
CONV01471,3,Sam,Riya,2026-09-15 12:33:00,Please verify the firewall rule too.
CONV01471,4,Riya,Sam,2026-09-15 12:34:00,The configuration looks correct.
CONV01472,1,Nina,Omar,2026-09-16 12:38:00,Several failed login attempts appeared on the admin account.
CONV01472,2,Omar,Nina,2026-09-16 12:39:00,Could this be a brute force attempt? Check the logs.
CONV01472,3,Nina,Omar,2026-09-16 12:40:00,The account may be compromised; I also found unusual access.
CONV01472,4,Omar,Nina,2026-09-16 12:41:00,Escalate this to incident response and preserve the evidence.
CONV01473,1,Dev,Priya,2026-09-17 12:45:00,A suspicious download was found on the workstation.
CONV01473,2,Priya,Dev,2026-09-17 12:46:00,The file may contain malware or a trojan.
CONV01473,3,Dev,Priya,2026-09-17 12:47:00,The endpoint alert also mentions a keylogger.
CONV01473,4,Priya,Dev,2026-09-17 12:48:00,Isolate the device and follow the incident response procedure.
CONV01474,1,Sam,Riya,2026-09-18 12:52:00,The incident response drill starts at ten.
CONV01474,2,Riya,Sam,2026-09-18 12:53:00,I have the checklist ready.
CONV01474,3,Sam,Riya,2026-09-18 12:54:00,Please verify the firewall rule too.
CONV01474,4,Riya,Sam,2026-09-18 12:55:00,The configuration looks correct.
CONV01475,1,Isha,Arun,2026-09-19 12:59:00,Did you enable multi-factor authentication?
CONV01475,2,Arun,Isha,2026-09-19 13:00:00,"Yes, MFA is enabled on my account."
CONV01475,3,Isha,Arun,2026-09-19 13:01:00,Thanks. The security patch is also available.
CONV01475,4,Arun,Isha,2026-09-19 13:02:00,I will install it today.
CONV01476,1,Mia,Leo,2026-09-20 13:06:00,The security audit is scheduled for Friday.
CONV01476,2,Leo,Mia,2026-09-20 13:07:00,I have prepared the access review.
CONV01476,3,Mia,Leo,2026-09-20 13:08:00,Please include the backup status in the report.
CONV01476,4,Leo,Mia,2026-09-20 13:09:00,"Done, I will share it with the team."
CONV01477,1,Eli,June,2026-09-21 13:13:00,A contractor may have accessed confidential data without authorization.
CONV01477,2,June,Eli,2026-09-21 13:14:00,That could indicate an insider threat or data exfiltration.
CONV01477,3,Eli,June,2026-09-21 13:15:00,The audit shows an unusual access pattern.
CONV01477,4,June,Eli,2026-09-21 13:16:00,Preserve logs and send the case for human review.
CONV01478,1,Isha,Arun,2026-09-22 13:20:00,Did you enable multi-factor authentication?
CONV01478,2,Arun,Isha,2026-09-22 13:21:00,"Yes, MFA is enabled on my account."
CONV01478,3,Isha,Arun,2026-09-22 13:22:00,Thanks. The security patch is also available.
CONV01478,4,Arun,Isha,2026-09-22 13:23:00,I will install it today.
CONV01479,1,Maya,Ben,2026-09-23 13:27:00,The security alert says there was an unusual login.
CONV01479,2,Ben,Maya,2026-09-23 13:28:00,It may be a false alarm; MFA succeeded.
CONV01479,3,Maya,Ben,2026-09-23 13:29:00,"Still, there were repeated login attempts before it."
CONV01479,4,Ben,Maya,2026-09-23 13:30:00,Let's review the logs before deciding.
CONV01480,1,Ravi,Meera,2026-09-24 13:34:00,The application may be vulnerable to SQL injection.
CONV01480,2,Meera,Ravi,2026-09-24 13:35:00,"The security test also detected cross-site scripting, or XSS."
CONV01480,3,Ravi,Meera,2026-09-24 13:36:00,We should review the vulnerable query and injected script handling.
CONV01480,4,Meera,Ravi,2026-09-24 13:37:00,Log the findings and apply the approved fixes.
CONV01481,1,Eli,June,2026-09-25 13:41:00,A contractor may have accessed confidential data without authorization.
CONV01481,2,June,Eli,2026-09-25 13:42:00,That could indicate an insider threat or data exfiltration.
CONV01481,3,Eli,June,2026-09-25 13:43:00,The audit shows an unusual access pattern.
CONV01481,4,June,Eli,2026-09-25 13:44:00,Preserve logs and send the case for human review.
CONV01482,1,Sam,Riya,2026-09-26 13:48:00,The incident response drill starts at ten.
CONV01482,2,Riya,Sam,2026-09-26 13:49:00,I have the checklist ready.
CONV01482,3,Sam,Riya,2026-09-26 13:50:00,Please verify the firewall rule too.
CONV01482,4,Riya,Sam,2026-09-26 13:51:00,The configuration looks correct.
CONV01483,1,Ravi,Meera,2026-09-27 13:55:00,The application may be vulnerable to SQL injection.
CONV01483,2,Meera,Ravi,2026-09-27 13:56:00,"The security test also detected cross-site scripting, or XSS."
CONV01483,3,Ravi,Meera,2026-09-27 13:57:00,We should review the vulnerable query and injected script handling.
CONV01483,4,Meera,Ravi,2026-09-27 13:58:00,Log the findings and apply the approved fixes.
CONV01484,1,Sam,Riya,2026-09-28 14:02:00,The incident response drill starts at ten.
CONV01484,2,Riya,Sam,2026-09-28 14:03:00,I have the checklist ready.
CONV01484,3,Sam,Riya,2026-09-28 14:04:00,Please verify the firewall rule too.
CONV01484,4,Riya,Sam,2026-09-28 14:05:00,The configuration looks correct.
CONV01485,1,Nina,Omar,2026-09-01 14:09:00,Several failed login attempts appeared on the admin account.
CONV01485,2,Omar,Nina,2026-09-01 14:10:00,Could this be a brute force attempt? Check the logs.
CONV01485,3,Nina,Omar,2026-09-01 14:11:00,The account may be compromised; I also found unusual access.
CONV01485,4,Omar,Nina,2026-09-01 14:12:00,Escalate this to incident response and preserve the evidence.
CONV01486,1,Kai,Zoe,2026-09-02 14:16:00,The shared files are encrypted and there is a ransom note.
CONV01486,2,Zoe,Kai,2026-09-02 14:17:00,This may be ransomware. Disconnect the affected host.
CONV01486,3,Kai,Zoe,2026-09-02 14:18:00,We need to check backups and the scope of the data breach.
CONV01486,4,Zoe,Kai,2026-09-02 14:19:00,Notify the security team; do not pay or delete evidence.
CONV01487,1,Isha,Arun,2026-09-03 14:23:00,Did you enable multi-factor authentication?
CONV01487,2,Arun,Isha,2026-09-03 14:24:00,"Yes, MFA is enabled on my account."
CONV01487,3,Isha,Arun,2026-09-03 14:25:00,Thanks. The security patch is also available.
CONV01487,4,Arun,Isha,2026-09-03 14:26:00,I will install it today.
CONV01488,1,Dev,Priya,2026-09-04 14:30:00,A suspicious download was found on the workstation.
CONV01488,2,Priya,Dev,2026-09-04 14:31:00,The file may contain malware or a trojan.
CONV01488,3,Dev,Priya,2026-09-04 14:32:00,The endpoint alert also mentions a keylogger.
CONV01488,4,Priya,Dev,2026-09-04 14:33:00,Isolate the device and follow the incident response procedure.
CONV01489,1,Mia,Leo,2026-09-05 14:37:00,The security audit is scheduled for Friday.
CONV01489,2,Leo,Mia,2026-09-05 14:38:00,I have prepared the access review.
CONV01489,3,Mia,Leo,2026-09-05 14:39:00,Please include the backup status in the report.
CONV01489,4,Leo,Mia,2026-09-05 14:40:00,"Done, I will share it with the team."
CONV01490,1,Sam,Riya,2026-09-06 14:44:00,The incident response drill starts at ten.
CONV01490,2,Riya,Sam,2026-09-06 14:45:00,I have the checklist ready.
CONV01490,3,Sam,Riya,2026-09-06 14:46:00,Please verify the firewall rule too.
CONV01490,4,Riya,Sam,2026-09-06 14:47:00,The configuration looks correct.
CONV01491,1,Ava,Noah,2026-09-07 14:51:00,Did the antivirus update finish?
CONV01491,2,Noah,Ava,2026-09-07 14:52:00,"Yes, the update completed this morning."
CONV01491,3,Ava,Noah,2026-09-07 14:53:00,"Great, please patch the server after lunch."
CONV01491,4,Noah,Ava,2026-09-07 14:54:00,I will confirm after the maintenance window.
CONV01492,1,Nina,Omar,2026-09-08 14:58:00,Several failed login attempts appeared on the admin account.
CONV01492,2,Omar,Nina,2026-09-08 14:59:00,Could this be a brute force attempt? Check the logs.
CONV01492,3,Nina,Omar,2026-09-08 15:00:00,The account may be compromised; I also found unusual access.
CONV01492,4,Omar,Nina,2026-09-08 15:01:00,Escalate this to incident response and preserve the evidence.
CONV01493,1,Maya,Ben,2026-09-09 15:05:00,The security alert says there was an unusual login.
CONV01493,2,Ben,Maya,2026-09-09 15:06:00,It may be a false alarm; MFA succeeded.
CONV01493,3,Maya,Ben,2026-09-09 15:07:00,"Still, there were repeated login attempts before it."
CONV01493,4,Ben,Maya,2026-09-09 15:08:00,Let's review the logs before deciding.
CONV01494,1,Tara,Neil,2026-09-10 15:12:00,The antivirus flagged a suspicious attachment.
CONV01494,2,Neil,Tara,2026-09-10 15:13:00,It was part of our malware-awareness training.
CONV01494,3,Tara,Neil,2026-09-10 15:14:00,"Okay, the security team confirmed it was a test."
CONV01494,4,Neil,Tara,2026-09-10 15:15:00,I will document the result.
CONV01495,1,Alice,Bob,2026-09-11 15:19:00,I received a suspicious link asking me to verify your account.
CONV01495,2,Bob,Alice,2026-09-11 15:20:00,That could be a phishing link. Do not enter your login credentials.
CONV01495,3,Alice,Bob,2026-09-11 15:21:00,I already entered my password and now see an unauthorized login.
CONV01495,4,Bob,Alice,2026-09-11 15:22:00,"Change the password, enable MFA, and report the incident."
CONV01496,1,Tara,Neil,2026-09-12 15:26:00,The antivirus flagged a suspicious attachment.
CONV01496,2,Neil,Tara,2026-09-12 15:27:00,It was part of our malware-awareness training.
CONV01496,3,Tara,Neil,2026-09-12 15:28:00,"Okay, the security team confirmed it was a test."
CONV01496,4,Neil,Tara,2026-09-12 15:29:00,I will document the result.
CONV01497,1,Ravi,Meera,2026-09-13 15:33:00,The application may be vulnerable to SQL injection.
CONV01497,2,Meera,Ravi,2026-09-13 15:34:00,"The security test also detected cross-site scripting, or XSS."
CONV01497,3,Ravi,Meera,2026-09-13 15:35:00,We should review the vulnerable query and injected script handling.
CONV01497,4,Meera,Ravi,2026-09-13 15:36:00,Log the findings and apply the approved fixes.
CONV01498,1,Alice,Bob,2026-09-14 15:40:00,I received a suspicious link asking me to verify your account.
CONV01498,2,Bob,Alice,2026-09-14 15:41:00,That could be a phishing link. Do not enter your login credentials.
CONV01498,3,Alice,Bob,2026-09-14 15:42:00,I already entered my password and now see an unauthorized login.
CONV01498,4,Bob,Alice,2026-09-14 15:43:00,"Change the password, enable MFA, and report the incident."
CONV01499,1,Nina,Omar,2026-09-15 15:47:00,Several failed login attempts appeared on the admin account.
CONV01499,2,Omar,Nina,2026-09-15 15:48:00,Could this be a brute force attempt? Check the logs.
CONV01499,3,Nina,Omar,2026-09-15 15:49:00,The account may be compromised; I also found unusual access.
CONV01499,4,Omar,Nina,2026-09-15 15:50:00,Escalate this to incident response and preserve the evidence.
CONV01500,1,Ava,Noah,2026-09-16 15:54:00,Did the antivirus update finish?
CONV01500,2,Noah,Ava,2026-09-16 15:55:00,"Yes, the update completed this morning."
CONV01500,3,Ava,Noah,2026-09-16 15:56:00,"Great, please patch the server after lunch."
CONV01500,4,Noah,Ava,2026-09-16 15:57:00,I will confirm after the maintenance window.
CONV01501,1,Dev,Priya,2026-09-17 16:01:00,A suspicious download was found on the workstation.
CONV01501,2,Priya,Dev,2026-09-17 16:02:00,The file may contain malware or a trojan.
CONV01501,3,Dev,Priya,2026-09-17 16:03:00,The endpoint alert also mentions a keylogger.
CONV01501,4,Priya,Dev,2026-09-17 16:04:00,Isolate the device and follow the incident response procedure.
CONV01502,1,Nina,Omar,2026-09-18 16:08:00,Several failed login attempts appeared on the admin account.
CONV01502,2,Omar,Nina,2026-09-18 16:09:00,Could this be a brute force attempt? Check the logs.
CONV01502,3,Nina,Omar,2026-09-18 16:10:00,The account may be compromised; I also found unusual access.
CONV01502,4,Omar,Nina,2026-09-18 16:11:00,Escalate this to incident response and preserve the evidence.
CONV01503,1,Dev,Priya,2026-09-19 16:15:00,A suspicious download was found on the workstation.
CONV01503,2,Priya,Dev,2026-09-19 16:16:00,The file may contain malware or a trojan.
CONV01503,3,Dev,Priya,2026-09-19 16:17:00,The endpoint alert also mentions a keylogger.
CONV01503,4,Priya,Dev,2026-09-19 16:18:00,Isolate the device and follow the incident response procedure.
CONV01504,1,Eli,June,2026-09-20 16:22:00,A contractor may have accessed confidential data without authorization.
CONV01504,2,June,Eli,2026-09-20 16:23:00,That could indicate an insider threat or data exfiltration.
CONV01504,3,Eli,June,2026-09-20 16:24:00,The audit shows an unusual access pattern.
CONV01504,4,June,Eli,2026-09-20 16:25:00,Preserve logs and send the case for human review.
CONV01505,1,Sam,Riya,2026-09-21 16:29:00,The incident response drill starts at ten.
CONV01505,2,Riya,Sam,2026-09-21 16:30:00,I have the checklist ready.
CONV01505,3,Sam,Riya,2026-09-21 16:31:00,Please verify the firewall rule too.
CONV01505,4,Riya,Sam,2026-09-21 16:32:00,The configuration looks correct.
CONV01506,1,Dev,Priya,2026-09-22 16:36:00,A suspicious download was found on the workstation.
CONV01506,2,Priya,Dev,2026-09-22 16:37:00,The file may contain malware or a trojan.
CONV01506,3,Dev,Priya,2026-09-22 16:38:00,The endpoint alert also mentions a keylogger.
CONV01506,4,Priya,Dev,2026-09-22 16:39:00,Isolate the device and follow the incident response procedure.
CONV01507,1,Mia,Leo,2026-09-23 16:43:00,The security audit is scheduled for Friday.
CONV01507,2,Leo,Mia,2026-09-23 16:44:00,I have prepared the access review.
CONV01507,3,Mia,Leo,2026-09-23 16:45:00,Please include the backup status in the report.
CONV01507,4,Leo,Mia,2026-09-23 16:46:00,"Done, I will share it with the team."
CONV01508,1,Eli,June,2026-09-24 16:50:00,A contractor may have accessed confidential data without authorization.
CONV01508,2,June,Eli,2026-09-24 16:51:00,That could indicate an insider threat or data exfiltration.
CONV01508,3,Eli,June,2026-09-24 16:52:00,The audit shows an unusual access pattern.
CONV01508,4,June,Eli,2026-09-24 16:53:00,Preserve logs and send the case for human review.
CONV01509,1,Mia,Leo,2026-09-25 16:57:00,The security audit is scheduled for Friday.
CONV01509,2,Leo,Mia,2026-09-25 16:58:00,I have prepared the access review.
CONV01509,3,Mia,Leo,2026-09-25 16:59:00,Please include the backup status in the report.
CONV01509,4,Leo,Mia,2026-09-25 17:00:00,"Done, I will share it with the team."
CONV01510,1,Nina,Omar,2026-09-26 17:04:00,Several failed login attempts appeared on the admin account.
CONV01510,2,Omar,Nina,2026-09-26 17:05:00,Could this be a brute force attempt? Check the logs.
CONV01510,3,Nina,Omar,2026-09-26 17:06:00,The account may be compromised; I also found unusual access.
CONV01510,4,Omar,Nina,2026-09-26 17:07:00,Escalate this to incident response and preserve the evidence.
CONV01511,1,Ava,Noah,2026-09-27 17:11:00,Did the antivirus update finish?
CONV01511,2,Noah,Ava,2026-09-27 17:12:00,"Yes, the update completed this morning."
CONV01511,3,Ava,Noah,2026-09-27 17:13:00,"Great, please patch the server after lunch."
CONV01511,4,Noah,Ava,2026-09-27 17:14:00,I will confirm after the maintenance window.
CONV01512,1,Ravi,Meera,2026-09-28 17:18:00,The application may be vulnerable to SQL injection.
CONV01512,2,Meera,Ravi,2026-09-28 17:19:00,"The security test also detected cross-site scripting, or XSS."
CONV01512,3,Ravi,Meera,2026-09-28 17:20:00,We should review the vulnerable query and injected script handling.
CONV01512,4,Meera,Ravi,2026-09-28 17:21:00,Log the findings and apply the approved fixes.
CONV01513,1,Maya,Ben,2026-09-01 17:25:00,The security alert says there was an unusual login.
CONV01513,2,Ben,Maya,2026-09-01 17:26:00,It may be a false alarm; MFA succeeded.
CONV01513,3,Maya,Ben,2026-09-01 17:27:00,"Still, there were repeated login attempts before it."
CONV01513,4,Ben,Maya,2026-09-01 17:28:00,Let's review the logs before deciding.
CONV01514,1,Alice,Bob,2026-09-02 17:32:00,I received a suspicious link asking me to verify your account.
CONV01514,2,Bob,Alice,2026-09-02 17:33:00,That could be a phishing link. Do not enter your login credentials.
CONV01514,3,Alice,Bob,2026-09-02 17:34:00,I already entered my password and now see an unauthorized login.
CONV01514,4,Bob,Alice,2026-09-02 17:35:00,"Change the password, enable MFA, and report the incident."
CONV01515,1,Sam,Riya,2026-09-03 17:39:00,The incident response drill starts at ten.
CONV01515,2,Riya,Sam,2026-09-03 17:40:00,I have the checklist ready.
CONV01515,3,Sam,Riya,2026-09-03 17:41:00,Please verify the firewall rule too.
CONV01515,4,Riya,Sam,2026-09-03 17:42:00,The configuration looks correct.
CONV01516,1,Mia,Leo,2026-09-04 17:46:00,The security audit is scheduled for Friday.
CONV01516,2,Leo,Mia,2026-09-04 17:47:00,I have prepared the access review.
CONV01516,3,Mia,Leo,2026-09-04 17:48:00,Please include the backup status in the report.
CONV01516,4,Leo,Mia,2026-09-04 17:49:00,"Done, I will share it with the team."
CONV01517,1,Tara,Neil,2026-09-05 17:53:00,The antivirus flagged a suspicious attachment.
CONV01517,2,Neil,Tara,2026-09-05 17:54:00,It was part of our malware-awareness training.
CONV01517,3,Tara,Neil,2026-09-05 17:55:00,"Okay, the security team confirmed it was a test."
CONV01517,4,Neil,Tara,2026-09-05 17:56:00,I will document the result.
CONV01518,1,Maya,Ben,2026-09-06 18:00:00,The security alert says there was an unusual login.
CONV01518,2,Ben,Maya,2026-09-06 18:01:00,It may be a false alarm; MFA succeeded.
CONV01518,3,Maya,Ben,2026-09-06 18:02:00,"Still, there were repeated login attempts before it."
CONV01518,4,Ben,Maya,2026-09-06 18:03:00,Let's review the logs before deciding.
CONV01519,1,Tara,Neil,2026-09-07 18:07:00,The antivirus flagged a suspicious attachment.
CONV01519,2,Neil,Tara,2026-09-07 18:08:00,It was part of our malware-awareness training.
CONV01519,3,Tara,Neil,2026-09-07 18:09:00,"Okay, the security team confirmed it was a test."
CONV01519,4,Neil,Tara,2026-09-07 18:10:00,I will document the result.
CONV01520,1,Isha,Arun,2026-09-08 18:14:00,Did you enable multi-factor authentication?
CONV01520,2,Arun,Isha,2026-09-08 18:15:00,"Yes, MFA is enabled on my account."
CONV01520,3,Isha,Arun,2026-09-08 18:16:00,Thanks. The security patch is also available.
CONV01520,4,Arun,Isha,2026-09-08 18:17:00,I will install it today.
CONV01521,1,Maya,Ben,2026-09-09 18:21:00,The security alert says there was an unusual login.
CONV01521,2,Ben,Maya,2026-09-09 18:22:00,It may be a false alarm; MFA succeeded.
CONV01521,3,Maya,Ben,2026-09-09 18:23:00,"Still, there were repeated login attempts before it."
CONV01521,4,Ben,Maya,2026-09-09 18:24:00,Let's review the logs before deciding.
CONV01522,1,Ava,Noah,2026-09-10 18:28:00,Did the antivirus update finish?
CONV01522,2,Noah,Ava,2026-09-10 18:29:00,"Yes, the update completed this morning."
CONV01522,3,Ava,Noah,2026-09-10 18:30:00,"Great, please patch the server after lunch."
CONV01522,4,Noah,Ava,2026-09-10 18:31:00,I will confirm after the maintenance window.
CONV01523,1,Mia,Leo,2026-09-11 18:35:00,The security audit is scheduled for Friday.
CONV01523,2,Leo,Mia,2026-09-11 18:36:00,I have prepared the access review.
CONV01523,3,Mia,Leo,2026-09-11 18:37:00,Please include the backup status in the report.
CONV01523,4,Leo,Mia,2026-09-11 18:38:00,"Done, I will share it with the team."
CONV01524,1,Mia,Leo,2026-09-12 18:42:00,The security audit is scheduled for Friday.
CONV01524,2,Leo,Mia,2026-09-12 18:43:00,I have prepared the access review.
CONV01524,3,Mia,Leo,2026-09-12 18:44:00,Please include the backup status in the report.
CONV01524,4,Leo,Mia,2026-09-12 18:45:00,"Done, I will share it with the team."
CONV01525,1,Kai,Zoe,2026-09-13 18:49:00,The shared files are encrypted and there is a ransom note.
CONV01525,2,Zoe,Kai,2026-09-13 18:50:00,This may be ransomware. Disconnect the affected host.
CONV01525,3,Kai,Zoe,2026-09-13 18:51:00,We need to check backups and the scope of the data breach.
CONV01525,4,Zoe,Kai,2026-09-13 18:52:00,Notify the security team; do not pay or delete evidence.
CONV01526,1,Sam,Riya,2026-09-14 18:56:00,The incident response drill starts at ten.
CONV01526,2,Riya,Sam,2026-09-14 18:57:00,I have the checklist ready.
CONV01526,3,Sam,Riya,2026-09-14 18:58:00,Please verify the firewall rule too.
CONV01526,4,Riya,Sam,2026-09-14 18:59:00,The configuration looks correct.
CONV01527,1,Isha,Arun,2026-09-15 19:03:00,Did you enable multi-factor authentication?
CONV01527,2,Arun,Isha,2026-09-15 19:04:00,"Yes, MFA is enabled on my account."
CONV01527,3,Isha,Arun,2026-09-15 19:05:00,Thanks. The security patch is also available.
CONV01527,4,Arun,Isha,2026-09-15 19:06:00,I will install it today.
CONV01528,1,Isha,Arun,2026-09-16 19:10:00,Did you enable multi-factor authentication?
CONV01528,2,Arun,Isha,2026-09-16 19:11:00,"Yes, MFA is enabled on my account."
CONV01528,3,Isha,Arun,2026-09-16 19:12:00,Thanks. The security patch is also available.
CONV01528,4,Arun,Isha,2026-09-16 19:13:00,I will install it today.
CONV01529,1,Isha,Arun,2026-09-17 19:17:00,Did you enable multi-factor authentication?
CONV01529,2,Arun,Isha,2026-09-17 19:18:00,"Yes, MFA is enabled on my account."
CONV01529,3,Isha,Arun,2026-09-17 19:19:00,Thanks. The security patch is also available.
CONV01529,4,Arun,Isha,2026-09-17 19:20:00,I will install it today.
CONV01530,1,Maya,Ben,2026-09-18 19:24:00,The security alert says there was an unusual login.
CONV01530,2,Ben,Maya,2026-09-18 19:25:00,It may be a false alarm; MFA succeeded.
CONV01530,3,Maya,Ben,2026-09-18 19:26:00,"Still, there were repeated login attempts before it."
CONV01530,4,Ben,Maya,2026-09-18 19:27:00,Let's review the logs before deciding.
CONV01531,1,Eli,June,2026-09-19 19:31:00,A contractor may have accessed confidential data without authorization.
CONV01531,2,June,Eli,2026-09-19 19:32:00,That could indicate an insider threat or data exfiltration.
CONV01531,3,Eli,June,2026-09-19 19:33:00,The audit shows an unusual access pattern.
CONV01531,4,June,Eli,2026-09-19 19:34:00,Preserve logs and send the case for human review.
CONV01532,1,Kai,Zoe,2026-09-20 19:38:00,The shared files are encrypted and there is a ransom note.
CONV01532,2,Zoe,Kai,2026-09-20 19:39:00,This may be ransomware. Disconnect the affected host.
CONV01532,3,Kai,Zoe,2026-09-20 19:40:00,We need to check backups and the scope of the data breach.
CONV01532,4,Zoe,Kai,2026-09-20 19:41:00,Notify the security team; do not pay or delete evidence.
CONV01533,1,Mia,Leo,2026-09-21 19:45:00,The security audit is scheduled for Friday.
CONV01533,2,Leo,Mia,2026-09-21 19:46:00,I have prepared the access review.
CONV01533,3,Mia,Leo,2026-09-21 19:47:00,Please include the backup status in the report.
CONV01533,4,Leo,Mia,2026-09-21 19:48:00,"Done, I will share it with the team."
CONV01534,1,Alice,Bob,2026-09-22 19:52:00,I received a suspicious link asking me to verify your account.
CONV01534,2,Bob,Alice,2026-09-22 19:53:00,That could be a phishing link. Do not enter your login credentials.
CONV01534,3,Alice,Bob,2026-09-22 19:54:00,I already entered my password and now see an unauthorized login.
CONV01534,4,Bob,Alice,2026-09-22 19:55:00,"Change the password, enable MFA, and report the incident."
CONV01535,1,Isha,Arun,2026-09-23 19:59:00,Did you enable multi-factor authentication?
CONV01535,2,Arun,Isha,2026-09-23 20:00:00,"Yes, MFA is enabled on my account."
CONV01535,3,Isha,Arun,2026-09-23 20:01:00,Thanks. The security patch is also available.
CONV01535,4,Arun,Isha,2026-09-23 20:02:00,I will install it today.
CONV01536,1,Sam,Riya,2026-09-24 20:06:00,The incident response drill starts at ten.
CONV01536,2,Riya,Sam,2026-09-24 20:07:00,I have the checklist ready.
CONV01536,3,Sam,Riya,2026-09-24 20:08:00,Please verify the firewall rule too.
CONV01536,4,Riya,Sam,2026-09-24 20:09:00,The configuration looks correct.
CONV01537,1,Nina,Omar,2026-09-25 20:13:00,Several failed login attempts appeared on the admin account.
CONV01537,2,Omar,Nina,2026-09-25 20:14:00,Could this be a brute force attempt? Check the logs.
CONV01537,3,Nina,Omar,2026-09-25 20:15:00,The account may be compromised; I also found unusual access.
CONV01537,4,Omar,Nina,2026-09-25 20:16:00,Escalate this to incident response and preserve the evidence.
CONV01538,1,Kai,Zoe,2026-09-26 20:20:00,The shared files are encrypted and there is a ransom note.
CONV01538,2,Zoe,Kai,2026-09-26 20:21:00,This may be ransomware. Disconnect the affected host.
CONV01538,3,Kai,Zoe,2026-09-26 20:22:00,We need to check backups and the scope of the data breach.
CONV01538,4,Zoe,Kai,2026-09-26 20:23:00,Notify the security team; do not pay or delete evidence.
CONV01539,1,Mia,Leo,2026-09-27 20:27:00,The security audit is scheduled for Friday.
CONV01539,2,Leo,Mia,2026-09-27 20:28:00,I have prepared the access review.
CONV01539,3,Mia,Leo,2026-09-27 20:29:00,Please include the backup status in the report.
CONV01539,4,Leo,Mia,2026-09-27 20:30:00,"Done, I will share it with the team."
CONV01540,1,Maya,Ben,2026-09-28 20:34:00,The security alert says there was an unusual login.
CONV01540,2,Ben,Maya,2026-09-28 20:35:00,It may be a false alarm; MFA succeeded.
CONV01540,3,Maya,Ben,2026-09-28 20:36:00,"Still, there were repeated login attempts before it."
CONV01540,4,Ben,Maya,2026-09-28 20:37:00,Let's review the logs before deciding.
CONV01541,1,Eli,June,2026-09-01 20:41:00,A contractor may have accessed confidential data without authorization.
CONV01541,2,June,Eli,2026-09-01 20:42:00,That could indicate an insider threat or data exfiltration.
CONV01541,3,Eli,June,2026-09-01 20:43:00,The audit shows an unusual access pattern.
CONV01541,4,June,Eli,2026-09-01 20:44:00,Preserve logs and send the case for human review.
CONV01542,1,Ava,Noah,2026-09-02 20:48:00,Did the antivirus update finish?
CONV01542,2,Noah,Ava,2026-09-02 20:49:00,"Yes, the update completed this morning."
CONV01542,3,Ava,Noah,2026-09-02 20:50:00,"Great, please patch the server after lunch."
CONV01542,4,Noah,Ava,2026-09-02 20:51:00,I will confirm after the maintenance window.
CONV01543,1,Kai,Zoe,2026-09-03 20:55:00,The shared files are encrypted and there is a ransom note.
CONV01543,2,Zoe,Kai,2026-09-03 20:56:00,This may be ransomware. Disconnect the affected host.
CONV01543,3,Kai,Zoe,2026-09-03 20:57:00,We need to check backups and the scope of the data breach.
CONV01543,4,Zoe,Kai,2026-09-03 20:58:00,Notify the security team; do not pay or delete evidence.
CONV01544,1,Isha,Arun,2026-09-04 21:02:00,Did you enable multi-factor authentication?
CONV01544,2,Arun,Isha,2026-09-04 21:03:00,"Yes, MFA is enabled on my account."
CONV01544,3,Isha,Arun,2026-09-04 21:04:00,Thanks. The security patch is also available.
CONV01544,4,Arun,Isha,2026-09-04 21:05:00,I will install it today.
CONV01545,1,Isha,Arun,2026-09-05 21:09:00,Did you enable multi-factor authentication?
CONV01545,2,Arun,Isha,2026-09-05 21:10:00,"Yes, MFA is enabled on my account."
CONV01545,3,Isha,Arun,2026-09-05 21:11:00,Thanks. The security patch is also available.
CONV01545,4,Arun,Isha,2026-09-05 21:12:00,I will install it today.
CONV01546,1,Nina,Omar,2026-09-06 21:16:00,Several failed login attempts appeared on the admin account.
CONV01546,2,Omar,Nina,2026-09-06 21:17:00,Could this be a brute force attempt? Check the logs.
CONV01546,3,Nina,Omar,2026-09-06 21:18:00,The account may be compromised; I also found unusual access.
CONV01546,4,Omar,Nina,2026-09-06 21:19:00,Escalate this to incident response and preserve the evidence.
CONV01547,1,Sam,Riya,2026-09-07 21:23:00,The incident response drill starts at ten.
CONV01547,2,Riya,Sam,2026-09-07 21:24:00,I have the checklist ready.
CONV01547,3,Sam,Riya,2026-09-07 21:25:00,Please verify the firewall rule too.
CONV01547,4,Riya,Sam,2026-09-07 21:26:00,The configuration looks correct.
CONV01548,1,Eli,June,2026-09-08 21:30:00,A contractor may have accessed confidential data without authorization.
CONV01548,2,June,Eli,2026-09-08 21:31:00,That could indicate an insider threat or data exfiltration.
CONV01548,3,Eli,June,2026-09-08 21:32:00,The audit shows an unusual access pattern.
CONV01548,4,June,Eli,2026-09-08 21:33:00,Preserve logs and send the case for human review.
CONV01549,1,Maya,Ben,2026-09-09 21:37:00,The security alert says there was an unusual login.
CONV01549,2,Ben,Maya,2026-09-09 21:38:00,It may be a false alarm; MFA succeeded.
CONV01549,3,Maya,Ben,2026-09-09 21:39:00,"Still, there were repeated login attempts before it."
CONV01549,4,Ben,Maya,2026-09-09 21:40:00,Let's review the logs before deciding.
CONV01550,1,Kai,Zoe,2026-09-10 21:44:00,The shared files are encrypted and there is a ransom note.
CONV01550,2,Zoe,Kai,2026-09-10 21:45:00,This may be ransomware. Disconnect the affected host.
CONV01550,3,Kai,Zoe,2026-09-10 21:46:00,We need to check backups and the scope of the data breach.
CONV01550,4,Zoe,Kai,2026-09-10 21:47:00,Notify the security team; do not pay or delete evidence.
CONV01551,1,Kai,Zoe,2026-09-11 21:51:00,The shared files are encrypted and there is a ransom note.
CONV01551,2,Zoe,Kai,2026-09-11 21:52:00,This may be ransomware. Disconnect the affected host.
CONV01551,3,Kai,Zoe,2026-09-11 21:53:00,We need to check backups and the scope of the data breach.
CONV01551,4,Zoe,Kai,2026-09-11 21:54:00,Notify the security team; do not pay or delete evidence.
CONV01552,1,Tara,Neil,2026-09-12 21:58:00,The antivirus flagged a suspicious attachment.
CONV01552,2,Neil,Tara,2026-09-12 21:59:00,It was part of our malware-awareness training.
CONV01552,3,Tara,Neil,2026-09-12 22:00:00,"Okay, the security team confirmed it was a test."
CONV01552,4,Neil,Tara,2026-09-12 22:01:00,I will document the result.
CONV01553,1,Alice,Bob,2026-09-13 22:05:00,I received a suspicious link asking me to verify your account.
CONV01553,2,Bob,Alice,2026-09-13 22:06:00,That could be a phishing link. Do not enter your login credentials.
CONV01553,3,Alice,Bob,2026-09-13 22:07:00,I already entered my password and now see an unauthorized login.
CONV01553,4,Bob,Alice,2026-09-13 22:08:00,"Change the password, enable MFA, and report the incident."
CONV01554,1,Mia,Leo,2026-09-14 22:12:00,The security audit is scheduled for Friday.
CONV01554,2,Leo,Mia,2026-09-14 22:13:00,I have prepared the access review.
CONV01554,3,Mia,Leo,2026-09-14 22:14:00,Please include the backup status in the report.
CONV01554,4,Leo,Mia,2026-09-14 22:15:00,"Done, I will share it with the team."
CONV01555,1,Ravi,Meera,2026-09-15 22:19:00,The application may be vulnerable to SQL injection.
CONV01555,2,Meera,Ravi,2026-09-15 22:20:00,"The security test also detected cross-site scripting, or XSS."
CONV01555,3,Ravi,Meera,2026-09-15 22:21:00,We should review the vulnerable query and injected script handling.
CONV01555,4,Meera,Ravi,2026-09-15 22:22:00,Log the findings and apply the approved fixes.
CONV01556,1,Isha,Arun,2026-09-16 22:26:00,Did you enable multi-factor authentication?
CONV01556,2,Arun,Isha,2026-09-16 22:27:00,"Yes, MFA is enabled on my account."
CONV01556,3,Isha,Arun,2026-09-16 22:28:00,Thanks. The security patch is also available.
CONV01556,4,Arun,Isha,2026-09-16 22:29:00,I will install it today.
CONV01557,1,Tara,Neil,2026-09-17 22:33:00,The antivirus flagged a suspicious attachment.
CONV01557,2,Neil,Tara,2026-09-17 22:34:00,It was part of our malware-awareness training.
CONV01557,3,Tara,Neil,2026-09-17 22:35:00,"Okay, the security team confirmed it was a test."
CONV01557,4,Neil,Tara,2026-09-17 22:36:00,I will document the result.
CONV01558,1,Alice,Bob,2026-09-18 22:40:00,I received a suspicious link asking me to verify your account.
CONV01558,2,Bob,Alice,2026-09-18 22:41:00,That could be a phishing link. Do not enter your login credentials.
CONV01558,3,Alice,Bob,2026-09-18 22:42:00,I already entered my password and now see an unauthorized login.
CONV01558,4,Bob,Alice,2026-09-18 22:43:00,"Change the password, enable MFA, and report the incident."
CONV01559,1,Mia,Leo,2026-09-19 22:47:00,The security audit is scheduled for Friday.
CONV01559,2,Leo,Mia,2026-09-19 22:48:00,I have prepared the access review.
CONV01559,3,Mia,Leo,2026-09-19 22:49:00,Please include the backup status in the report.
CONV01559,4,Leo,Mia,2026-09-19 22:50:00,"Done, I will share it with the team."
CONV01560,1,Ravi,Meera,2026-09-20 22:54:00,The application may be vulnerable to SQL injection.
CONV01560,2,Meera,Ravi,2026-09-20 22:55:00,"The security test also detected cross-site scripting, or XSS."
CONV01560,3,Ravi,Meera,2026-09-20 22:56:00,We should review the vulnerable query and injected script handling.
CONV01560,4,Meera,Ravi,2026-09-20 22:57:00,Log the findings and apply the approved fixes.
CONV01561,1,Tara,Neil,2026-09-21 23:01:00,The antivirus flagged a suspicious attachment.
CONV01561,2,Neil,Tara,2026-09-21 23:02:00,It was part of our malware-awareness training.
CONV01561,3,Tara,Neil,2026-09-21 23:03:00,"Okay, the security team confirmed it was a test."
CONV01561,4,Neil,Tara,2026-09-21 23:04:00,I will document the result.
CONV01562,1,Dev,Priya,2026-09-22 23:08:00,A suspicious download was found on the workstation.
CONV01562,2,Priya,Dev,2026-09-22 23:09:00,The file may contain malware or a trojan.
CONV01562,3,Dev,Priya,2026-09-22 23:10:00,The endpoint alert also mentions a keylogger.
CONV01562,4,Priya,Dev,2026-09-22 23:11:00,Isolate the device and follow the incident response procedure.
CONV01563,1,Kai,Zoe,2026-09-23 23:15:00,The shared files are encrypted and there is a ransom note.
CONV01563,2,Zoe,Kai,2026-09-23 23:16:00,This may be ransomware. Disconnect the affected host.
CONV01563,3,Kai,Zoe,2026-09-23 23:17:00,We need to check backups and the scope of the data breach.
CONV01563,4,Zoe,Kai,2026-09-23 23:18:00,Notify the security team; do not pay or delete evidence.
CONV01564,1,Dev,Priya,2026-09-24 23:22:00,A suspicious download was found on the workstation.
CONV01564,2,Priya,Dev,2026-09-24 23:23:00,The file may contain malware or a trojan.
CONV01564,3,Dev,Priya,2026-09-24 23:24:00,The endpoint alert also mentions a keylogger.
CONV01564,4,Priya,Dev,2026-09-24 23:25:00,Isolate the device and follow the incident response procedure.
CONV01565,1,Mia,Leo,2026-09-25 23:29:00,The security audit is scheduled for Friday.
CONV01565,2,Leo,Mia,2026-09-25 23:30:00,I have prepared the access review.
CONV01565,3,Mia,Leo,2026-09-25 23:31:00,Please include the backup status in the report.
CONV01565,4,Leo,Mia,2026-09-25 23:32:00,"Done, I will share it with the team."
CONV01566,1,Maya,Ben,2026-09-26 23:36:00,The security alert says there was an unusual login.
CONV01566,2,Ben,Maya,2026-09-26 23:37:00,It may be a false alarm; MFA succeeded.
CONV01566,3,Maya,Ben,2026-09-26 23:38:00,"Still, there were repeated login attempts before it."
CONV01566,4,Ben,Maya,2026-09-26 23:39:00,Let's review the logs before deciding.
CONV01567,1,Tara,Neil,2026-09-27 23:43:00,The antivirus flagged a suspicious attachment.
CONV01567,2,Neil,Tara,2026-09-27 23:44:00,It was part of our malware-awareness training.
CONV01567,3,Tara,Neil,2026-09-27 23:45:00,"Okay, the security team confirmed it was a test."
CONV01567,4,Neil,Tara,2026-09-27 23:46:00,I will document the result.
CONV01568,1,Nina,Omar,2026-09-28 23:50:00,Several failed login attempts appeared on the admin account.
CONV01568,2,Omar,Nina,2026-09-28 23:51:00,Could this be a brute force attempt? Check the logs.
CONV01568,3,Nina,Omar,2026-09-28 23:52:00,The account may be compromised; I also found unusual access.
CONV01568,4,Omar,Nina,2026-09-28 23:53:00,Escalate this to incident response and preserve the evidence.
CONV01569,1,Tara,Neil,2026-09-01 23:57:00,The antivirus flagged a suspicious attachment.
CONV01569,2,Neil,Tara,2026-09-01 23:58:00,It was part of our malware-awareness training.
CONV01569,3,Tara,Neil,2026-09-01 23:59:00,"Okay, the security team confirmed it was a test."
CONV01569,4,Neil,Tara,2026-09-01 00:00:00,I will document the result.
CONV01570,1,Maya,Ben,2026-09-02 00:04:00,The security alert says there was an unusual login.
CONV01570,2,Ben,Maya,2026-09-02 00:05:00,It may be a false alarm; MFA succeeded.
CONV01570,3,Maya,Ben,2026-09-02 00:06:00,"Still, there were repeated login attempts before it."
CONV01570,4,Ben,Maya,2026-09-02 00:07:00,Let's review the logs before deciding.
CONV01571,1,Nina,Omar,2026-09-03 00:11:00,Several failed login attempts appeared on the admin account.
CONV01571,2,Omar,Nina,2026-09-03 00:12:00,Could this be a brute force attempt? Check the logs.
CONV01571,3,Nina,Omar,2026-09-03 00:13:00,The account may be compromised; I also found unusual access.
CONV01571,4,Omar,Nina,2026-09-03 00:14:00,Escalate this to incident response and preserve the evidence.
CONV01572,1,Alice,Bob,2026-09-04 00:18:00,I received a suspicious link asking me to verify your account.
CONV01572,2,Bob,Alice,2026-09-04 00:19:00,That could be a phishing link. Do not enter your login credentials.
CONV01572,3,Alice,Bob,2026-09-04 00:20:00,I already entered my password and now see an unauthorized login.
CONV01572,4,Bob,Alice,2026-09-04 00:21:00,"Change the password, enable MFA, and report the incident."
CONV01573,1,Sam,Riya,2026-09-05 00:25:00,The incident response drill starts at ten.
CONV01573,2,Riya,Sam,2026-09-05 00:26:00,I have the checklist ready.
CONV01573,3,Sam,Riya,2026-09-05 00:27:00,Please verify the firewall rule too.
CONV01573,4,Riya,Sam,2026-09-05 00:28:00,The configuration looks correct.
CONV01574,1,Mia,Leo,2026-09-06 00:32:00,The security audit is scheduled for Friday.
CONV01574,2,Leo,Mia,2026-09-06 00:33:00,I have prepared the access review.
CONV01574,3,Mia,Leo,2026-09-06 00:34:00,Please include the backup status in the report.
CONV01574,4,Leo,Mia,2026-09-06 00:35:00,"Done, I will share it with the team."
CONV01575,1,Sam,Riya,2026-09-07 00:39:00,The incident response drill starts at ten.
CONV01575,2,Riya,Sam,2026-09-07 00:40:00,I have the checklist ready.
CONV01575,3,Sam,Riya,2026-09-07 00:41:00,Please verify the firewall rule too.
CONV01575,4,Riya,Sam,2026-09-07 00:42:00,The configuration looks correct.
CONV01576,1,Ava,Noah,2026-09-08 00:46:00,Did the antivirus update finish?
CONV01576,2,Noah,Ava,2026-09-08 00:47:00,"Yes, the update completed this morning."
CONV01576,3,Ava,Noah,2026-09-08 00:48:00,"Great, please patch the server after lunch."
CONV01576,4,Noah,Ava,2026-09-08 00:49:00,I will confirm after the maintenance window.
CONV01577,1,Tara,Neil,2026-09-09 00:53:00,The antivirus flagged a suspicious attachment.
CONV01577,2,Neil,Tara,2026-09-09 00:54:00,It was part of our malware-awareness training.
CONV01577,3,Tara,Neil,2026-09-09 00:55:00,"Okay, the security team confirmed it was a test."
CONV01577,4,Neil,Tara,2026-09-09 00:56:00,I will document the result.
CONV01578,1,Dev,Priya,2026-09-10 01:00:00,A suspicious download was found on the workstation.
CONV01578,2,Priya,Dev,2026-09-10 01:01:00,The file may contain malware or a trojan.
CONV01578,3,Dev,Priya,2026-09-10 01:02:00,The endpoint alert also mentions a keylogger.
CONV01578,4,Priya,Dev,2026-09-10 01:03:00,Isolate the device and follow the incident response procedure.
CONV01579,1,Ava,Noah,2026-09-11 01:07:00,Did the antivirus update finish?
CONV01579,2,Noah,Ava,2026-09-11 01:08:00,"Yes, the update completed this morning."
CONV01579,3,Ava,Noah,2026-09-11 01:09:00,"Great, please patch the server after lunch."
CONV01579,4,Noah,Ava,2026-09-11 01:10:00,I will confirm after the maintenance window.
CONV01580,1,Kai,Zoe,2026-09-12 01:14:00,The shared files are encrypted and there is a ransom note.
CONV01580,2,Zoe,Kai,2026-09-12 01:15:00,This may be ransomware. Disconnect the affected host.
CONV01580,3,Kai,Zoe,2026-09-12 01:16:00,We need to check backups and the scope of the data breach.
CONV01580,4,Zoe,Kai,2026-09-12 01:17:00,Notify the security team; do not pay or delete evidence.
CONV01581,1,Kai,Zoe,2026-09-13 01:21:00,The shared files are encrypted and there is a ransom note.
CONV01581,2,Zoe,Kai,2026-09-13 01:22:00,This may be ransomware. Disconnect the affected host.
CONV01581,3,Kai,Zoe,2026-09-13 01:23:00,We need to check backups and the scope of the data breach.
CONV01581,4,Zoe,Kai,2026-09-13 01:24:00,Notify the security team; do not pay or delete evidence.
CONV01582,1,Sam,Riya,2026-09-14 01:28:00,The incident response drill starts at ten.
CONV01582,2,Riya,Sam,2026-09-14 01:29:00,I have the checklist ready.
CONV01582,3,Sam,Riya,2026-09-14 01:30:00,Please verify the firewall rule too.
CONV01582,4,Riya,Sam,2026-09-14 01:31:00,The configuration looks correct.
CONV01583,1,Maya,Ben,2026-09-15 01:35:00,The security alert says there was an unusual login.
CONV01583,2,Ben,Maya,2026-09-15 01:36:00,It may be a false alarm; MFA succeeded.
CONV01583,3,Maya,Ben,2026-09-15 01:37:00,"Still, there were repeated login attempts before it."
CONV01583,4,Ben,Maya,2026-09-15 01:38:00,Let's review the logs before deciding.
CONV01584,1,Isha,Arun,2026-09-16 01:42:00,Did you enable multi-factor authentication?
CONV01584,2,Arun,Isha,2026-09-16 01:43:00,"Yes, MFA is enabled on my account."
CONV01584,3,Isha,Arun,2026-09-16 01:44:00,Thanks. The security patch is also available.
CONV01584,4,Arun,Isha,2026-09-16 01:45:00,I will install it today.
CONV01585,1,Isha,Arun,2026-09-17 01:49:00,Did you enable multi-factor authentication?
CONV01585,2,Arun,Isha,2026-09-17 01:50:00,"Yes, MFA is enabled on my account."
CONV01585,3,Isha,Arun,2026-09-17 01:51:00,Thanks. The security patch is also available.
CONV01585,4,Arun,Isha,2026-09-17 01:52:00,I will install it today.
CONV01586,1,Alice,Bob,2026-09-18 01:56:00,I received a suspicious link asking me to verify your account.
CONV01586,2,Bob,Alice,2026-09-18 01:57:00,That could be a phishing link. Do not enter your login credentials.
CONV01586,3,Alice,Bob,2026-09-18 01:58:00,I already entered my password and now see an unauthorized login.
CONV01586,4,Bob,Alice,2026-09-18 01:59:00,"Change the password, enable MFA, and report the incident."
CONV01587,1,Eli,June,2026-09-19 02:03:00,A contractor may have accessed confidential data without authorization.
CONV01587,2,June,Eli,2026-09-19 02:04:00,That could indicate an insider threat or data exfiltration.
CONV01587,3,Eli,June,2026-09-19 02:05:00,The audit shows an unusual access pattern.
CONV01587,4,June,Eli,2026-09-19 02:06:00,Preserve logs and send the case for human review.
CONV01588,1,Ava,Noah,2026-09-20 02:10:00,Did the antivirus update finish?
CONV01588,2,Noah,Ava,2026-09-20 02:11:00,"Yes, the update completed this morning."
CONV01588,3,Ava,Noah,2026-09-20 02:12:00,"Great, please patch the server after lunch."
CONV01588,4,Noah,Ava,2026-09-20 02:13:00,I will confirm after the maintenance window.
CONV01589,1,Ava,Noah,2026-09-21 02:17:00,Did the antivirus update finish?
CONV01589,2,Noah,Ava,2026-09-21 02:18:00,"Yes, the update completed this morning."
CONV01589,3,Ava,Noah,2026-09-21 02:19:00,"Great, please patch the server after lunch."
CONV01589,4,Noah,Ava,2026-09-21 02:20:00,I will confirm after the maintenance window.
CONV01590,1,Ravi,Meera,2026-09-22 02:24:00,The application may be vulnerable to SQL injection.
CONV01590,2,Meera,Ravi,2026-09-22 02:25:00,"The security test also detected cross-site scripting, or XSS."
CONV01590,3,Ravi,Meera,2026-09-22 02:26:00,We should review the vulnerable query and injected script handling.
CONV01590,4,Meera,Ravi,2026-09-22 02:27:00,Log the findings and apply the approved fixes.
CONV01591,1,Isha,Arun,2026-09-23 02:31:00,Did you enable multi-factor authentication?
CONV01591,2,Arun,Isha,2026-09-23 02:32:00,"Yes, MFA is enabled on my account."
CONV01591,3,Isha,Arun,2026-09-23 02:33:00,Thanks. The security patch is also available.
CONV01591,4,Arun,Isha,2026-09-23 02:34:00,I will install it today.
CONV01592,1,Tara,Neil,2026-09-24 02:38:00,The antivirus flagged a suspicious attachment.
CONV01592,2,Neil,Tara,2026-09-24 02:39:00,It was part of our malware-awareness training.
CONV01592,3,Tara,Neil,2026-09-24 02:40:00,"Okay, the security team confirmed it was a test."
CONV01592,4,Neil,Tara,2026-09-24 02:41:00,I will document the result.
CONV01593,1,Dev,Priya,2026-09-25 02:45:00,A suspicious download was found on the workstation.
CONV01593,2,Priya,Dev,2026-09-25 02:46:00,The file may contain malware or a trojan.
CONV01593,3,Dev,Priya,2026-09-25 02:47:00,The endpoint alert also mentions a keylogger.
CONV01593,4,Priya,Dev,2026-09-25 02:48:00,Isolate the device and follow the incident response procedure.
CONV01594,1,Dev,Priya,2026-09-26 02:52:00,A suspicious download was found on the workstation.
CONV01594,2,Priya,Dev,2026-09-26 02:53:00,The file may contain malware or a trojan.
CONV01594,3,Dev,Priya,2026-09-26 02:54:00,The endpoint alert also mentions a keylogger.
CONV01594,4,Priya,Dev,2026-09-26 02:55:00,Isolate the device and follow the incident response procedure.
CONV01595,1,Ravi,Meera,2026-09-27 02:59:00,The application may be vulnerable to SQL injection.
CONV01595,2,Meera,Ravi,2026-09-27 03:00:00,"The security test also detected cross-site scripting, or XSS."
CONV01595,3,Ravi,Meera,2026-09-27 03:01:00,We should review the vulnerable query and injected script handling.
CONV01595,4,Meera,Ravi,2026-09-27 03:02:00,Log the findings and apply the approved fixes.
CONV01596,1,Mia,Leo,2026-09-28 03:06:00,The security audit is scheduled for Friday.
CONV01596,2,Leo,Mia,2026-09-28 03:07:00,I have prepared the access review.
CONV01596,3,Mia,Leo,2026-09-28 03:08:00,Please include the backup status in the report.
CONV01596,4,Leo,Mia,2026-09-28 03:09:00,"Done, I will share it with the team."
CONV01597,1,Maya,Ben,2026-09-01 03:13:00,The security alert says there was an unusual login.
CONV01597,2,Ben,Maya,2026-09-01 03:14:00,It may be a false alarm; MFA succeeded.
CONV01597,3,Maya,Ben,2026-09-01 03:15:00,"Still, there were repeated login attempts before it."
CONV01597,4,Ben,Maya,2026-09-01 03:16:00,Let's review the logs before deciding.
CONV01598,1,Ava,Noah,2026-09-02 03:20:00,Did the antivirus update finish?
CONV01598,2,Noah,Ava,2026-09-02 03:21:00,"Yes, the update completed this morning."
CONV01598,3,Ava,Noah,2026-09-02 03:22:00,"Great, please patch the server after lunch."
CONV01598,4,Noah,Ava,2026-09-02 03:23:00,I will confirm after the maintenance window.
CONV01599,1,Ravi,Meera,2026-09-03 03:27:00,The application may be vulnerable to SQL injection.
CONV01599,2,Meera,Ravi,2026-09-03 03:28:00,"The security test also detected cross-site scripting, or XSS."
CONV01599,3,Ravi,Meera,2026-09-03 03:29:00,We should review the vulnerable query and injected script handling.
CONV01599,4,Meera,Ravi,2026-09-03 03:30:00,Log the findings and apply the approved fixes.
CONV01600,1,Isha,Arun,2026-09-04 03:34:00,Did you enable multi-factor authentication?
CONV01600,2,Arun,Isha,2026-09-04 03:35:00,"Yes, MFA is enabled on my account."
CONV01600,3,Isha,Arun,2026-09-04 03:36:00,Thanks. The security patch is also available.
CONV01600,4,Arun,Isha,2026-09-04 03:37:00,I will install it today.
CONV01601,1,Kai,Zoe,2026-09-05 03:41:00,The shared files are encrypted and there is a ransom note.
CONV01601,2,Zoe,Kai,2026-09-05 03:42:00,This may be ransomware. Disconnect the affected host.
CONV01601,3,Kai,Zoe,2026-09-05 03:43:00,We need to check backups and the scope of the data breach.
CONV01601,4,Zoe,Kai,2026-09-05 03:44:00,Notify the security team; do not pay or delete evidence.
CONV01602,1,Ava,Noah,2026-09-06 03:48:00,Did the antivirus update finish?
CONV01602,2,Noah,Ava,2026-09-06 03:49:00,"Yes, the update completed this morning."
CONV01602,3,Ava,Noah,2026-09-06 03:50:00,"Great, please patch the server after lunch."
CONV01602,4,Noah,Ava,2026-09-06 03:51:00,I will confirm after the maintenance window.
CONV01603,1,Sam,Riya,2026-09-07 03:55:00,The incident response drill starts at ten.
CONV01603,2,Riya,Sam,2026-09-07 03:56:00,I have the checklist ready.
CONV01603,3,Sam,Riya,2026-09-07 03:57:00,Please verify the firewall rule too.
CONV01603,4,Riya,Sam,2026-09-07 03:58:00,The configuration looks correct.
CONV01604,1,Ravi,Meera,2026-09-08 04:02:00,The application may be vulnerable to SQL injection.
CONV01604,2,Meera,Ravi,2026-09-08 04:03:00,"The security test also detected cross-site scripting, or XSS."
CONV01604,3,Ravi,Meera,2026-09-08 04:04:00,We should review the vulnerable query and injected script handling.
CONV01604,4,Meera,Ravi,2026-09-08 04:05:00,Log the findings and apply the approved fixes.
CONV01605,1,Ava,Noah,2026-09-09 04:09:00,Did the antivirus update finish?
CONV01605,2,Noah,Ava,2026-09-09 04:10:00,"Yes, the update completed this morning."
CONV01605,3,Ava,Noah,2026-09-09 04:11:00,"Great, please patch the server after lunch."
CONV01605,4,Noah,Ava,2026-09-09 04:12:00,I will confirm after the maintenance window.
CONV01606,1,Mia,Leo,2026-09-10 04:16:00,The security audit is scheduled for Friday.
CONV01606,2,Leo,Mia,2026-09-10 04:17:00,I have prepared the access review.
CONV01606,3,Mia,Leo,2026-09-10 04:18:00,Please include the backup status in the report.
CONV01606,4,Leo,Mia,2026-09-10 04:19:00,"Done, I will share it with the team."
CONV01607,1,Ava,Noah,2026-09-11 04:23:00,Did the antivirus update finish?
CONV01607,2,Noah,Ava,2026-09-11 04:24:00,"Yes, the update completed this morning."
CONV01607,3,Ava,Noah,2026-09-11 04:25:00,"Great, please patch the server after lunch."
CONV01607,4,Noah,Ava,2026-09-11 04:26:00,I will confirm after the maintenance window.
CONV01608,1,Dev,Priya,2026-09-12 04:30:00,A suspicious download was found on the workstation.
CONV01608,2,Priya,Dev,2026-09-12 04:31:00,The file may contain malware or a trojan.
CONV01608,3,Dev,Priya,2026-09-12 04:32:00,The endpoint alert also mentions a keylogger.
CONV01608,4,Priya,Dev,2026-09-12 04:33:00,Isolate the device and follow the incident response procedure.
CONV01609,1,Maya,Ben,2026-09-13 04:37:00,The security alert says there was an unusual login.
CONV01609,2,Ben,Maya,2026-09-13 04:38:00,It may be a false alarm; MFA succeeded.
CONV01609,3,Maya,Ben,2026-09-13 04:39:00,"Still, there were repeated login attempts before it."
CONV01609,4,Ben,Maya,2026-09-13 04:40:00,Let's review the logs before deciding.
CONV01610,1,Alice,Bob,2026-09-14 04:44:00,I received a suspicious link asking me to verify your account.
CONV01610,2,Bob,Alice,2026-09-14 04:45:00,That could be a phishing link. Do not enter your login credentials.
CONV01610,3,Alice,Bob,2026-09-14 04:46:00,I already entered my password and now see an unauthorized login.
CONV01610,4,Bob,Alice,2026-09-14 04:47:00,"Change the password, enable MFA, and report the incident."
CONV01611,1,Eli,June,2026-09-15 04:51:00,A contractor may have accessed confidential data without authorization.
CONV01611,2,June,Eli,2026-09-15 04:52:00,That could indicate an insider threat or data exfiltration.
CONV01611,3,Eli,June,2026-09-15 04:53:00,The audit shows an unusual access pattern.
CONV01611,4,June,Eli,2026-09-15 04:54:00,Preserve logs and send the case for human review.
CONV01612,1,Kai,Zoe,2026-09-16 04:58:00,The shared files are encrypted and there is a ransom note.
CONV01612,2,Zoe,Kai,2026-09-16 04:59:00,This may be ransomware. Disconnect the affected host.
CONV01612,3,Kai,Zoe,2026-09-16 05:00:00,We need to check backups and the scope of the data breach.
CONV01612,4,Zoe,Kai,2026-09-16 05:01:00,Notify the security team; do not pay or delete evidence.
CONV01613,1,Isha,Arun,2026-09-17 05:05:00,Did you enable multi-factor authentication?
CONV01613,2,Arun,Isha,2026-09-17 05:06:00,"Yes, MFA is enabled on my account."
CONV01613,3,Isha,Arun,2026-09-17 05:07:00,Thanks. The security patch is also available.
CONV01613,4,Arun,Isha,2026-09-17 05:08:00,I will install it today.
CONV01614,1,Mia,Leo,2026-09-18 05:12:00,The security audit is scheduled for Friday.
CONV01614,2,Leo,Mia,2026-09-18 05:13:00,I have prepared the access review.
CONV01614,3,Mia,Leo,2026-09-18 05:14:00,Please include the backup status in the report.
CONV01614,4,Leo,Mia,2026-09-18 05:15:00,"Done, I will share it with the team."
CONV01615,1,Alice,Bob,2026-09-19 05:19:00,I received a suspicious link asking me to verify your account.
CONV01615,2,Bob,Alice,2026-09-19 05:20:00,That could be a phishing link. Do not enter your login credentials.
CONV01615,3,Alice,Bob,2026-09-19 05:21:00,I already entered my password and now see an unauthorized login.
CONV01615,4,Bob,Alice,2026-09-19 05:22:00,"Change the password, enable MFA, and report the incident."
CONV01616,1,Maya,Ben,2026-09-20 05:26:00,The security alert says there was an unusual login.
CONV01616,2,Ben,Maya,2026-09-20 05:27:00,It may be a false alarm; MFA succeeded.
CONV01616,3,Maya,Ben,2026-09-20 05:28:00,"Still, there were repeated login attempts before it."
CONV01616,4,Ben,Maya,2026-09-20 05:29:00,Let's review the logs before deciding.
CONV01617,1,Mia,Leo,2026-09-21 05:33:00,The security audit is scheduled for Friday.
CONV01617,2,Leo,Mia,2026-09-21 05:34:00,I have prepared the access review.
CONV01617,3,Mia,Leo,2026-09-21 05:35:00,Please include the backup status in the report.
CONV01617,4,Leo,Mia,2026-09-21 05:36:00,"Done, I will share it with the team."
CONV01618,1,Ava,Noah,2026-09-22 05:40:00,Did the antivirus update finish?
CONV01618,2,Noah,Ava,2026-09-22 05:41:00,"Yes, the update completed this morning."
CONV01618,3,Ava,Noah,2026-09-22 05:42:00,"Great, please patch the server after lunch."
CONV01618,4,Noah,Ava,2026-09-22 05:43:00,I will confirm after the maintenance window.
CONV01619,1,Mia,Leo,2026-09-23 05:47:00,The security audit is scheduled for Friday.
CONV01619,2,Leo,Mia,2026-09-23 05:48:00,I have prepared the access review.
CONV01619,3,Mia,Leo,2026-09-23 05:49:00,Please include the backup status in the report.
CONV01619,4,Leo,Mia,2026-09-23 05:50:00,"Done, I will share it with the team."
CONV01620,1,Eli,June,2026-09-24 05:54:00,A contractor may have accessed confidential data without authorization.
CONV01620,2,June,Eli,2026-09-24 05:55:00,That could indicate an insider threat or data exfiltration.
CONV01620,3,Eli,June,2026-09-24 05:56:00,The audit shows an unusual access pattern.
CONV01620,4,June,Eli,2026-09-24 05:57:00,Preserve logs and send the case for human review.
CONV01621,1,Ava,Noah,2026-09-25 06:01:00,Did the antivirus update finish?
CONV01621,2,Noah,Ava,2026-09-25 06:02:00,"Yes, the update completed this morning."
CONV01621,3,Ava,Noah,2026-09-25 06:03:00,"Great, please patch the server after lunch."
CONV01621,4,Noah,Ava,2026-09-25 06:04:00,I will confirm after the maintenance window.
CONV01622,1,Isha,Arun,2026-09-26 06:08:00,Did you enable multi-factor authentication?
CONV01622,2,Arun,Isha,2026-09-26 06:09:00,"Yes, MFA is enabled on my account."
CONV01622,3,Isha,Arun,2026-09-26 06:10:00,Thanks. The security patch is also available.
CONV01622,4,Arun,Isha,2026-09-26 06:11:00,I will install it today.
CONV01623,1,Ravi,Meera,2026-09-27 06:15:00,The application may be vulnerable to SQL injection.
CONV01623,2,Meera,Ravi,2026-09-27 06:16:00,"The security test also detected cross-site scripting, or XSS."
CONV01623,3,Ravi,Meera,2026-09-27 06:17:00,We should review the vulnerable query and injected script handling.
CONV01623,4,Meera,Ravi,2026-09-27 06:18:00,Log the findings and apply the approved fixes.
CONV01624,1,Maya,Ben,2026-09-28 06:22:00,The security alert says there was an unusual login.
CONV01624,2,Ben,Maya,2026-09-28 06:23:00,It may be a false alarm; MFA succeeded.
CONV01624,3,Maya,Ben,2026-09-28 06:24:00,"Still, there were repeated login attempts before it."
CONV01624,4,Ben,Maya,2026-09-28 06:25:00,Let's review the logs before deciding.
CONV01625,1,Ava,Noah,2026-09-01 06:29:00,Did the antivirus update finish?
CONV01625,2,Noah,Ava,2026-09-01 06:30:00,"Yes, the update completed this morning."
CONV01625,3,Ava,Noah,2026-09-01 06:31:00,"Great, please patch the server after lunch."
CONV01625,4,Noah,Ava,2026-09-01 06:32:00,I will confirm after the maintenance window.
CONV01626,1,Tara,Neil,2026-09-02 06:36:00,The antivirus flagged a suspicious attachment.
CONV01626,2,Neil,Tara,2026-09-02 06:37:00,It was part of our malware-awareness training.
CONV01626,3,Tara,Neil,2026-09-02 06:38:00,"Okay, the security team confirmed it was a test."
CONV01626,4,Neil,Tara,2026-09-02 06:39:00,I will document the result.
CONV01627,1,Sam,Riya,2026-09-03 06:43:00,The incident response drill starts at ten.
CONV01627,2,Riya,Sam,2026-09-03 06:44:00,I have the checklist ready.
CONV01627,3,Sam,Riya,2026-09-03 06:45:00,Please verify the firewall rule too.
CONV01627,4,Riya,Sam,2026-09-03 06:46:00,The configuration looks correct.
CONV01628,1,Maya,Ben,2026-09-04 06:50:00,The security alert says there was an unusual login.
CONV01628,2,Ben,Maya,2026-09-04 06:51:00,It may be a false alarm; MFA succeeded.
CONV01628,3,Maya,Ben,2026-09-04 06:52:00,"Still, there were repeated login attempts before it."
CONV01628,4,Ben,Maya,2026-09-04 06:53:00,Let's review the logs before deciding.
CONV01629,1,Dev,Priya,2026-09-05 06:57:00,A suspicious download was found on the workstation.
CONV01629,2,Priya,Dev,2026-09-05 06:58:00,The file may contain malware or a trojan.
CONV01629,3,Dev,Priya,2026-09-05 06:59:00,The endpoint alert also mentions a keylogger.
CONV01629,4,Priya,Dev,2026-09-05 07:00:00,Isolate the device and follow the incident response procedure.
CONV01630,1,Maya,Ben,2026-09-06 07:04:00,The security alert says there was an unusual login.
CONV01630,2,Ben,Maya,2026-09-06 07:05:00,It may be a false alarm; MFA succeeded.
CONV01630,3,Maya,Ben,2026-09-06 07:06:00,"Still, there were repeated login attempts before it."
CONV01630,4,Ben,Maya,2026-09-06 07:07:00,Let's review the logs before deciding.
CONV01631,1,Isha,Arun,2026-09-07 07:11:00,Did you enable multi-factor authentication?
CONV01631,2,Arun,Isha,2026-09-07 07:12:00,"Yes, MFA is enabled on my account."
CONV01631,3,Isha,Arun,2026-09-07 07:13:00,Thanks. The security patch is also available.
CONV01631,4,Arun,Isha,2026-09-07 07:14:00,I will install it today.
CONV01632,1,Ravi,Meera,2026-09-08 07:18:00,The application may be vulnerable to SQL injection.
CONV01632,2,Meera,Ravi,2026-09-08 07:19:00,"The security test also detected cross-site scripting, or XSS."
CONV01632,3,Ravi,Meera,2026-09-08 07:20:00,We should review the vulnerable query and injected script handling.
CONV01632,4,Meera,Ravi,2026-09-08 07:21:00,Log the findings and apply the approved fixes.
CONV01633,1,Alice,Bob,2026-09-09 07:25:00,I received a suspicious link asking me to verify your account.
CONV01633,2,Bob,Alice,2026-09-09 07:26:00,That could be a phishing link. Do not enter your login credentials.
CONV01633,3,Alice,Bob,2026-09-09 07:27:00,I already entered my password and now see an unauthorized login.
CONV01633,4,Bob,Alice,2026-09-09 07:28:00,"Change the password, enable MFA, and report the incident."
CONV01634,1,Dev,Priya,2026-09-10 07:32:00,A suspicious download was found on the workstation.
CONV01634,2,Priya,Dev,2026-09-10 07:33:00,The file may contain malware or a trojan.
CONV01634,3,Dev,Priya,2026-09-10 07:34:00,The endpoint alert also mentions a keylogger.
CONV01634,4,Priya,Dev,2026-09-10 07:35:00,Isolate the device and follow the incident response procedure.
CONV01635,1,Alice,Bob,2026-09-11 07:39:00,I received a suspicious link asking me to verify your account.
CONV01635,2,Bob,Alice,2026-09-11 07:40:00,That could be a phishing link. Do not enter your login credentials.
CONV01635,3,Alice,Bob,2026-09-11 07:41:00,I already entered my password and now see an unauthorized login.
CONV01635,4,Bob,Alice,2026-09-11 07:42:00,"Change the password, enable MFA, and report the incident."
CONV01636,1,Ravi,Meera,2026-09-12 07:46:00,The application may be vulnerable to SQL injection.
CONV01636,2,Meera,Ravi,2026-09-12 07:47:00,"The security test also detected cross-site scripting, or XSS."
CONV01636,3,Ravi,Meera,2026-09-12 07:48:00,We should review the vulnerable query and injected script handling.
CONV01636,4,Meera,Ravi,2026-09-12 07:49:00,Log the findings and apply the approved fixes.
CONV01637,1,Sam,Riya,2026-09-13 07:53:00,The incident response drill starts at ten.
CONV01637,2,Riya,Sam,2026-09-13 07:54:00,I have the checklist ready.
CONV01637,3,Sam,Riya,2026-09-13 07:55:00,Please verify the firewall rule too.
CONV01637,4,Riya,Sam,2026-09-13 07:56:00,The configuration looks correct.
CONV01638,1,Dev,Priya,2026-09-14 08:00:00,A suspicious download was found on the workstation.
CONV01638,2,Priya,Dev,2026-09-14 08:01:00,The file may contain malware or a trojan.
CONV01638,3,Dev,Priya,2026-09-14 08:02:00,The endpoint alert also mentions a keylogger.
CONV01638,4,Priya,Dev,2026-09-14 08:03:00,Isolate the device and follow the incident response procedure.
CONV01639,1,Dev,Priya,2026-09-15 08:07:00,A suspicious download was found on the workstation.
CONV01639,2,Priya,Dev,2026-09-15 08:08:00,The file may contain malware or a trojan.
CONV01639,3,Dev,Priya,2026-09-15 08:09:00,The endpoint alert also mentions a keylogger.
CONV01639,4,Priya,Dev,2026-09-15 08:10:00,Isolate the device and follow the incident response procedure.
CONV01640,1,Ava,Noah,2026-09-16 08:14:00,Did the antivirus update finish?
CONV01640,2,Noah,Ava,2026-09-16 08:15:00,"Yes, the update completed this morning."
CONV01640,3,Ava,Noah,2026-09-16 08:16:00,"Great, please patch the server after lunch."
CONV01640,4,Noah,Ava,2026-09-16 08:17:00,I will confirm after the maintenance window.
CONV01641,1,Nina,Omar,2026-09-17 08:21:00,Several failed login attempts appeared on the admin account.
CONV01641,2,Omar,Nina,2026-09-17 08:22:00,Could this be a brute force attempt? Check the logs.
CONV01641,3,Nina,Omar,2026-09-17 08:23:00,The account may be compromised; I also found unusual access.
CONV01641,4,Omar,Nina,2026-09-17 08:24:00,Escalate this to incident response and preserve the evidence.
CONV01642,1,Tara,Neil,2026-09-18 08:28:00,The antivirus flagged a suspicious attachment.
CONV01642,2,Neil,Tara,2026-09-18 08:29:00,It was part of our malware-awareness training.
CONV01642,3,Tara,Neil,2026-09-18 08:30:00,"Okay, the security team confirmed it was a test."
CONV01642,4,Neil,Tara,2026-09-18 08:31:00,I will document the result.
CONV01643,1,Tara,Neil,2026-09-19 08:35:00,The antivirus flagged a suspicious attachment.
CONV01643,2,Neil,Tara,2026-09-19 08:36:00,It was part of our malware-awareness training.
CONV01643,3,Tara,Neil,2026-09-19 08:37:00,"Okay, the security team confirmed it was a test."
CONV01643,4,Neil,Tara,2026-09-19 08:38:00,I will document the result.
CONV01644,1,Ava,Noah,2026-09-20 08:42:00,Did the antivirus update finish?
CONV01644,2,Noah,Ava,2026-09-20 08:43:00,"Yes, the update completed this morning."
CONV01644,3,Ava,Noah,2026-09-20 08:44:00,"Great, please patch the server after lunch."
CONV01644,4,Noah,Ava,2026-09-20 08:45:00,I will confirm after the maintenance window.
CONV01645,1,Isha,Arun,2026-09-21 08:49:00,Did you enable multi-factor authentication?
CONV01645,2,Arun,Isha,2026-09-21 08:50:00,"Yes, MFA is enabled on my account."
CONV01645,3,Isha,Arun,2026-09-21 08:51:00,Thanks. The security patch is also available.
CONV01645,4,Arun,Isha,2026-09-21 08:52:00,I will install it today.
CONV01646,1,Isha,Arun,2026-09-22 08:56:00,Did you enable multi-factor authentication?
CONV01646,2,Arun,Isha,2026-09-22 08:57:00,"Yes, MFA is enabled on my account."
CONV01646,3,Isha,Arun,2026-09-22 08:58:00,Thanks. The security patch is also available.
CONV01646,4,Arun,Isha,2026-09-22 08:59:00,I will install it today.
CONV01647,1,Alice,Bob,2026-09-23 09:03:00,I received a suspicious link asking me to verify your account.
CONV01647,2,Bob,Alice,2026-09-23 09:04:00,That could be a phishing link. Do not enter your login credentials.
CONV01647,3,Alice,Bob,2026-09-23 09:05:00,I already entered my password and now see an unauthorized login.
CONV01647,4,Bob,Alice,2026-09-23 09:06:00,"Change the password, enable MFA, and report the incident."
CONV01648,1,Sam,Riya,2026-09-24 09:10:00,The incident response drill starts at ten.
CONV01648,2,Riya,Sam,2026-09-24 09:11:00,I have the checklist ready.
CONV01648,3,Sam,Riya,2026-09-24 09:12:00,Please verify the firewall rule too.
CONV01648,4,Riya,Sam,2026-09-24 09:13:00,The configuration looks correct.
CONV01649,1,Sam,Riya,2026-09-25 09:17:00,The incident response drill starts at ten.
CONV01649,2,Riya,Sam,2026-09-25 09:18:00,I have the checklist ready.
CONV01649,3,Sam,Riya,2026-09-25 09:19:00,Please verify the firewall rule too.
CONV01649,4,Riya,Sam,2026-09-25 09:20:00,The configuration looks correct.
CONV01650,1,Maya,Ben,2026-09-26 09:24:00,The security alert says there was an unusual login.
CONV01650,2,Ben,Maya,2026-09-26 09:25:00,It may be a false alarm; MFA succeeded.
CONV01650,3,Maya,Ben,2026-09-26 09:26:00,"Still, there were repeated login attempts before it."
CONV01650,4,Ben,Maya,2026-09-26 09:27:00,Let's review the logs before deciding.
CONV01651,1,Mia,Leo,2026-09-27 09:31:00,The security audit is scheduled for Friday.
CONV01651,2,Leo,Mia,2026-09-27 09:32:00,I have prepared the access review.
CONV01651,3,Mia,Leo,2026-09-27 09:33:00,Please include the backup status in the report.
CONV01651,4,Leo,Mia,2026-09-27 09:34:00,"Done, I will share it with the team."
CONV01652,1,Dev,Priya,2026-09-28 09:38:00,A suspicious download was found on the workstation.
CONV01652,2,Priya,Dev,2026-09-28 09:39:00,The file may contain malware or a trojan.
CONV01652,3,Dev,Priya,2026-09-28 09:40:00,The endpoint alert also mentions a keylogger.
CONV01652,4,Priya,Dev,2026-09-28 09:41:00,Isolate the device and follow the incident response procedure.
CONV01653,1,Alice,Bob,2026-09-01 09:45:00,I received a suspicious link asking me to verify your account.
CONV01653,2,Bob,Alice,2026-09-01 09:46:00,That could be a phishing link. Do not enter your login credentials.
CONV01653,3,Alice,Bob,2026-09-01 09:47:00,I already entered my password and now see an unauthorized login.
CONV01653,4,Bob,Alice,2026-09-01 09:48:00,"Change the password, enable MFA, and report the incident."
CONV01654,1,Nina,Omar,2026-09-02 09:52:00,Several failed login attempts appeared on the admin account.
CONV01654,2,Omar,Nina,2026-09-02 09:53:00,Could this be a brute force attempt? Check the logs.
CONV01654,3,Nina,Omar,2026-09-02 09:54:00,The account may be compromised; I also found unusual access.
CONV01654,4,Omar,Nina,2026-09-02 09:55:00,Escalate this to incident response and preserve the evidence.
CONV01655,1,Isha,Arun,2026-09-03 09:59:00,Did you enable multi-factor authentication?
CONV01655,2,Arun,Isha,2026-09-03 10:00:00,"Yes, MFA is enabled on my account."
CONV01655,3,Isha,Arun,2026-09-03 10:01:00,Thanks. The security patch is also available.
CONV01655,4,Arun,Isha,2026-09-03 10:02:00,I will install it today.
CONV01656,1,Sam,Riya,2026-09-04 10:06:00,The incident response drill starts at ten.
CONV01656,2,Riya,Sam,2026-09-04 10:07:00,I have the checklist ready.
CONV01656,3,Sam,Riya,2026-09-04 10:08:00,Please verify the firewall rule too.
CONV01656,4,Riya,Sam,2026-09-04 10:09:00,The configuration looks correct.
CONV01657,1,Sam,Riya,2026-09-05 10:13:00,The incident response drill starts at ten.
CONV01657,2,Riya,Sam,2026-09-05 10:14:00,I have the checklist ready.
CONV01657,3,Sam,Riya,2026-09-05 10:15:00,Please verify the firewall rule too.
CONV01657,4,Riya,Sam,2026-09-05 10:16:00,The configuration looks correct.
CONV01658,1,Sam,Riya,2026-09-06 10:20:00,The incident response drill starts at ten.
CONV01658,2,Riya,Sam,2026-09-06 10:21:00,I have the checklist ready.
CONV01658,3,Sam,Riya,2026-09-06 10:22:00,Please verify the firewall rule too.
CONV01658,4,Riya,Sam,2026-09-06 10:23:00,The configuration looks correct.
CONV01659,1,Isha,Arun,2026-09-07 10:27:00,Did you enable multi-factor authentication?
CONV01659,2,Arun,Isha,2026-09-07 10:28:00,"Yes, MFA is enabled on my account."
CONV01659,3,Isha,Arun,2026-09-07 10:29:00,Thanks. The security patch is also available.
CONV01659,4,Arun,Isha,2026-09-07 10:30:00,I will install it today.
CONV01660,1,Ava,Noah,2026-09-08 10:34:00,Did the antivirus update finish?
CONV01660,2,Noah,Ava,2026-09-08 10:35:00,"Yes, the update completed this morning."
CONV01660,3,Ava,Noah,2026-09-08 10:36:00,"Great, please patch the server after lunch."
CONV01660,4,Noah,Ava,2026-09-08 10:37:00,I will confirm after the maintenance window.
CONV01661,1,Tara,Neil,2026-09-09 10:41:00,The antivirus flagged a suspicious attachment.
CONV01661,2,Neil,Tara,2026-09-09 10:42:00,It was part of our malware-awareness training.
CONV01661,3,Tara,Neil,2026-09-09 10:43:00,"Okay, the security team confirmed it was a test."
CONV01661,4,Neil,Tara,2026-09-09 10:44:00,I will document the result.
CONV01662,1,Nina,Omar,2026-09-10 10:48:00,Several failed login attempts appeared on the admin account.
CONV01662,2,Omar,Nina,2026-09-10 10:49:00,Could this be a brute force attempt? Check the logs.
CONV01662,3,Nina,Omar,2026-09-10 10:50:00,The account may be compromised; I also found unusual access.
CONV01662,4,Omar,Nina,2026-09-10 10:51:00,Escalate this to incident response and preserve the evidence.
CONV01663,1,Ava,Noah,2026-09-11 10:55:00,Did the antivirus update finish?
CONV01663,2,Noah,Ava,2026-09-11 10:56:00,"Yes, the update completed this morning."
CONV01663,3,Ava,Noah,2026-09-11 10:57:00,"Great, please patch the server after lunch."
CONV01663,4,Noah,Ava,2026-09-11 10:58:00,I will confirm after the maintenance window.
CONV01664,1,Maya,Ben,2026-09-12 11:02:00,The security alert says there was an unusual login.
CONV01664,2,Ben,Maya,2026-09-12 11:03:00,It may be a false alarm; MFA succeeded.
CONV01664,3,Maya,Ben,2026-09-12 11:04:00,"Still, there were repeated login attempts before it."
CONV01664,4,Ben,Maya,2026-09-12 11:05:00,Let's review the logs before deciding.
CONV01665,1,Ava,Noah,2026-09-13 11:09:00,Did the antivirus update finish?
CONV01665,2,Noah,Ava,2026-09-13 11:10:00,"Yes, the update completed this morning."
CONV01665,3,Ava,Noah,2026-09-13 11:11:00,"Great, please patch the server after lunch."
CONV01665,4,Noah,Ava,2026-09-13 11:12:00,I will confirm after the maintenance window.
CONV01666,1,Sam,Riya,2026-09-14 11:16:00,The incident response drill starts at ten.
CONV01666,2,Riya,Sam,2026-09-14 11:17:00,I have the checklist ready.
CONV01666,3,Sam,Riya,2026-09-14 11:18:00,Please verify the firewall rule too.
CONV01666,4,Riya,Sam,2026-09-14 11:19:00,The configuration looks correct.
CONV01667,1,Ravi,Meera,2026-09-15 11:23:00,The application may be vulnerable to SQL injection.
CONV01667,2,Meera,Ravi,2026-09-15 11:24:00,"The security test also detected cross-site scripting, or XSS."
CONV01667,3,Ravi,Meera,2026-09-15 11:25:00,We should review the vulnerable query and injected script handling.
CONV01667,4,Meera,Ravi,2026-09-15 11:26:00,Log the findings and apply the approved fixes.
CONV01668,1,Alice,Bob,2026-09-16 11:30:00,I received a suspicious link asking me to verify your account.
CONV01668,2,Bob,Alice,2026-09-16 11:31:00,That could be a phishing link. Do not enter your login credentials.
CONV01668,3,Alice,Bob,2026-09-16 11:32:00,I already entered my password and now see an unauthorized login.
CONV01668,4,Bob,Alice,2026-09-16 11:33:00,"Change the password, enable MFA, and report the incident."
CONV01669,1,Maya,Ben,2026-09-17 11:37:00,The security alert says there was an unusual login.
CONV01669,2,Ben,Maya,2026-09-17 11:38:00,It may be a false alarm; MFA succeeded.
CONV01669,3,Maya,Ben,2026-09-17 11:39:00,"Still, there were repeated login attempts before it."
CONV01669,4,Ben,Maya,2026-09-17 11:40:00,Let's review the logs before deciding.
CONV01670,1,Ava,Noah,2026-09-18 11:44:00,Did the antivirus update finish?
CONV01670,2,Noah,Ava,2026-09-18 11:45:00,"Yes, the update completed this morning."
CONV01670,3,Ava,Noah,2026-09-18 11:46:00,"Great, please patch the server after lunch."
CONV01670,4,Noah,Ava,2026-09-18 11:47:00,I will confirm after the maintenance window.
CONV01671,1,Mia,Leo,2026-09-19 11:51:00,The security audit is scheduled for Friday.
CONV01671,2,Leo,Mia,2026-09-19 11:52:00,I have prepared the access review.
CONV01671,3,Mia,Leo,2026-09-19 11:53:00,Please include the backup status in the report.
CONV01671,4,Leo,Mia,2026-09-19 11:54:00,"Done, I will share it with the team."
CONV01672,1,Kai,Zoe,2026-09-20 11:58:00,The shared files are encrypted and there is a ransom note.
CONV01672,2,Zoe,Kai,2026-09-20 11:59:00,This may be ransomware. Disconnect the affected host.
CONV01672,3,Kai,Zoe,2026-09-20 12:00:00,We need to check backups and the scope of the data breach.
CONV01672,4,Zoe,Kai,2026-09-20 12:01:00,Notify the security team; do not pay or delete evidence.
CONV01673,1,Tara,Neil,2026-09-21 12:05:00,The antivirus flagged a suspicious attachment.
CONV01673,2,Neil,Tara,2026-09-21 12:06:00,It was part of our malware-awareness training.
CONV01673,3,Tara,Neil,2026-09-21 12:07:00,"Okay, the security team confirmed it was a test."
CONV01673,4,Neil,Tara,2026-09-21 12:08:00,I will document the result.
CONV01674,1,Tara,Neil,2026-09-22 12:12:00,The antivirus flagged a suspicious attachment.
CONV01674,2,Neil,Tara,2026-09-22 12:13:00,It was part of our malware-awareness training.
CONV01674,3,Tara,Neil,2026-09-22 12:14:00,"Okay, the security team confirmed it was a test."
CONV01674,4,Neil,Tara,2026-09-22 12:15:00,I will document the result.
CONV01675,1,Isha,Arun,2026-09-23 12:19:00,Did you enable multi-factor authentication?
CONV01675,2,Arun,Isha,2026-09-23 12:20:00,"Yes, MFA is enabled on my account."
CONV01675,3,Isha,Arun,2026-09-23 12:21:00,Thanks. The security patch is also available.
CONV01675,4,Arun,Isha,2026-09-23 12:22:00,I will install it today.
CONV01676,1,Dev,Priya,2026-09-24 12:26:00,A suspicious download was found on the workstation.
CONV01676,2,Priya,Dev,2026-09-24 12:27:00,The file may contain malware or a trojan.
CONV01676,3,Dev,Priya,2026-09-24 12:28:00,The endpoint alert also mentions a keylogger.
CONV01676,4,Priya,Dev,2026-09-24 12:29:00,Isolate the device and follow the incident response procedure.
CONV01677,1,Ravi,Meera,2026-09-25 12:33:00,The application may be vulnerable to SQL injection.
CONV01677,2,Meera,Ravi,2026-09-25 12:34:00,"The security test also detected cross-site scripting, or XSS."
CONV01677,3,Ravi,Meera,2026-09-25 12:35:00,We should review the vulnerable query and injected script handling.
CONV01677,4,Meera,Ravi,2026-09-25 12:36:00,Log the findings and apply the approved fixes.
CONV01678,1,Dev,Priya,2026-09-26 12:40:00,A suspicious download was found on the workstation.
CONV01678,2,Priya,Dev,2026-09-26 12:41:00,The file may contain malware or a trojan.
CONV01678,3,Dev,Priya,2026-09-26 12:42:00,The endpoint alert also mentions a keylogger.
CONV01678,4,Priya,Dev,2026-09-26 12:43:00,Isolate the device and follow the incident response procedure.
CONV01679,1,Dev,Priya,2026-09-27 12:47:00,A suspicious download was found on the workstation.
CONV01679,2,Priya,Dev,2026-09-27 12:48:00,The file may contain malware or a trojan.
CONV01679,3,Dev,Priya,2026-09-27 12:49:00,The endpoint alert also mentions a keylogger.
CONV01679,4,Priya,Dev,2026-09-27 12:50:00,Isolate the device and follow the incident response procedure.
CONV01680,1,Dev,Priya,2026-09-28 12:54:00,A suspicious download was found on the workstation.
CONV01680,2,Priya,Dev,2026-09-28 12:55:00,The file may contain malware or a trojan.
CONV01680,3,Dev,Priya,2026-09-28 12:56:00,The endpoint alert also mentions a keylogger.
CONV01680,4,Priya,Dev,2026-09-28 12:57:00,Isolate the device and follow the incident response procedure.
CONV01681,1,Nina,Omar,2026-09-01 13:01:00,Several failed login attempts appeared on the admin account.
CONV01681,2,Omar,Nina,2026-09-01 13:02:00,Could this be a brute force attempt? Check the logs.
CONV01681,3,Nina,Omar,2026-09-01 13:03:00,The account may be compromised; I also found unusual access.
CONV01681,4,Omar,Nina,2026-09-01 13:04:00,Escalate this to incident response and preserve the evidence.
CONV01682,1,Sam,Riya,2026-09-02 13:08:00,The incident response drill starts at ten.
CONV01682,2,Riya,Sam,2026-09-02 13:09:00,I have the checklist ready.
CONV01682,3,Sam,Riya,2026-09-02 13:10:00,Please verify the firewall rule too.
CONV01682,4,Riya,Sam,2026-09-02 13:11:00,The configuration looks correct.
CONV01683,1,Alice,Bob,2026-09-03 13:15:00,I received a suspicious link asking me to verify your account.
CONV01683,2,Bob,Alice,2026-09-03 13:16:00,That could be a phishing link. Do not enter your login credentials.
CONV01683,3,Alice,Bob,2026-09-03 13:17:00,I already entered my password and now see an unauthorized login.
CONV01683,4,Bob,Alice,2026-09-03 13:18:00,"Change the password, enable MFA, and report the incident."
CONV01684,1,Ava,Noah,2026-09-04 13:22:00,Did the antivirus update finish?
CONV01684,2,Noah,Ava,2026-09-04 13:23:00,"Yes, the update completed this morning."
CONV01684,3,Ava,Noah,2026-09-04 13:24:00,"Great, please patch the server after lunch."
CONV01684,4,Noah,Ava,2026-09-04 13:25:00,I will confirm after the maintenance window.
CONV01685,1,Mia,Leo,2026-09-05 13:29:00,The security audit is scheduled for Friday.
CONV01685,2,Leo,Mia,2026-09-05 13:30:00,I have prepared the access review.
CONV01685,3,Mia,Leo,2026-09-05 13:31:00,Please include the backup status in the report.
CONV01685,4,Leo,Mia,2026-09-05 13:32:00,"Done, I will share it with the team."
CONV01686,1,Nina,Omar,2026-09-06 13:36:00,Several failed login attempts appeared on the admin account.
CONV01686,2,Omar,Nina,2026-09-06 13:37:00,Could this be a brute force attempt? Check the logs.
CONV01686,3,Nina,Omar,2026-09-06 13:38:00,The account may be compromised; I also found unusual access.
CONV01686,4,Omar,Nina,2026-09-06 13:39:00,Escalate this to incident response and preserve the evidence.
CONV01687,1,Alice,Bob,2026-09-07 13:43:00,I received a suspicious link asking me to verify your account.
CONV01687,2,Bob,Alice,2026-09-07 13:44:00,That could be a phishing link. Do not enter your login credentials.
CONV01687,3,Alice,Bob,2026-09-07 13:45:00,I already entered my password and now see an unauthorized login.
CONV01687,4,Bob,Alice,2026-09-07 13:46:00,"Change the password, enable MFA, and report the incident."
CONV01688,1,Sam,Riya,2026-09-08 13:50:00,The incident response drill starts at ten.
CONV01688,2,Riya,Sam,2026-09-08 13:51:00,I have the checklist ready.
CONV01688,3,Sam,Riya,2026-09-08 13:52:00,Please verify the firewall rule too.
CONV01688,4,Riya,Sam,2026-09-08 13:53:00,The configuration looks correct.
CONV01689,1,Mia,Leo,2026-09-09 13:57:00,The security audit is scheduled for Friday.
CONV01689,2,Leo,Mia,2026-09-09 13:58:00,I have prepared the access review.
CONV01689,3,Mia,Leo,2026-09-09 13:59:00,Please include the backup status in the report.
CONV01689,4,Leo,Mia,2026-09-09 14:00:00,"Done, I will share it with the team."
CONV01690,1,Nina,Omar,2026-09-10 14:04:00,Several failed login attempts appeared on the admin account.
CONV01690,2,Omar,Nina,2026-09-10 14:05:00,Could this be a brute force attempt? Check the logs.
CONV01690,3,Nina,Omar,2026-09-10 14:06:00,The account may be compromised; I also found unusual access.
CONV01690,4,Omar,Nina,2026-09-10 14:07:00,Escalate this to incident response and preserve the evidence.
CONV01691,1,Kai,Zoe,2026-09-11 14:11:00,The shared files are encrypted and there is a ransom note.
CONV01691,2,Zoe,Kai,2026-09-11 14:12:00,This may be ransomware. Disconnect the affected host.
CONV01691,3,Kai,Zoe,2026-09-11 14:13:00,We need to check backups and the scope of the data breach.
CONV01691,4,Zoe,Kai,2026-09-11 14:14:00,Notify the security team; do not pay or delete evidence.
CONV01692,1,Sam,Riya,2026-09-12 14:18:00,The incident response drill starts at ten.
CONV01692,2,Riya,Sam,2026-09-12 14:19:00,I have the checklist ready.
CONV01692,3,Sam,Riya,2026-09-12 14:20:00,Please verify the firewall rule too.
CONV01692,4,Riya,Sam,2026-09-12 14:21:00,The configuration looks correct.
CONV01693,1,Isha,Arun,2026-09-13 14:25:00,Did you enable multi-factor authentication?
CONV01693,2,Arun,Isha,2026-09-13 14:26:00,"Yes, MFA is enabled on my account."
CONV01693,3,Isha,Arun,2026-09-13 14:27:00,Thanks. The security patch is also available.
CONV01693,4,Arun,Isha,2026-09-13 14:28:00,I will install it today.
CONV01694,1,Ravi,Meera,2026-09-14 14:32:00,The application may be vulnerable to SQL injection.
CONV01694,2,Meera,Ravi,2026-09-14 14:33:00,"The security test also detected cross-site scripting, or XSS."
CONV01694,3,Ravi,Meera,2026-09-14 14:34:00,We should review the vulnerable query and injected script handling.
CONV01694,4,Meera,Ravi,2026-09-14 14:35:00,Log the findings and apply the approved fixes.
CONV01695,1,Ravi,Meera,2026-09-15 14:39:00,The application may be vulnerable to SQL injection.
CONV01695,2,Meera,Ravi,2026-09-15 14:40:00,"The security test also detected cross-site scripting, or XSS."
CONV01695,3,Ravi,Meera,2026-09-15 14:41:00,We should review the vulnerable query and injected script handling.
CONV01695,4,Meera,Ravi,2026-09-15 14:42:00,Log the findings and apply the approved fixes.
CONV01696,1,Dev,Priya,2026-09-16 14:46:00,A suspicious download was found on the workstation.
CONV01696,2,Priya,Dev,2026-09-16 14:47:00,The file may contain malware or a trojan.
CONV01696,3,Dev,Priya,2026-09-16 14:48:00,The endpoint alert also mentions a keylogger.
CONV01696,4,Priya,Dev,2026-09-16 14:49:00,Isolate the device and follow the incident response procedure.
CONV01697,1,Kai,Zoe,2026-09-17 14:53:00,The shared files are encrypted and there is a ransom note.
CONV01697,2,Zoe,Kai,2026-09-17 14:54:00,This may be ransomware. Disconnect the affected host.
CONV01697,3,Kai,Zoe,2026-09-17 14:55:00,We need to check backups and the scope of the data breach.
CONV01697,4,Zoe,Kai,2026-09-17 14:56:00,Notify the security team; do not pay or delete evidence.
CONV01698,1,Nina,Omar,2026-09-18 15:00:00,Several failed login attempts appeared on the admin account.
CONV01698,2,Omar,Nina,2026-09-18 15:01:00,Could this be a brute force attempt? Check the logs.
CONV01698,3,Nina,Omar,2026-09-18 15:02:00,The account may be compromised; I also found unusual access.
CONV01698,4,Omar,Nina,2026-09-18 15:03:00,Escalate this to incident response and preserve the evidence.
CONV01699,1,Ravi,Meera,2026-09-19 15:07:00,The application may be vulnerable to SQL injection.
CONV01699,2,Meera,Ravi,2026-09-19 15:08:00,"The security test also detected cross-site scripting, or XSS."
CONV01699,3,Ravi,Meera,2026-09-19 15:09:00,We should review the vulnerable query and injected script handling.
CONV01699,4,Meera,Ravi,2026-09-19 15:10:00,Log the findings and apply the approved fixes.
CONV01700,1,Ravi,Meera,2026-09-20 15:14:00,The application may be vulnerable to SQL injection.
CONV01700,2,Meera,Ravi,2026-09-20 15:15:00,"The security test also detected cross-site scripting, or XSS."
CONV01700,3,Ravi,Meera,2026-09-20 15:16:00,We should review the vulnerable query and injected script handling.
CONV01700,4,Meera,Ravi,2026-09-20 15:17:00,Log the findings and apply the approved fixes.
CONV01701,1,Ravi,Meera,2026-09-21 15:21:00,The application may be vulnerable to SQL injection.
CONV01701,2,Meera,Ravi,2026-09-21 15:22:00,"The security test also detected cross-site scripting, or XSS."
CONV01701,3,Ravi,Meera,2026-09-21 15:23:00,We should review the vulnerable query and injected script handling.
CONV01701,4,Meera,Ravi,2026-09-21 15:24:00,Log the findings and apply the approved fixes.
CONV01702,1,Sam,Riya,2026-09-22 15:28:00,The incident response drill starts at ten.
CONV01702,2,Riya,Sam,2026-09-22 15:29:00,I have the checklist ready.
CONV01702,3,Sam,Riya,2026-09-22 15:30:00,Please verify the firewall rule too.
CONV01702,4,Riya,Sam,2026-09-22 15:31:00,The configuration looks correct.
CONV01703,1,Maya,Ben,2026-09-23 15:35:00,The security alert says there was an unusual login.
CONV01703,2,Ben,Maya,2026-09-23 15:36:00,It may be a false alarm; MFA succeeded.
CONV01703,3,Maya,Ben,2026-09-23 15:37:00,"Still, there were repeated login attempts before it."
CONV01703,4,Ben,Maya,2026-09-23 15:38:00,Let's review the logs before deciding.
CONV01704,1,Sam,Riya,2026-09-24 15:42:00,The incident response drill starts at ten.
CONV01704,2,Riya,Sam,2026-09-24 15:43:00,I have the checklist ready.
CONV01704,3,Sam,Riya,2026-09-24 15:44:00,Please verify the firewall rule too.
CONV01704,4,Riya,Sam,2026-09-24 15:45:00,The configuration looks correct.
CONV01705,1,Tara,Neil,2026-09-25 15:49:00,The antivirus flagged a suspicious attachment.
CONV01705,2,Neil,Tara,2026-09-25 15:50:00,It was part of our malware-awareness training.
CONV01705,3,Tara,Neil,2026-09-25 15:51:00,"Okay, the security team confirmed it was a test."
CONV01705,4,Neil,Tara,2026-09-25 15:52:00,I will document the result.
CONV01706,1,Ravi,Meera,2026-09-26 15:56:00,The application may be vulnerable to SQL injection.
CONV01706,2,Meera,Ravi,2026-09-26 15:57:00,"The security test also detected cross-site scripting, or XSS."
CONV01706,3,Ravi,Meera,2026-09-26 15:58:00,We should review the vulnerable query and injected script handling.
CONV01706,4,Meera,Ravi,2026-09-26 15:59:00,Log the findings and apply the approved fixes.
CONV01707,1,Ravi,Meera,2026-09-27 16:03:00,The application may be vulnerable to SQL injection.
CONV01707,2,Meera,Ravi,2026-09-27 16:04:00,"The security test also detected cross-site scripting, or XSS."
CONV01707,3,Ravi,Meera,2026-09-27 16:05:00,We should review the vulnerable query and injected script handling.
CONV01707,4,Meera,Ravi,2026-09-27 16:06:00,Log the findings and apply the approved fixes.
CONV01708,1,Maya,Ben,2026-09-28 16:10:00,The security alert says there was an unusual login.
CONV01708,2,Ben,Maya,2026-09-28 16:11:00,It may be a false alarm; MFA succeeded.
CONV01708,3,Maya,Ben,2026-09-28 16:12:00,"Still, there were repeated login attempts before it."
CONV01708,4,Ben,Maya,2026-09-28 16:13:00,Let's review the logs before deciding.
CONV01709,1,Maya,Ben,2026-09-01 16:17:00,The security alert says there was an unusual login.
CONV01709,2,Ben,Maya,2026-09-01 16:18:00,It may be a false alarm; MFA succeeded.
CONV01709,3,Maya,Ben,2026-09-01 16:19:00,"Still, there were repeated login attempts before it."
CONV01709,4,Ben,Maya,2026-09-01 16:20:00,Let's review the logs before deciding.
CONV01710,1,Kai,Zoe,2026-09-02 16:24:00,The shared files are encrypted and there is a ransom note.
CONV01710,2,Zoe,Kai,2026-09-02 16:25:00,This may be ransomware. Disconnect the affected host.
CONV01710,3,Kai,Zoe,2026-09-02 16:26:00,We need to check backups and the scope of the data breach.
CONV01710,4,Zoe,Kai,2026-09-02 16:27:00,Notify the security team; do not pay or delete evidence.
CONV01711,1,Dev,Priya,2026-09-03 16:31:00,A suspicious download was found on the workstation.
CONV01711,2,Priya,Dev,2026-09-03 16:32:00,The file may contain malware or a trojan.
CONV01711,3,Dev,Priya,2026-09-03 16:33:00,The endpoint alert also mentions a keylogger.
CONV01711,4,Priya,Dev,2026-09-03 16:34:00,Isolate the device and follow the incident response procedure.
CONV01712,1,Ravi,Meera,2026-09-04 16:38:00,The application may be vulnerable to SQL injection.
CONV01712,2,Meera,Ravi,2026-09-04 16:39:00,"The security test also detected cross-site scripting, or XSS."
CONV01712,3,Ravi,Meera,2026-09-04 16:40:00,We should review the vulnerable query and injected script handling.
CONV01712,4,Meera,Ravi,2026-09-04 16:41:00,Log the findings and apply the approved fixes.
CONV01713,1,Tara,Neil,2026-09-05 16:45:00,The antivirus flagged a suspicious attachment.
CONV01713,2,Neil,Tara,2026-09-05 16:46:00,It was part of our malware-awareness training.
CONV01713,3,Tara,Neil,2026-09-05 16:47:00,"Okay, the security team confirmed it was a test."
CONV01713,4,Neil,Tara,2026-09-05 16:48:00,I will document the result.
CONV01714,1,Sam,Riya,2026-09-06 16:52:00,The incident response drill starts at ten.
CONV01714,2,Riya,Sam,2026-09-06 16:53:00,I have the checklist ready.
CONV01714,3,Sam,Riya,2026-09-06 16:54:00,Please verify the firewall rule too.
CONV01714,4,Riya,Sam,2026-09-06 16:55:00,The configuration looks correct.
CONV01715,1,Mia,Leo,2026-09-07 16:59:00,The security audit is scheduled for Friday.
CONV01715,2,Leo,Mia,2026-09-07 17:00:00,I have prepared the access review.
CONV01715,3,Mia,Leo,2026-09-07 17:01:00,Please include the backup status in the report.
CONV01715,4,Leo,Mia,2026-09-07 17:02:00,"Done, I will share it with the team."
CONV01716,1,Alice,Bob,2026-09-08 17:06:00,I received a suspicious link asking me to verify your account.
CONV01716,2,Bob,Alice,2026-09-08 17:07:00,That could be a phishing link. Do not enter your login credentials.
CONV01716,3,Alice,Bob,2026-09-08 17:08:00,I already entered my password and now see an unauthorized login.
CONV01716,4,Bob,Alice,2026-09-08 17:09:00,"Change the password, enable MFA, and report the incident."
CONV01717,1,Mia,Leo,2026-09-09 17:13:00,The security audit is scheduled for Friday.
CONV01717,2,Leo,Mia,2026-09-09 17:14:00,I have prepared the access review.
CONV01717,3,Mia,Leo,2026-09-09 17:15:00,Please include the backup status in the report.
CONV01717,4,Leo,Mia,2026-09-09 17:16:00,"Done, I will share it with the team."
CONV01718,1,Mia,Leo,2026-09-10 17:20:00,The security audit is scheduled for Friday.
CONV01718,2,Leo,Mia,2026-09-10 17:21:00,I have prepared the access review.
CONV01718,3,Mia,Leo,2026-09-10 17:22:00,Please include the backup status in the report.
CONV01718,4,Leo,Mia,2026-09-10 17:23:00,"Done, I will share it with the team."
CONV01719,1,Eli,June,2026-09-11 17:27:00,A contractor may have accessed confidential data without authorization.
CONV01719,2,June,Eli,2026-09-11 17:28:00,That could indicate an insider threat or data exfiltration.
CONV01719,3,Eli,June,2026-09-11 17:29:00,The audit shows an unusual access pattern.
CONV01719,4,June,Eli,2026-09-11 17:30:00,Preserve logs and send the case for human review.
CONV01720,1,Sam,Riya,2026-09-12 17:34:00,The incident response drill starts at ten.
CONV01720,2,Riya,Sam,2026-09-12 17:35:00,I have the checklist ready.
CONV01720,3,Sam,Riya,2026-09-12 17:36:00,Please verify the firewall rule too.
CONV01720,4,Riya,Sam,2026-09-12 17:37:00,The configuration looks correct.
CONV01721,1,Ava,Noah,2026-09-13 17:41:00,Did the antivirus update finish?
CONV01721,2,Noah,Ava,2026-09-13 17:42:00,"Yes, the update completed this morning."
CONV01721,3,Ava,Noah,2026-09-13 17:43:00,"Great, please patch the server after lunch."
CONV01721,4,Noah,Ava,2026-09-13 17:44:00,I will confirm after the maintenance window.
CONV01722,1,Alice,Bob,2026-09-14 17:48:00,I received a suspicious link asking me to verify your account.
CONV01722,2,Bob,Alice,2026-09-14 17:49:00,That could be a phishing link. Do not enter your login credentials.
CONV01722,3,Alice,Bob,2026-09-14 17:50:00,I already entered my password and now see an unauthorized login.
CONV01722,4,Bob,Alice,2026-09-14 17:51:00,"Change the password, enable MFA, and report the incident."
CONV01723,1,Sam,Riya,2026-09-15 17:55:00,The incident response drill starts at ten.
CONV01723,2,Riya,Sam,2026-09-15 17:56:00,I have the checklist ready.
CONV01723,3,Sam,Riya,2026-09-15 17:57:00,Please verify the firewall rule too.
CONV01723,4,Riya,Sam,2026-09-15 17:58:00,The configuration looks correct.
CONV01724,1,Dev,Priya,2026-09-16 18:02:00,A suspicious download was found on the workstation.
CONV01724,2,Priya,Dev,2026-09-16 18:03:00,The file may contain malware or a trojan.
CONV01724,3,Dev,Priya,2026-09-16 18:04:00,The endpoint alert also mentions a keylogger.
CONV01724,4,Priya,Dev,2026-09-16 18:05:00,Isolate the device and follow the incident response procedure.
CONV01725,1,Kai,Zoe,2026-09-17 18:09:00,The shared files are encrypted and there is a ransom note.
CONV01725,2,Zoe,Kai,2026-09-17 18:10:00,This may be ransomware. Disconnect the affected host.
CONV01725,3,Kai,Zoe,2026-09-17 18:11:00,We need to check backups and the scope of the data breach.
CONV01725,4,Zoe,Kai,2026-09-17 18:12:00,Notify the security team; do not pay or delete evidence.
CONV01726,1,Eli,June,2026-09-18 18:16:00,A contractor may have accessed confidential data without authorization.
CONV01726,2,June,Eli,2026-09-18 18:17:00,That could indicate an insider threat or data exfiltration.
CONV01726,3,Eli,June,2026-09-18 18:18:00,The audit shows an unusual access pattern.
CONV01726,4,June,Eli,2026-09-18 18:19:00,Preserve logs and send the case for human review.
CONV01727,1,Mia,Leo,2026-09-19 18:23:00,The security audit is scheduled for Friday.
CONV01727,2,Leo,Mia,2026-09-19 18:24:00,I have prepared the access review.
CONV01727,3,Mia,Leo,2026-09-19 18:25:00,Please include the backup status in the report.
CONV01727,4,Leo,Mia,2026-09-19 18:26:00,"Done, I will share it with the team."
CONV01728,1,Dev,Priya,2026-09-20 18:30:00,A suspicious download was found on the workstation.
CONV01728,2,Priya,Dev,2026-09-20 18:31:00,The file may contain malware or a trojan.
CONV01728,3,Dev,Priya,2026-09-20 18:32:00,The endpoint alert also mentions a keylogger.
CONV01728,4,Priya,Dev,2026-09-20 18:33:00,Isolate the device and follow the incident response procedure.
CONV01729,1,Dev,Priya,2026-09-21 18:37:00,A suspicious download was found on the workstation.
CONV01729,2,Priya,Dev,2026-09-21 18:38:00,The file may contain malware or a trojan.
CONV01729,3,Dev,Priya,2026-09-21 18:39:00,The endpoint alert also mentions a keylogger.
CONV01729,4,Priya,Dev,2026-09-21 18:40:00,Isolate the device and follow the incident response procedure.
CONV01730,1,Ava,Noah,2026-09-22 18:44:00,Did the antivirus update finish?
CONV01730,2,Noah,Ava,2026-09-22 18:45:00,"Yes, the update completed this morning."
CONV01730,3,Ava,Noah,2026-09-22 18:46:00,"Great, please patch the server after lunch."
CONV01730,4,Noah,Ava,2026-09-22 18:47:00,I will confirm after the maintenance window.
CONV01731,1,Sam,Riya,2026-09-23 18:51:00,The incident response drill starts at ten.
CONV01731,2,Riya,Sam,2026-09-23 18:52:00,I have the checklist ready.
CONV01731,3,Sam,Riya,2026-09-23 18:53:00,Please verify the firewall rule too.
CONV01731,4,Riya,Sam,2026-09-23 18:54:00,The configuration looks correct.
CONV01732,1,Eli,June,2026-09-24 18:58:00,A contractor may have accessed confidential data without authorization.
CONV01732,2,June,Eli,2026-09-24 18:59:00,That could indicate an insider threat or data exfiltration.
CONV01732,3,Eli,June,2026-09-24 19:00:00,The audit shows an unusual access pattern.
CONV01732,4,June,Eli,2026-09-24 19:01:00,Preserve logs and send the case for human review.
CONV01733,1,Sam,Riya,2026-09-25 19:05:00,The incident response drill starts at ten.
CONV01733,2,Riya,Sam,2026-09-25 19:06:00,I have the checklist ready.
CONV01733,3,Sam,Riya,2026-09-25 19:07:00,Please verify the firewall rule too.
CONV01733,4,Riya,Sam,2026-09-25 19:08:00,The configuration looks correct.
CONV01734,1,Tara,Neil,2026-09-26 19:12:00,The antivirus flagged a suspicious attachment.
CONV01734,2,Neil,Tara,2026-09-26 19:13:00,It was part of our malware-awareness training.
CONV01734,3,Tara,Neil,2026-09-26 19:14:00,"Okay, the security team confirmed it was a test."
CONV01734,4,Neil,Tara,2026-09-26 19:15:00,I will document the result.
CONV01735,1,Dev,Priya,2026-09-27 19:19:00,A suspicious download was found on the workstation.
CONV01735,2,Priya,Dev,2026-09-27 19:20:00,The file may contain malware or a trojan.
CONV01735,3,Dev,Priya,2026-09-27 19:21:00,The endpoint alert also mentions a keylogger.
CONV01735,4,Priya,Dev,2026-09-27 19:22:00,Isolate the device and follow the incident response procedure.
CONV01736,1,Alice,Bob,2026-09-28 19:26:00,I received a suspicious link asking me to verify your account.
CONV01736,2,Bob,Alice,2026-09-28 19:27:00,That could be a phishing link. Do not enter your login credentials.
CONV01736,3,Alice,Bob,2026-09-28 19:28:00,I already entered my password and now see an unauthorized login.
CONV01736,4,Bob,Alice,2026-09-28 19:29:00,"Change the password, enable MFA, and report the incident."
CONV01737,1,Dev,Priya,2026-09-01 19:33:00,A suspicious download was found on the workstation.
CONV01737,2,Priya,Dev,2026-09-01 19:34:00,The file may contain malware or a trojan.
CONV01737,3,Dev,Priya,2026-09-01 19:35:00,The endpoint alert also mentions a keylogger.
CONV01737,4,Priya,Dev,2026-09-01 19:36:00,Isolate the device and follow the incident response procedure.
CONV01738,1,Mia,Leo,2026-09-02 19:40:00,The security audit is scheduled for Friday.
CONV01738,2,Leo,Mia,2026-09-02 19:41:00,I have prepared the access review.
CONV01738,3,Mia,Leo,2026-09-02 19:42:00,Please include the backup status in the report.
CONV01738,4,Leo,Mia,2026-09-02 19:43:00,"Done, I will share it with the team."
CONV01739,1,Ava,Noah,2026-09-03 19:47:00,Did the antivirus update finish?
CONV01739,2,Noah,Ava,2026-09-03 19:48:00,"Yes, the update completed this morning."
CONV01739,3,Ava,Noah,2026-09-03 19:49:00,"Great, please patch the server after lunch."
CONV01739,4,Noah,Ava,2026-09-03 19:50:00,I will confirm after the maintenance window.
CONV01740,1,Isha,Arun,2026-09-04 19:54:00,Did you enable multi-factor authentication?
CONV01740,2,Arun,Isha,2026-09-04 19:55:00,"Yes, MFA is enabled on my account."
CONV01740,3,Isha,Arun,2026-09-04 19:56:00,Thanks. The security patch is also available.
CONV01740,4,Arun,Isha,2026-09-04 19:57:00,I will install it today.
CONV01741,1,Dev,Priya,2026-09-05 20:01:00,A suspicious download was found on the workstation.
CONV01741,2,Priya,Dev,2026-09-05 20:02:00,The file may contain malware or a trojan.
CONV01741,3,Dev,Priya,2026-09-05 20:03:00,The endpoint alert also mentions a keylogger.
CONV01741,4,Priya,Dev,2026-09-05 20:04:00,Isolate the device and follow the incident response procedure.
CONV01742,1,Isha,Arun,2026-09-06 20:08:00,Did you enable multi-factor authentication?
CONV01742,2,Arun,Isha,2026-09-06 20:09:00,"Yes, MFA is enabled on my account."
CONV01742,3,Isha,Arun,2026-09-06 20:10:00,Thanks. The security patch is also available.
CONV01742,4,Arun,Isha,2026-09-06 20:11:00,I will install it today.
CONV01743,1,Maya,Ben,2026-09-07 20:15:00,The security alert says there was an unusual login.
CONV01743,2,Ben,Maya,2026-09-07 20:16:00,It may be a false alarm; MFA succeeded.
CONV01743,3,Maya,Ben,2026-09-07 20:17:00,"Still, there were repeated login attempts before it."
CONV01743,4,Ben,Maya,2026-09-07 20:18:00,Let's review the logs before deciding.
CONV01744,1,Ava,Noah,2026-09-08 20:22:00,Did the antivirus update finish?
CONV01744,2,Noah,Ava,2026-09-08 20:23:00,"Yes, the update completed this morning."
CONV01744,3,Ava,Noah,2026-09-08 20:24:00,"Great, please patch the server after lunch."
CONV01744,4,Noah,Ava,2026-09-08 20:25:00,I will confirm after the maintenance window.
CONV01745,1,Isha,Arun,2026-09-09 20:29:00,Did you enable multi-factor authentication?
CONV01745,2,Arun,Isha,2026-09-09 20:30:00,"Yes, MFA is enabled on my account."
CONV01745,3,Isha,Arun,2026-09-09 20:31:00,Thanks. The security patch is also available.
CONV01745,4,Arun,Isha,2026-09-09 20:32:00,I will install it today.
CONV01746,1,Isha,Arun,2026-09-10 20:36:00,Did you enable multi-factor authentication?
CONV01746,2,Arun,Isha,2026-09-10 20:37:00,"Yes, MFA is enabled on my account."
CONV01746,3,Isha,Arun,2026-09-10 20:38:00,Thanks. The security patch is also available.
CONV01746,4,Arun,Isha,2026-09-10 20:39:00,I will install it today.
CONV01747,1,Isha,Arun,2026-09-11 20:43:00,Did you enable multi-factor authentication?
CONV01747,2,Arun,Isha,2026-09-11 20:44:00,"Yes, MFA is enabled on my account."
CONV01747,3,Isha,Arun,2026-09-11 20:45:00,Thanks. The security patch is also available.
CONV01747,4,Arun,Isha,2026-09-11 20:46:00,I will install it today.
CONV01748,1,Nina,Omar,2026-09-12 20:50:00,Several failed login attempts appeared on the admin account.
CONV01748,2,Omar,Nina,2026-09-12 20:51:00,Could this be a brute force attempt? Check the logs.
CONV01748,3,Nina,Omar,2026-09-12 20:52:00,The account may be compromised; I also found unusual access.
CONV01748,4,Omar,Nina,2026-09-12 20:53:00,Escalate this to incident response and preserve the evidence.
CONV01749,1,Kai,Zoe,2026-09-13 20:57:00,The shared files are encrypted and there is a ransom note.
CONV01749,2,Zoe,Kai,2026-09-13 20:58:00,This may be ransomware. Disconnect the affected host.
CONV01749,3,Kai,Zoe,2026-09-13 20:59:00,We need to check backups and the scope of the data breach.
CONV01749,4,Zoe,Kai,2026-09-13 21:00:00,Notify the security team; do not pay or delete evidence.
CONV01750,1,Ravi,Meera,2026-09-14 21:04:00,The application may be vulnerable to SQL injection.
CONV01750,2,Meera,Ravi,2026-09-14 21:05:00,"The security test also detected cross-site scripting, or XSS."
CONV01750,3,Ravi,Meera,2026-09-14 21:06:00,We should review the vulnerable query and injected script handling.
CONV01750,4,Meera,Ravi,2026-09-14 21:07:00,Log the findings and apply the approved fixes.
CONV01751,1,Sam,Riya,2026-09-15 21:11:00,The incident response drill starts at ten.
CONV01751,2,Riya,Sam,2026-09-15 21:12:00,I have the checklist ready.
CONV01751,3,Sam,Riya,2026-09-15 21:13:00,Please verify the firewall rule too.
CONV01751,4,Riya,Sam,2026-09-15 21:14:00,The configuration looks correct.
CONV01752,1,Dev,Priya,2026-09-16 21:18:00,A suspicious download was found on the workstation.
CONV01752,2,Priya,Dev,2026-09-16 21:19:00,The file may contain malware or a trojan.
CONV01752,3,Dev,Priya,2026-09-16 21:20:00,The endpoint alert also mentions a keylogger.
CONV01752,4,Priya,Dev,2026-09-16 21:21:00,Isolate the device and follow the incident response procedure.
CONV01753,1,Isha,Arun,2026-09-17 21:25:00,Did you enable multi-factor authentication?
CONV01753,2,Arun,Isha,2026-09-17 21:26:00,"Yes, MFA is enabled on my account."
CONV01753,3,Isha,Arun,2026-09-17 21:27:00,Thanks. The security patch is also available.
CONV01753,4,Arun,Isha,2026-09-17 21:28:00,I will install it today.
CONV01754,1,Ravi,Meera,2026-09-18 21:32:00,The application may be vulnerable to SQL injection.
CONV01754,2,Meera,Ravi,2026-09-18 21:33:00,"The security test also detected cross-site scripting, or XSS."
CONV01754,3,Ravi,Meera,2026-09-18 21:34:00,We should review the vulnerable query and injected script handling.
CONV01754,4,Meera,Ravi,2026-09-18 21:35:00,Log the findings and apply the approved fixes.
CONV01755,1,Ravi,Meera,2026-09-19 21:39:00,The application may be vulnerable to SQL injection.
CONV01755,2,Meera,Ravi,2026-09-19 21:40:00,"The security test also detected cross-site scripting, or XSS."
CONV01755,3,Ravi,Meera,2026-09-19 21:41:00,We should review the vulnerable query and injected script handling.
CONV01755,4,Meera,Ravi,2026-09-19 21:42:00,Log the findings and apply the approved fixes.
CONV01756,1,Nina,Omar,2026-09-20 21:46:00,Several failed login attempts appeared on the admin account.
CONV01756,2,Omar,Nina,2026-09-20 21:47:00,Could this be a brute force attempt? Check the logs.
CONV01756,3,Nina,Omar,2026-09-20 21:48:00,The account may be compromised; I also found unusual access.
CONV01756,4,Omar,Nina,2026-09-20 21:49:00,Escalate this to incident response and preserve the evidence.
CONV01757,1,Tara,Neil,2026-09-21 21:53:00,The antivirus flagged a suspicious attachment.
CONV01757,2,Neil,Tara,2026-09-21 21:54:00,It was part of our malware-awareness training.
CONV01757,3,Tara,Neil,2026-09-21 21:55:00,"Okay, the security team confirmed it was a test."
CONV01757,4,Neil,Tara,2026-09-21 21:56:00,I will document the result.
CONV01758,1,Eli,June,2026-09-22 22:00:00,A contractor may have accessed confidential data without authorization.
CONV01758,2,June,Eli,2026-09-22 22:01:00,That could indicate an insider threat or data exfiltration.
CONV01758,3,Eli,June,2026-09-22 22:02:00,The audit shows an unusual access pattern.
CONV01758,4,June,Eli,2026-09-22 22:03:00,Preserve logs and send the case for human review.
CONV01759,1,Mia,Leo,2026-09-23 22:07:00,The security audit is scheduled for Friday.
CONV01759,2,Leo,Mia,2026-09-23 22:08:00,I have prepared the access review.
CONV01759,3,Mia,Leo,2026-09-23 22:09:00,Please include the backup status in the report.
CONV01759,4,Leo,Mia,2026-09-23 22:10:00,"Done, I will share it with the team."
CONV01760,1,Kai,Zoe,2026-09-24 22:14:00,The shared files are encrypted and there is a ransom note.
CONV01760,2,Zoe,Kai,2026-09-24 22:15:00,This may be ransomware. Disconnect the affected host.
CONV01760,3,Kai,Zoe,2026-09-24 22:16:00,We need to check backups and the scope of the data breach.
CONV01760,4,Zoe,Kai,2026-09-24 22:17:00,Notify the security team; do not pay or delete evidence.
CONV01761,1,Nina,Omar,2026-09-25 22:21:00,Several failed login attempts appeared on the admin account.
CONV01761,2,Omar,Nina,2026-09-25 22:22:00,Could this be a brute force attempt? Check the logs.
CONV01761,3,Nina,Omar,2026-09-25 22:23:00,The account may be compromised; I also found unusual access.
CONV01761,4,Omar,Nina,2026-09-25 22:24:00,Escalate this to incident response and preserve the evidence.
CONV01762,1,Nina,Omar,2026-09-26 22:28:00,Several failed login attempts appeared on the admin account.
CONV01762,2,Omar,Nina,2026-09-26 22:29:00,Could this be a brute force attempt? Check the logs.
CONV01762,3,Nina,Omar,2026-09-26 22:30:00,The account may be compromised; I also found unusual access.
CONV01762,4,Omar,Nina,2026-09-26 22:31:00,Escalate this to incident response and preserve the evidence.
CONV01763,1,Sam,Riya,2026-09-27 22:35:00,The incident response drill starts at ten.
CONV01763,2,Riya,Sam,2026-09-27 22:36:00,I have the checklist ready.
CONV01763,3,Sam,Riya,2026-09-27 22:37:00,Please verify the firewall rule too.
CONV01763,4,Riya,Sam,2026-09-27 22:38:00,The configuration looks correct.
CONV01764,1,Isha,Arun,2026-09-28 22:42:00,Did you enable multi-factor authentication?
CONV01764,2,Arun,Isha,2026-09-28 22:43:00,"Yes, MFA is enabled on my account."
CONV01764,3,Isha,Arun,2026-09-28 22:44:00,Thanks. The security patch is also available.
CONV01764,4,Arun,Isha,2026-09-28 22:45:00,I will install it today.
CONV01765,1,Ava,Noah,2026-09-01 22:49:00,Did the antivirus update finish?
CONV01765,2,Noah,Ava,2026-09-01 22:50:00,"Yes, the update completed this morning."
CONV01765,3,Ava,Noah,2026-09-01 22:51:00,"Great, please patch the server after lunch."
CONV01765,4,Noah,Ava,2026-09-01 22:52:00,I will confirm after the maintenance window.
CONV01766,1,Mia,Leo,2026-09-02 22:56:00,The security audit is scheduled for Friday.
CONV01766,2,Leo,Mia,2026-09-02 22:57:00,I have prepared the access review.
CONV01766,3,Mia,Leo,2026-09-02 22:58:00,Please include the backup status in the report.
CONV01766,4,Leo,Mia,2026-09-02 22:59:00,"Done, I will share it with the team."
CONV01767,1,Maya,Ben,2026-09-03 23:03:00,The security alert says there was an unusual login.
CONV01767,2,Ben,Maya,2026-09-03 23:04:00,It may be a false alarm; MFA succeeded.
CONV01767,3,Maya,Ben,2026-09-03 23:05:00,"Still, there were repeated login attempts before it."
CONV01767,4,Ben,Maya,2026-09-03 23:06:00,Let's review the logs before deciding.
CONV01768,1,Sam,Riya,2026-09-04 23:10:00,The incident response drill starts at ten.
CONV01768,2,Riya,Sam,2026-09-04 23:11:00,I have the checklist ready.
CONV01768,3,Sam,Riya,2026-09-04 23:12:00,Please verify the firewall rule too.
CONV01768,4,Riya,Sam,2026-09-04 23:13:00,The configuration looks correct.
CONV01769,1,Kai,Zoe,2026-09-05 23:17:00,The shared files are encrypted and there is a ransom note.
CONV01769,2,Zoe,Kai,2026-09-05 23:18:00,This may be ransomware. Disconnect the affected host.
CONV01769,3,Kai,Zoe,2026-09-05 23:19:00,We need to check backups and the scope of the data breach.
CONV01769,4,Zoe,Kai,2026-09-05 23:20:00,Notify the security team; do not pay or delete evidence.
CONV01770,1,Mia,Leo,2026-09-06 23:24:00,The security audit is scheduled for Friday.
CONV01770,2,Leo,Mia,2026-09-06 23:25:00,I have prepared the access review.
CONV01770,3,Mia,Leo,2026-09-06 23:26:00,Please include the backup status in the report.
CONV01770,4,Leo,Mia,2026-09-06 23:27:00,"Done, I will share it with the team."
CONV01771,1,Isha,Arun,2026-09-07 23:31:00,Did you enable multi-factor authentication?
CONV01771,2,Arun,Isha,2026-09-07 23:32:00,"Yes, MFA is enabled on my account."
CONV01771,3,Isha,Arun,2026-09-07 23:33:00,Thanks. The security patch is also available.
CONV01771,4,Arun,Isha,2026-09-07 23:34:00,I will install it today.
CONV01772,1,Sam,Riya,2026-09-08 23:38:00,The incident response drill starts at ten.
CONV01772,2,Riya,Sam,2026-09-08 23:39:00,I have the checklist ready.
CONV01772,3,Sam,Riya,2026-09-08 23:40:00,Please verify the firewall rule too.
CONV01772,4,Riya,Sam,2026-09-08 23:41:00,The configuration looks correct.
CONV01773,1,Isha,Arun,2026-09-09 23:45:00,Did you enable multi-factor authentication?
CONV01773,2,Arun,Isha,2026-09-09 23:46:00,"Yes, MFA is enabled on my account."
CONV01773,3,Isha,Arun,2026-09-09 23:47:00,Thanks. The security patch is also available.
CONV01773,4,Arun,Isha,2026-09-09 23:48:00,I will install it today.
CONV01774,1,Isha,Arun,2026-09-10 23:52:00,Did you enable multi-factor authentication?
CONV01774,2,Arun,Isha,2026-09-10 23:53:00,"Yes, MFA is enabled on my account."
CONV01774,3,Isha,Arun,2026-09-10 23:54:00,Thanks. The security patch is also available.
CONV01774,4,Arun,Isha,2026-09-10 23:55:00,I will install it today.
CONV01775,1,Ravi,Meera,2026-09-11 23:59:00,The application may be vulnerable to SQL injection.
CONV01775,2,Meera,Ravi,2026-09-11 00:00:00,"The security test also detected cross-site scripting, or XSS."
CONV01775,3,Ravi,Meera,2026-09-11 00:01:00,We should review the vulnerable query and injected script handling.
CONV01775,4,Meera,Ravi,2026-09-11 00:02:00,Log the findings and apply the approved fixes.
CONV01776,1,Isha,Arun,2026-09-12 00:06:00,Did you enable multi-factor authentication?
CONV01776,2,Arun,Isha,2026-09-12 00:07:00,"Yes, MFA is enabled on my account."
CONV01776,3,Isha,Arun,2026-09-12 00:08:00,Thanks. The security patch is also available.
CONV01776,4,Arun,Isha,2026-09-12 00:09:00,I will install it today.
CONV01777,1,Dev,Priya,2026-09-13 00:13:00,A suspicious download was found on the workstation.
CONV01777,2,Priya,Dev,2026-09-13 00:14:00,The file may contain malware or a trojan.
CONV01777,3,Dev,Priya,2026-09-13 00:15:00,The endpoint alert also mentions a keylogger.
CONV01777,4,Priya,Dev,2026-09-13 00:16:00,Isolate the device and follow the incident response procedure.
CONV01778,1,Eli,June,2026-09-14 00:20:00,A contractor may have accessed confidential data without authorization.
CONV01778,2,June,Eli,2026-09-14 00:21:00,That could indicate an insider threat or data exfiltration.
CONV01778,3,Eli,June,2026-09-14 00:22:00,The audit shows an unusual access pattern.
CONV01778,4,June,Eli,2026-09-14 00:23:00,Preserve logs and send the case for human review.
CONV01779,1,Mia,Leo,2026-09-15 00:27:00,The security audit is scheduled for Friday.
CONV01779,2,Leo,Mia,2026-09-15 00:28:00,I have prepared the access review.
CONV01779,3,Mia,Leo,2026-09-15 00:29:00,Please include the backup status in the report.
CONV01779,4,Leo,Mia,2026-09-15 00:30:00,"Done, I will share it with the team."
CONV01780,1,Sam,Riya,2026-09-16 00:34:00,The incident response drill starts at ten.
CONV01780,2,Riya,Sam,2026-09-16 00:35:00,I have the checklist ready.
CONV01780,3,Sam,Riya,2026-09-16 00:36:00,Please verify the firewall rule too.
CONV01780,4,Riya,Sam,2026-09-16 00:37:00,The configuration looks correct.
CONV01781,1,Nina,Omar,2026-09-17 00:41:00,Several failed login attempts appeared on the admin account.
CONV01781,2,Omar,Nina,2026-09-17 00:42:00,Could this be a brute force attempt? Check the logs.
CONV01781,3,Nina,Omar,2026-09-17 00:43:00,The account may be compromised; I also found unusual access.
CONV01781,4,Omar,Nina,2026-09-17 00:44:00,Escalate this to incident response and preserve the evidence.
CONV01782,1,Ravi,Meera,2026-09-18 00:48:00,The application may be vulnerable to SQL injection.
CONV01782,2,Meera,Ravi,2026-09-18 00:49:00,"The security test also detected cross-site scripting, or XSS."
CONV01782,3,Ravi,Meera,2026-09-18 00:50:00,We should review the vulnerable query and injected script handling.
CONV01782,4,Meera,Ravi,2026-09-18 00:51:00,Log the findings and apply the approved fixes.
CONV01783,1,Alice,Bob,2026-09-19 00:55:00,I received a suspicious link asking me to verify your account.
CONV01783,2,Bob,Alice,2026-09-19 00:56:00,That could be a phishing link. Do not enter your login credentials.
CONV01783,3,Alice,Bob,2026-09-19 00:57:00,I already entered my password and now see an unauthorized login.
CONV01783,4,Bob,Alice,2026-09-19 00:58:00,"Change the password, enable MFA, and report the incident."
CONV01784,1,Dev,Priya,2026-09-20 01:02:00,A suspicious download was found on the workstation.
CONV01784,2,Priya,Dev,2026-09-20 01:03:00,The file may contain malware or a trojan.
CONV01784,3,Dev,Priya,2026-09-20 01:04:00,The endpoint alert also mentions a keylogger.
CONV01784,4,Priya,Dev,2026-09-20 01:05:00,Isolate the device and follow the incident response procedure.
CONV01785,1,Ava,Noah,2026-09-21 01:09:00,Did the antivirus update finish?
CONV01785,2,Noah,Ava,2026-09-21 01:10:00,"Yes, the update completed this morning."
CONV01785,3,Ava,Noah,2026-09-21 01:11:00,"Great, please patch the server after lunch."
CONV01785,4,Noah,Ava,2026-09-21 01:12:00,I will confirm after the maintenance window.
CONV01786,1,Dev,Priya,2026-09-22 01:16:00,A suspicious download was found on the workstation.
CONV01786,2,Priya,Dev,2026-09-22 01:17:00,The file may contain malware or a trojan.
CONV01786,3,Dev,Priya,2026-09-22 01:18:00,The endpoint alert also mentions a keylogger.
CONV01786,4,Priya,Dev,2026-09-22 01:19:00,Isolate the device and follow the incident response procedure.
CONV01787,1,Dev,Priya,2026-09-23 01:23:00,A suspicious download was found on the workstation.
CONV01787,2,Priya,Dev,2026-09-23 01:24:00,The file may contain malware or a trojan.
CONV01787,3,Dev,Priya,2026-09-23 01:25:00,The endpoint alert also mentions a keylogger.
CONV01787,4,Priya,Dev,2026-09-23 01:26:00,Isolate the device and follow the incident response procedure.
CONV01788,1,Ava,Noah,2026-09-24 01:30:00,Did the antivirus update finish?
CONV01788,2,Noah,Ava,2026-09-24 01:31:00,"Yes, the update completed this morning."
CONV01788,3,Ava,Noah,2026-09-24 01:32:00,"Great, please patch the server after lunch."
CONV01788,4,Noah,Ava,2026-09-24 01:33:00,I will confirm after the maintenance window.
CONV01789,1,Alice,Bob,2026-09-25 01:37:00,I received a suspicious link asking me to verify your account.
CONV01789,2,Bob,Alice,2026-09-25 01:38:00,That could be a phishing link. Do not enter your login credentials.
CONV01789,3,Alice,Bob,2026-09-25 01:39:00,I already entered my password and now see an unauthorized login.
CONV01789,4,Bob,Alice,2026-09-25 01:40:00,"Change the password, enable MFA, and report the incident."
CONV01790,1,Ravi,Meera,2026-09-26 01:44:00,The application may be vulnerable to SQL injection.
CONV01790,2,Meera,Ravi,2026-09-26 01:45:00,"The security test also detected cross-site scripting, or XSS."
CONV01790,3,Ravi,Meera,2026-09-26 01:46:00,We should review the vulnerable query and injected script handling.
CONV01790,4,Meera,Ravi,2026-09-26 01:47:00,Log the findings and apply the approved fixes.
CONV01791,1,Alice,Bob,2026-09-27 01:51:00,I received a suspicious link asking me to verify your account.
CONV01791,2,Bob,Alice,2026-09-27 01:52:00,That could be a phishing link. Do not enter your login credentials.
CONV01791,3,Alice,Bob,2026-09-27 01:53:00,I already entered my password and now see an unauthorized login.
CONV01791,4,Bob,Alice,2026-09-27 01:54:00,"Change the password, enable MFA, and report the incident."
CONV01792,1,Maya,Ben,2026-09-28 01:58:00,The security alert says there was an unusual login.
CONV01792,2,Ben,Maya,2026-09-28 01:59:00,It may be a false alarm; MFA succeeded.
CONV01792,3,Maya,Ben,2026-09-28 02:00:00,"Still, there were repeated login attempts before it."
CONV01792,4,Ben,Maya,2026-09-28 02:01:00,Let's review the logs before deciding.
CONV01793,1,Ava,Noah,2026-09-01 02:05:00,Did the antivirus update finish?
CONV01793,2,Noah,Ava,2026-09-01 02:06:00,"Yes, the update completed this morning."
CONV01793,3,Ava,Noah,2026-09-01 02:07:00,"Great, please patch the server after lunch."
CONV01793,4,Noah,Ava,2026-09-01 02:08:00,I will confirm after the maintenance window.
CONV01794,1,Isha,Arun,2026-09-02 02:12:00,Did you enable multi-factor authentication?
CONV01794,2,Arun,Isha,2026-09-02 02:13:00,"Yes, MFA is enabled on my account."
CONV01794,3,Isha,Arun,2026-09-02 02:14:00,Thanks. The security patch is also available.
CONV01794,4,Arun,Isha,2026-09-02 02:15:00,I will install it today.
CONV01795,1,Eli,June,2026-09-03 02:19:00,A contractor may have accessed confidential data without authorization.
CONV01795,2,June,Eli,2026-09-03 02:20:00,That could indicate an insider threat or data exfiltration.
CONV01795,3,Eli,June,2026-09-03 02:21:00,The audit shows an unusual access pattern.
CONV01795,4,June,Eli,2026-09-03 02:22:00,Preserve logs and send the case for human review.
CONV01796,1,Ava,Noah,2026-09-04 02:26:00,Did the antivirus update finish?
CONV01796,2,Noah,Ava,2026-09-04 02:27:00,"Yes, the update completed this morning."
CONV01796,3,Ava,Noah,2026-09-04 02:28:00,"Great, please patch the server after lunch."
CONV01796,4,Noah,Ava,2026-09-04 02:29:00,I will confirm after the maintenance window.
CONV01797,1,Sam,Riya,2026-09-05 02:33:00,The incident response drill starts at ten.
CONV01797,2,Riya,Sam,2026-09-05 02:34:00,I have the checklist ready.
CONV01797,3,Sam,Riya,2026-09-05 02:35:00,Please verify the firewall rule too.
CONV01797,4,Riya,Sam,2026-09-05 02:36:00,The configuration looks correct.
CONV01798,1,Eli,June,2026-09-06 02:40:00,A contractor may have accessed confidential data without authorization.
CONV01798,2,June,Eli,2026-09-06 02:41:00,That could indicate an insider threat or data exfiltration.
CONV01798,3,Eli,June,2026-09-06 02:42:00,The audit shows an unusual access pattern.
CONV01798,4,June,Eli,2026-09-06 02:43:00,Preserve logs and send the case for human review.
CONV01799,1,Maya,Ben,2026-09-07 02:47:00,The security alert says there was an unusual login.
CONV01799,2,Ben,Maya,2026-09-07 02:48:00,It may be a false alarm; MFA succeeded.
CONV01799,3,Maya,Ben,2026-09-07 02:49:00,"Still, there were repeated login attempts before it."
CONV01799,4,Ben,Maya,2026-09-07 02:50:00,Let's review the logs before deciding.
CONV01800,1,Maya,Ben,2026-09-08 02:54:00,The security alert says there was an unusual login.
CONV01800,2,Ben,Maya,2026-09-08 02:55:00,It may be a false alarm; MFA succeeded.
CONV01800,3,Maya,Ben,2026-09-08 02:56:00,"Still, there were repeated login attempts before it."
CONV01800,4,Ben,Maya,2026-09-08 02:57:00,Let's review the logs before deciding.
CONV01801,1,Kai,Zoe,2026-09-09 03:01:00,The shared files are encrypted and there is a ransom note.
CONV01801,2,Zoe,Kai,2026-09-09 03:02:00,This may be ransomware. Disconnect the affected host.
CONV01801,3,Kai,Zoe,2026-09-09 03:03:00,We need to check backups and the scope of the data breach.
CONV01801,4,Zoe,Kai,2026-09-09 03:04:00,Notify the security team; do not pay or delete evidence.
CONV01802,1,Sam,Riya,2026-09-10 03:08:00,The incident response drill starts at ten.
CONV01802,2,Riya,Sam,2026-09-10 03:09:00,I have the checklist ready.
CONV01802,3,Sam,Riya,2026-09-10 03:10:00,Please verify the firewall rule too.
CONV01802,4,Riya,Sam,2026-09-10 03:11:00,The configuration looks correct.
CONV01803,1,Eli,June,2026-09-11 03:15:00,A contractor may have accessed confidential data without authorization.
CONV01803,2,June,Eli,2026-09-11 03:16:00,That could indicate an insider threat or data exfiltration.
CONV01803,3,Eli,June,2026-09-11 03:17:00,The audit shows an unusual access pattern.
CONV01803,4,June,Eli,2026-09-11 03:18:00,Preserve logs and send the case for human review.
CONV01804,1,Tara,Neil,2026-09-12 03:22:00,The antivirus flagged a suspicious attachment.
CONV01804,2,Neil,Tara,2026-09-12 03:23:00,It was part of our malware-awareness training.
CONV01804,3,Tara,Neil,2026-09-12 03:24:00,"Okay, the security team confirmed it was a test."
CONV01804,4,Neil,Tara,2026-09-12 03:25:00,I will document the result.
CONV01805,1,Ava,Noah,2026-09-13 03:29:00,Did the antivirus update finish?
CONV01805,2,Noah,Ava,2026-09-13 03:30:00,"Yes, the update completed this morning."
CONV01805,3,Ava,Noah,2026-09-13 03:31:00,"Great, please patch the server after lunch."
CONV01805,4,Noah,Ava,2026-09-13 03:32:00,I will confirm after the maintenance window.
CONV01806,1,Kai,Zoe,2026-09-14 03:36:00,The shared files are encrypted and there is a ransom note.
CONV01806,2,Zoe,Kai,2026-09-14 03:37:00,This may be ransomware. Disconnect the affected host.
CONV01806,3,Kai,Zoe,2026-09-14 03:38:00,We need to check backups and the scope of the data breach.
CONV01806,4,Zoe,Kai,2026-09-14 03:39:00,Notify the security team; do not pay or delete evidence.
CONV01807,1,Sam,Riya,2026-09-15 03:43:00,The incident response drill starts at ten.
CONV01807,2,Riya,Sam,2026-09-15 03:44:00,I have the checklist ready.
CONV01807,3,Sam,Riya,2026-09-15 03:45:00,Please verify the firewall rule too.
CONV01807,4,Riya,Sam,2026-09-15 03:46:00,The configuration looks correct.
CONV01808,1,Eli,June,2026-09-16 03:50:00,A contractor may have accessed confidential data without authorization.
CONV01808,2,June,Eli,2026-09-16 03:51:00,That could indicate an insider threat or data exfiltration.
CONV01808,3,Eli,June,2026-09-16 03:52:00,The audit shows an unusual access pattern.
CONV01808,4,June,Eli,2026-09-16 03:53:00,Preserve logs and send the case for human review.
CONV01809,1,Dev,Priya,2026-09-17 03:57:00,A suspicious download was found on the workstation.
CONV01809,2,Priya,Dev,2026-09-17 03:58:00,The file may contain malware or a trojan.
CONV01809,3,Dev,Priya,2026-09-17 03:59:00,The endpoint alert also mentions a keylogger.
CONV01809,4,Priya,Dev,2026-09-17 04:00:00,Isolate the device and follow the incident response procedure.
CONV01810,1,Dev,Priya,2026-09-18 04:04:00,A suspicious download was found on the workstation.
CONV01810,2,Priya,Dev,2026-09-18 04:05:00,The file may contain malware or a trojan.
CONV01810,3,Dev,Priya,2026-09-18 04:06:00,The endpoint alert also mentions a keylogger.
CONV01810,4,Priya,Dev,2026-09-18 04:07:00,Isolate the device and follow the incident response procedure.
CONV01811,1,Ava,Noah,2026-09-19 04:11:00,Did the antivirus update finish?
CONV01811,2,Noah,Ava,2026-09-19 04:12:00,"Yes, the update completed this morning."
CONV01811,3,Ava,Noah,2026-09-19 04:13:00,"Great, please patch the server after lunch."
CONV01811,4,Noah,Ava,2026-09-19 04:14:00,I will confirm after the maintenance window.
CONV01812,1,Sam,Riya,2026-09-20 04:18:00,The incident response drill starts at ten.
CONV01812,2,Riya,Sam,2026-09-20 04:19:00,I have the checklist ready.
CONV01812,3,Sam,Riya,2026-09-20 04:20:00,Please verify the firewall rule too.
CONV01812,4,Riya,Sam,2026-09-20 04:21:00,The configuration looks correct.
CONV01813,1,Alice,Bob,2026-09-21 04:25:00,I received a suspicious link asking me to verify your account.
CONV01813,2,Bob,Alice,2026-09-21 04:26:00,That could be a phishing link. Do not enter your login credentials.
CONV01813,3,Alice,Bob,2026-09-21 04:27:00,I already entered my password and now see an unauthorized login.
CONV01813,4,Bob,Alice,2026-09-21 04:28:00,"Change the password, enable MFA, and report the incident."
CONV01814,1,Eli,June,2026-09-22 04:32:00,A contractor may have accessed confidential data without authorization.
CONV01814,2,June,Eli,2026-09-22 04:33:00,That could indicate an insider threat or data exfiltration.
CONV01814,3,Eli,June,2026-09-22 04:34:00,The audit shows an unusual access pattern.
CONV01814,4,June,Eli,2026-09-22 04:35:00,Preserve logs and send the case for human review.
CONV01815,1,Nina,Omar,2026-09-23 04:39:00,Several failed login attempts appeared on the admin account.
CONV01815,2,Omar,Nina,2026-09-23 04:40:00,Could this be a brute force attempt? Check the logs.
CONV01815,3,Nina,Omar,2026-09-23 04:41:00,The account may be compromised; I also found unusual access.
CONV01815,4,Omar,Nina,2026-09-23 04:42:00,Escalate this to incident response and preserve the evidence.
CONV01816,1,Ravi,Meera,2026-09-24 04:46:00,The application may be vulnerable to SQL injection.
CONV01816,2,Meera,Ravi,2026-09-24 04:47:00,"The security test also detected cross-site scripting, or XSS."
CONV01816,3,Ravi,Meera,2026-09-24 04:48:00,We should review the vulnerable query and injected script handling.
CONV01816,4,Meera,Ravi,2026-09-24 04:49:00,Log the findings and apply the approved fixes.
CONV01817,1,Tara,Neil,2026-09-25 04:53:00,The antivirus flagged a suspicious attachment.
CONV01817,2,Neil,Tara,2026-09-25 04:54:00,It was part of our malware-awareness training.
CONV01817,3,Tara,Neil,2026-09-25 04:55:00,"Okay, the security team confirmed it was a test."
CONV01817,4,Neil,Tara,2026-09-25 04:56:00,I will document the result.
CONV01818,1,Alice,Bob,2026-09-26 05:00:00,I received a suspicious link asking me to verify your account.
CONV01818,2,Bob,Alice,2026-09-26 05:01:00,That could be a phishing link. Do not enter your login credentials.
CONV01818,3,Alice,Bob,2026-09-26 05:02:00,I already entered my password and now see an unauthorized login.
CONV01818,4,Bob,Alice,2026-09-26 05:03:00,"Change the password, enable MFA, and report the incident."
CONV01819,1,Isha,Arun,2026-09-27 05:07:00,Did you enable multi-factor authentication?
CONV01819,2,Arun,Isha,2026-09-27 05:08:00,"Yes, MFA is enabled on my account."
CONV01819,3,Isha,Arun,2026-09-27 05:09:00,Thanks. The security patch is also available.
CONV01819,4,Arun,Isha,2026-09-27 05:10:00,I will install it today.
CONV01820,1,Eli,June,2026-09-28 05:14:00,A contractor may have accessed confidential data without authorization.
CONV01820,2,June,Eli,2026-09-28 05:15:00,That could indicate an insider threat or data exfiltration.
CONV01820,3,Eli,June,2026-09-28 05:16:00,The audit shows an unusual access pattern.
CONV01820,4,June,Eli,2026-09-28 05:17:00,Preserve logs and send the case for human review.
CONV01821,1,Eli,June,2026-09-01 05:21:00,A contractor may have accessed confidential data without authorization.
CONV01821,2,June,Eli,2026-09-01 05:22:00,That could indicate an insider threat or data exfiltration.
CONV01821,3,Eli,June,2026-09-01 05:23:00,The audit shows an unusual access pattern.
CONV01821,4,June,Eli,2026-09-01 05:24:00,Preserve logs and send the case for human review.
CONV01822,1,Isha,Arun,2026-09-02 05:28:00,Did you enable multi-factor authentication?
CONV01822,2,Arun,Isha,2026-09-02 05:29:00,"Yes, MFA is enabled on my account."
CONV01822,3,Isha,Arun,2026-09-02 05:30:00,Thanks. The security patch is also available.
CONV01822,4,Arun,Isha,2026-09-02 05:31:00,I will install it today.
CONV01823,1,Isha,Arun,2026-09-03 05:35:00,Did you enable multi-factor authentication?
CONV01823,2,Arun,Isha,2026-09-03 05:36:00,"Yes, MFA is enabled on my account."
CONV01823,3,Isha,Arun,2026-09-03 05:37:00,Thanks. The security patch is also available.
CONV01823,4,Arun,Isha,2026-09-03 05:38:00,I will install it today.
CONV01824,1,Ravi,Meera,2026-09-04 05:42:00,The application may be vulnerable to SQL injection.
CONV01824,2,Meera,Ravi,2026-09-04 05:43:00,"The security test also detected cross-site scripting, or XSS."
CONV01824,3,Ravi,Meera,2026-09-04 05:44:00,We should review the vulnerable query and injected script handling.
CONV01824,4,Meera,Ravi,2026-09-04 05:45:00,Log the findings and apply the approved fixes.
CONV01825,1,Sam,Riya,2026-09-05 05:49:00,The incident response drill starts at ten.
CONV01825,2,Riya,Sam,2026-09-05 05:50:00,I have the checklist ready.
CONV01825,3,Sam,Riya,2026-09-05 05:51:00,Please verify the firewall rule too.
CONV01825,4,Riya,Sam,2026-09-05 05:52:00,The configuration looks correct.
CONV01826,1,Mia,Leo,2026-09-06 05:56:00,The security audit is scheduled for Friday.
CONV01826,2,Leo,Mia,2026-09-06 05:57:00,I have prepared the access review.
CONV01826,3,Mia,Leo,2026-09-06 05:58:00,Please include the backup status in the report.
CONV01826,4,Leo,Mia,2026-09-06 05:59:00,"Done, I will share it with the team."
CONV01827,1,Ava,Noah,2026-09-07 06:03:00,Did the antivirus update finish?
CONV01827,2,Noah,Ava,2026-09-07 06:04:00,"Yes, the update completed this morning."
CONV01827,3,Ava,Noah,2026-09-07 06:05:00,"Great, please patch the server after lunch."
CONV01827,4,Noah,Ava,2026-09-07 06:06:00,I will confirm after the maintenance window.
CONV01828,1,Ava,Noah,2026-09-08 06:10:00,Did the antivirus update finish?
CONV01828,2,Noah,Ava,2026-09-08 06:11:00,"Yes, the update completed this morning."
CONV01828,3,Ava,Noah,2026-09-08 06:12:00,"Great, please patch the server after lunch."
CONV01828,4,Noah,Ava,2026-09-08 06:13:00,I will confirm after the maintenance window.
CONV01829,1,Ravi,Meera,2026-09-09 06:17:00,The application may be vulnerable to SQL injection.
CONV01829,2,Meera,Ravi,2026-09-09 06:18:00,"The security test also detected cross-site scripting, or XSS."
CONV01829,3,Ravi,Meera,2026-09-09 06:19:00,We should review the vulnerable query and injected script handling.
CONV01829,4,Meera,Ravi,2026-09-09 06:20:00,Log the findings and apply the approved fixes.
CONV01830,1,Mia,Leo,2026-09-10 06:24:00,The security audit is scheduled for Friday.
CONV01830,2,Leo,Mia,2026-09-10 06:25:00,I have prepared the access review.
CONV01830,3,Mia,Leo,2026-09-10 06:26:00,Please include the backup status in the report.
CONV01830,4,Leo,Mia,2026-09-10 06:27:00,"Done, I will share it with the team."
CONV01831,1,Maya,Ben,2026-09-11 06:31:00,The security alert says there was an unusual login.
CONV01831,2,Ben,Maya,2026-09-11 06:32:00,It may be a false alarm; MFA succeeded.
CONV01831,3,Maya,Ben,2026-09-11 06:33:00,"Still, there were repeated login attempts before it."
CONV01831,4,Ben,Maya,2026-09-11 06:34:00,Let's review the logs before deciding.
CONV01832,1,Sam,Riya,2026-09-12 06:38:00,The incident response drill starts at ten.
CONV01832,2,Riya,Sam,2026-09-12 06:39:00,I have the checklist ready.
CONV01832,3,Sam,Riya,2026-09-12 06:40:00,Please verify the firewall rule too.
CONV01832,4,Riya,Sam,2026-09-12 06:41:00,The configuration looks correct.
CONV01833,1,Dev,Priya,2026-09-13 06:45:00,A suspicious download was found on the workstation.
CONV01833,2,Priya,Dev,2026-09-13 06:46:00,The file may contain malware or a trojan.
CONV01833,3,Dev,Priya,2026-09-13 06:47:00,The endpoint alert also mentions a keylogger.
CONV01833,4,Priya,Dev,2026-09-13 06:48:00,Isolate the device and follow the incident response procedure.
CONV01834,1,Maya,Ben,2026-09-14 06:52:00,The security alert says there was an unusual login.
CONV01834,2,Ben,Maya,2026-09-14 06:53:00,It may be a false alarm; MFA succeeded.
CONV01834,3,Maya,Ben,2026-09-14 06:54:00,"Still, there were repeated login attempts before it."
CONV01834,4,Ben,Maya,2026-09-14 06:55:00,Let's review the logs before deciding.
CONV01835,1,Ava,Noah,2026-09-15 06:59:00,Did the antivirus update finish?
CONV01835,2,Noah,Ava,2026-09-15 07:00:00,"Yes, the update completed this morning."
CONV01835,3,Ava,Noah,2026-09-15 07:01:00,"Great, please patch the server after lunch."
CONV01835,4,Noah,Ava,2026-09-15 07:02:00,I will confirm after the maintenance window.
CONV01836,1,Eli,June,2026-09-16 07:06:00,A contractor may have accessed confidential data without authorization.
CONV01836,2,June,Eli,2026-09-16 07:07:00,That could indicate an insider threat or data exfiltration.
CONV01836,3,Eli,June,2026-09-16 07:08:00,The audit shows an unusual access pattern.
CONV01836,4,June,Eli,2026-09-16 07:09:00,Preserve logs and send the case for human review.
CONV01837,1,Eli,June,2026-09-17 07:13:00,A contractor may have accessed confidential data without authorization.
CONV01837,2,June,Eli,2026-09-17 07:14:00,That could indicate an insider threat or data exfiltration.
CONV01837,3,Eli,June,2026-09-17 07:15:00,The audit shows an unusual access pattern.
CONV01837,4,June,Eli,2026-09-17 07:16:00,Preserve logs and send the case for human review.
CONV01838,1,Sam,Riya,2026-09-18 07:20:00,The incident response drill starts at ten.
CONV01838,2,Riya,Sam,2026-09-18 07:21:00,I have the checklist ready.
CONV01838,3,Sam,Riya,2026-09-18 07:22:00,Please verify the firewall rule too.
CONV01838,4,Riya,Sam,2026-09-18 07:23:00,The configuration looks correct.
CONV01839,1,Isha,Arun,2026-09-19 07:27:00,Did you enable multi-factor authentication?
CONV01839,2,Arun,Isha,2026-09-19 07:28:00,"Yes, MFA is enabled on my account."
CONV01839,3,Isha,Arun,2026-09-19 07:29:00,Thanks. The security patch is also available.
CONV01839,4,Arun,Isha,2026-09-19 07:30:00,I will install it today.
CONV01840,1,Ava,Noah,2026-09-20 07:34:00,Did the antivirus update finish?
CONV01840,2,Noah,Ava,2026-09-20 07:35:00,"Yes, the update completed this morning."
CONV01840,3,Ava,Noah,2026-09-20 07:36:00,"Great, please patch the server after lunch."
CONV01840,4,Noah,Ava,2026-09-20 07:37:00,I will confirm after the maintenance window.
CONV01841,1,Maya,Ben,2026-09-21 07:41:00,The security alert says there was an unusual login.
CONV01841,2,Ben,Maya,2026-09-21 07:42:00,It may be a false alarm; MFA succeeded.
CONV01841,3,Maya,Ben,2026-09-21 07:43:00,"Still, there were repeated login attempts before it."
CONV01841,4,Ben,Maya,2026-09-21 07:44:00,Let's review the logs before deciding.
CONV01842,1,Ava,Noah,2026-09-22 07:48:00,Did the antivirus update finish?
CONV01842,2,Noah,Ava,2026-09-22 07:49:00,"Yes, the update completed this morning."
CONV01842,3,Ava,Noah,2026-09-22 07:50:00,"Great, please patch the server after lunch."
CONV01842,4,Noah,Ava,2026-09-22 07:51:00,I will confirm after the maintenance window.
CONV01843,1,Alice,Bob,2026-09-23 07:55:00,I received a suspicious link asking me to verify your account.
CONV01843,2,Bob,Alice,2026-09-23 07:56:00,That could be a phishing link. Do not enter your login credentials.
CONV01843,3,Alice,Bob,2026-09-23 07:57:00,I already entered my password and now see an unauthorized login.
CONV01843,4,Bob,Alice,2026-09-23 07:58:00,"Change the password, enable MFA, and report the incident."
CONV01844,1,Mia,Leo,2026-09-24 08:02:00,The security audit is scheduled for Friday.
CONV01844,2,Leo,Mia,2026-09-24 08:03:00,I have prepared the access review.
CONV01844,3,Mia,Leo,2026-09-24 08:04:00,Please include the backup status in the report.
CONV01844,4,Leo,Mia,2026-09-24 08:05:00,"Done, I will share it with the team."
CONV01845,1,Ava,Noah,2026-09-25 08:09:00,Did the antivirus update finish?
CONV01845,2,Noah,Ava,2026-09-25 08:10:00,"Yes, the update completed this morning."
CONV01845,3,Ava,Noah,2026-09-25 08:11:00,"Great, please patch the server after lunch."
CONV01845,4,Noah,Ava,2026-09-25 08:12:00,I will confirm after the maintenance window.
CONV01846,1,Tara,Neil,2026-09-26 08:16:00,The antivirus flagged a suspicious attachment.
CONV01846,2,Neil,Tara,2026-09-26 08:17:00,It was part of our malware-awareness training.
CONV01846,3,Tara,Neil,2026-09-26 08:18:00,"Okay, the security team confirmed it was a test."
CONV01846,4,Neil,Tara,2026-09-26 08:19:00,I will document the result.
CONV01847,1,Mia,Leo,2026-09-27 08:23:00,The security audit is scheduled for Friday.
CONV01847,2,Leo,Mia,2026-09-27 08:24:00,I have prepared the access review.
CONV01847,3,Mia,Leo,2026-09-27 08:25:00,Please include the backup status in the report.
CONV01847,4,Leo,Mia,2026-09-27 08:26:00,"Done, I will share it with the team."
CONV01848,1,Sam,Riya,2026-09-28 08:30:00,The incident response drill starts at ten.
CONV01848,2,Riya,Sam,2026-09-28 08:31:00,I have the checklist ready.
CONV01848,3,Sam,Riya,2026-09-28 08:32:00,Please verify the firewall rule too.
CONV01848,4,Riya,Sam,2026-09-28 08:33:00,The configuration looks correct.
CONV01849,1,Ravi,Meera,2026-09-01 08:37:00,The application may be vulnerable to SQL injection.
CONV01849,2,Meera,Ravi,2026-09-01 08:38:00,"The security test also detected cross-site scripting, or XSS."
CONV01849,3,Ravi,Meera,2026-09-01 08:39:00,We should review the vulnerable query and injected script handling.
CONV01849,4,Meera,Ravi,2026-09-01 08:40:00,Log the findings and apply the approved fixes.
CONV01850,1,Kai,Zoe,2026-09-02 08:44:00,The shared files are encrypted and there is a ransom note.
CONV01850,2,Zoe,Kai,2026-09-02 08:45:00,This may be ransomware. Disconnect the affected host.
CONV01850,3,Kai,Zoe,2026-09-02 08:46:00,We need to check backups and the scope of the data breach.
CONV01850,4,Zoe,Kai,2026-09-02 08:47:00,Notify the security team; do not pay or delete evidence.
CONV01851,1,Eli,June,2026-09-03 08:51:00,A contractor may have accessed confidential data without authorization.
CONV01851,2,June,Eli,2026-09-03 08:52:00,That could indicate an insider threat or data exfiltration.
CONV01851,3,Eli,June,2026-09-03 08:53:00,The audit shows an unusual access pattern.
CONV01851,4,June,Eli,2026-09-03 08:54:00,Preserve logs and send the case for human review.
CONV01852,1,Sam,Riya,2026-09-04 08:58:00,The incident response drill starts at ten.
CONV01852,2,Riya,Sam,2026-09-04 08:59:00,I have the checklist ready.
CONV01852,3,Sam,Riya,2026-09-04 09:00:00,Please verify the firewall rule too.
CONV01852,4,Riya,Sam,2026-09-04 09:01:00,The configuration looks correct.
CONV01853,1,Eli,June,2026-09-05 09:05:00,A contractor may have accessed confidential data without authorization.
CONV01853,2,June,Eli,2026-09-05 09:06:00,That could indicate an insider threat or data exfiltration.
CONV01853,3,Eli,June,2026-09-05 09:07:00,The audit shows an unusual access pattern.
CONV01853,4,June,Eli,2026-09-05 09:08:00,Preserve logs and send the case for human review.
CONV01854,1,Sam,Riya,2026-09-06 09:12:00,The incident response drill starts at ten.
CONV01854,2,Riya,Sam,2026-09-06 09:13:00,I have the checklist ready.
CONV01854,3,Sam,Riya,2026-09-06 09:14:00,Please verify the firewall rule too.
CONV01854,4,Riya,Sam,2026-09-06 09:15:00,The configuration looks correct.
CONV01855,1,Ava,Noah,2026-09-07 09:19:00,Did the antivirus update finish?
CONV01855,2,Noah,Ava,2026-09-07 09:20:00,"Yes, the update completed this morning."
CONV01855,3,Ava,Noah,2026-09-07 09:21:00,"Great, please patch the server after lunch."
CONV01855,4,Noah,Ava,2026-09-07 09:22:00,I will confirm after the maintenance window.
CONV01856,1,Ava,Noah,2026-09-08 09:26:00,Did the antivirus update finish?
CONV01856,2,Noah,Ava,2026-09-08 09:27:00,"Yes, the update completed this morning."
CONV01856,3,Ava,Noah,2026-09-08 09:28:00,"Great, please patch the server after lunch."
CONV01856,4,Noah,Ava,2026-09-08 09:29:00,I will confirm after the maintenance window.
CONV01857,1,Dev,Priya,2026-09-09 09:33:00,A suspicious download was found on the workstation.
CONV01857,2,Priya,Dev,2026-09-09 09:34:00,The file may contain malware or a trojan.
CONV01857,3,Dev,Priya,2026-09-09 09:35:00,The endpoint alert also mentions a keylogger.
CONV01857,4,Priya,Dev,2026-09-09 09:36:00,Isolate the device and follow the incident response procedure.
CONV01858,1,Isha,Arun,2026-09-10 09:40:00,Did you enable multi-factor authentication?
CONV01858,2,Arun,Isha,2026-09-10 09:41:00,"Yes, MFA is enabled on my account."
CONV01858,3,Isha,Arun,2026-09-10 09:42:00,Thanks. The security patch is also available.
CONV01858,4,Arun,Isha,2026-09-10 09:43:00,I will install it today.
CONV01859,1,Mia,Leo,2026-09-11 09:47:00,The security audit is scheduled for Friday.
CONV01859,2,Leo,Mia,2026-09-11 09:48:00,I have prepared the access review.
CONV01859,3,Mia,Leo,2026-09-11 09:49:00,Please include the backup status in the report.
CONV01859,4,Leo,Mia,2026-09-11 09:50:00,"Done, I will share it with the team."
CONV01860,1,Mia,Leo,2026-09-12 09:54:00,The security audit is scheduled for Friday.
CONV01860,2,Leo,Mia,2026-09-12 09:55:00,I have prepared the access review.
CONV01860,3,Mia,Leo,2026-09-12 09:56:00,Please include the backup status in the report.
CONV01860,4,Leo,Mia,2026-09-12 09:57:00,"Done, I will share it with the team."
CONV01861,1,Maya,Ben,2026-09-13 10:01:00,The security alert says there was an unusual login.
CONV01861,2,Ben,Maya,2026-09-13 10:02:00,It may be a false alarm; MFA succeeded.
CONV01861,3,Maya,Ben,2026-09-13 10:03:00,"Still, there were repeated login attempts before it."
CONV01861,4,Ben,Maya,2026-09-13 10:04:00,Let's review the logs before deciding.
CONV01862,1,Kai,Zoe,2026-09-14 10:08:00,The shared files are encrypted and there is a ransom note.
CONV01862,2,Zoe,Kai,2026-09-14 10:09:00,This may be ransomware. Disconnect the affected host.
CONV01862,3,Kai,Zoe,2026-09-14 10:10:00,We need to check backups and the scope of the data breach.
CONV01862,4,Zoe,Kai,2026-09-14 10:11:00,Notify the security team; do not pay or delete evidence.
CONV01863,1,Maya,Ben,2026-09-15 10:15:00,The security alert says there was an unusual login.
CONV01863,2,Ben,Maya,2026-09-15 10:16:00,It may be a false alarm; MFA succeeded.
CONV01863,3,Maya,Ben,2026-09-15 10:17:00,"Still, there were repeated login attempts before it."
CONV01863,4,Ben,Maya,2026-09-15 10:18:00,Let's review the logs before deciding.
CONV01864,1,Ravi,Meera,2026-09-16 10:22:00,The application may be vulnerable to SQL injection.
CONV01864,2,Meera,Ravi,2026-09-16 10:23:00,"The security test also detected cross-site scripting, or XSS."
CONV01864,3,Ravi,Meera,2026-09-16 10:24:00,We should review the vulnerable query and injected script handling.
CONV01864,4,Meera,Ravi,2026-09-16 10:25:00,Log the findings and apply the approved fixes.
CONV01865,1,Mia,Leo,2026-09-17 10:29:00,The security audit is scheduled for Friday.
CONV01865,2,Leo,Mia,2026-09-17 10:30:00,I have prepared the access review.
CONV01865,3,Mia,Leo,2026-09-17 10:31:00,Please include the backup status in the report.
CONV01865,4,Leo,Mia,2026-09-17 10:32:00,"Done, I will share it with the team."
CONV01866,1,Mia,Leo,2026-09-18 10:36:00,The security audit is scheduled for Friday.
CONV01866,2,Leo,Mia,2026-09-18 10:37:00,I have prepared the access review.
CONV01866,3,Mia,Leo,2026-09-18 10:38:00,Please include the backup status in the report.
CONV01866,4,Leo,Mia,2026-09-18 10:39:00,"Done, I will share it with the team."
CONV01867,1,Kai,Zoe,2026-09-19 10:43:00,The shared files are encrypted and there is a ransom note.
CONV01867,2,Zoe,Kai,2026-09-19 10:44:00,This may be ransomware. Disconnect the affected host.
CONV01867,3,Kai,Zoe,2026-09-19 10:45:00,We need to check backups and the scope of the data breach.
CONV01867,4,Zoe,Kai,2026-09-19 10:46:00,Notify the security team; do not pay or delete evidence.
CONV01868,1,Alice,Bob,2026-09-20 10:50:00,I received a suspicious link asking me to verify your account.
CONV01868,2,Bob,Alice,2026-09-20 10:51:00,That could be a phishing link. Do not enter your login credentials.
CONV01868,3,Alice,Bob,2026-09-20 10:52:00,I already entered my password and now see an unauthorized login.
CONV01868,4,Bob,Alice,2026-09-20 10:53:00,"Change the password, enable MFA, and report the incident."
CONV01869,1,Mia,Leo,2026-09-21 10:57:00,The security audit is scheduled for Friday.
CONV01869,2,Leo,Mia,2026-09-21 10:58:00,I have prepared the access review.
CONV01869,3,Mia,Leo,2026-09-21 10:59:00,Please include the backup status in the report.
CONV01869,4,Leo,Mia,2026-09-21 11:00:00,"Done, I will share it with the team."
CONV01870,1,Nina,Omar,2026-09-22 11:04:00,Several failed login attempts appeared on the admin account.
CONV01870,2,Omar,Nina,2026-09-22 11:05:00,Could this be a brute force attempt? Check the logs.
CONV01870,3,Nina,Omar,2026-09-22 11:06:00,The account may be compromised; I also found unusual access.
CONV01870,4,Omar,Nina,2026-09-22 11:07:00,Escalate this to incident response and preserve the evidence.
CONV01871,1,Ava,Noah,2026-09-23 11:11:00,Did the antivirus update finish?
CONV01871,2,Noah,Ava,2026-09-23 11:12:00,"Yes, the update completed this morning."
CONV01871,3,Ava,Noah,2026-09-23 11:13:00,"Great, please patch the server after lunch."
CONV01871,4,Noah,Ava,2026-09-23 11:14:00,I will confirm after the maintenance window.
CONV01872,1,Mia,Leo,2026-09-24 11:18:00,The security audit is scheduled for Friday.
CONV01872,2,Leo,Mia,2026-09-24 11:19:00,I have prepared the access review.
CONV01872,3,Mia,Leo,2026-09-24 11:20:00,Please include the backup status in the report.
CONV01872,4,Leo,Mia,2026-09-24 11:21:00,"Done, I will share it with the team."
CONV01873,1,Sam,Riya,2026-09-25 11:25:00,The incident response drill starts at ten.
CONV01873,2,Riya,Sam,2026-09-25 11:26:00,I have the checklist ready.
CONV01873,3,Sam,Riya,2026-09-25 11:27:00,Please verify the firewall rule too.
CONV01873,4,Riya,Sam,2026-09-25 11:28:00,The configuration looks correct.
CONV01874,1,Eli,June,2026-09-26 11:32:00,A contractor may have accessed confidential data without authorization.
CONV01874,2,June,Eli,2026-09-26 11:33:00,That could indicate an insider threat or data exfiltration.
CONV01874,3,Eli,June,2026-09-26 11:34:00,The audit shows an unusual access pattern.
CONV01874,4,June,Eli,2026-09-26 11:35:00,Preserve logs and send the case for human review.
CONV01875,1,Eli,June,2026-09-27 11:39:00,A contractor may have accessed confidential data without authorization.
CONV01875,2,June,Eli,2026-09-27 11:40:00,That could indicate an insider threat or data exfiltration.
CONV01875,3,Eli,June,2026-09-27 11:41:00,The audit shows an unusual access pattern.
CONV01875,4,June,Eli,2026-09-27 11:42:00,Preserve logs and send the case for human review.
CONV01876,1,Nina,Omar,2026-09-28 11:46:00,Several failed login attempts appeared on the admin account.
CONV01876,2,Omar,Nina,2026-09-28 11:47:00,Could this be a brute force attempt? Check the logs.
CONV01876,3,Nina,Omar,2026-09-28 11:48:00,The account may be compromised; I also found unusual access.
CONV01876,4,Omar,Nina,2026-09-28 11:49:00,Escalate this to incident response and preserve the evidence.
CONV01877,1,Isha,Arun,2026-09-01 11:53:00,Did you enable multi-factor authentication?
CONV01877,2,Arun,Isha,2026-09-01 11:54:00,"Yes, MFA is enabled on my account."
CONV01877,3,Isha,Arun,2026-09-01 11:55:00,Thanks. The security patch is also available.
CONV01877,4,Arun,Isha,2026-09-01 11:56:00,I will install it today.
CONV01878,1,Alice,Bob,2026-09-02 12:00:00,I received a suspicious link asking me to verify your account.
CONV01878,2,Bob,Alice,2026-09-02 12:01:00,That could be a phishing link. Do not enter your login credentials.
CONV01878,3,Alice,Bob,2026-09-02 12:02:00,I already entered my password and now see an unauthorized login.
CONV01878,4,Bob,Alice,2026-09-02 12:03:00,"Change the password, enable MFA, and report the incident."
CONV01879,1,Sam,Riya,2026-09-03 12:07:00,The incident response drill starts at ten.
CONV01879,2,Riya,Sam,2026-09-03 12:08:00,I have the checklist ready.
CONV01879,3,Sam,Riya,2026-09-03 12:09:00,Please verify the firewall rule too.
CONV01879,4,Riya,Sam,2026-09-03 12:10:00,The configuration looks correct.
CONV01880,1,Tara,Neil,2026-09-04 12:14:00,The antivirus flagged a suspicious attachment.
CONV01880,2,Neil,Tara,2026-09-04 12:15:00,It was part of our malware-awareness training.
CONV01880,3,Tara,Neil,2026-09-04 12:16:00,"Okay, the security team confirmed it was a test."
CONV01880,4,Neil,Tara,2026-09-04 12:17:00,I will document the result.
CONV01881,1,Nina,Omar,2026-09-05 12:21:00,Several failed login attempts appeared on the admin account.
CONV01881,2,Omar,Nina,2026-09-05 12:22:00,Could this be a brute force attempt? Check the logs.
CONV01881,3,Nina,Omar,2026-09-05 12:23:00,The account may be compromised; I also found unusual access.
CONV01881,4,Omar,Nina,2026-09-05 12:24:00,Escalate this to incident response and preserve the evidence.
CONV01882,1,Nina,Omar,2026-09-06 12:28:00,Several failed login attempts appeared on the admin account.
CONV01882,2,Omar,Nina,2026-09-06 12:29:00,Could this be a brute force attempt? Check the logs.
CONV01882,3,Nina,Omar,2026-09-06 12:30:00,The account may be compromised; I also found unusual access.
CONV01882,4,Omar,Nina,2026-09-06 12:31:00,Escalate this to incident response and preserve the evidence.
CONV01883,1,Alice,Bob,2026-09-07 12:35:00,I received a suspicious link asking me to verify your account.
CONV01883,2,Bob,Alice,2026-09-07 12:36:00,That could be a phishing link. Do not enter your login credentials.
CONV01883,3,Alice,Bob,2026-09-07 12:37:00,I already entered my password and now see an unauthorized login.
CONV01883,4,Bob,Alice,2026-09-07 12:38:00,"Change the password, enable MFA, and report the incident."
CONV01884,1,Dev,Priya,2026-09-08 12:42:00,A suspicious download was found on the workstation.
CONV01884,2,Priya,Dev,2026-09-08 12:43:00,The file may contain malware or a trojan.
CONV01884,3,Dev,Priya,2026-09-08 12:44:00,The endpoint alert also mentions a keylogger.
CONV01884,4,Priya,Dev,2026-09-08 12:45:00,Isolate the device and follow the incident response procedure.
CONV01885,1,Sam,Riya,2026-09-09 12:49:00,The incident response drill starts at ten.
CONV01885,2,Riya,Sam,2026-09-09 12:50:00,I have the checklist ready.
CONV01885,3,Sam,Riya,2026-09-09 12:51:00,Please verify the firewall rule too.
CONV01885,4,Riya,Sam,2026-09-09 12:52:00,The configuration looks correct.
CONV01886,1,Alice,Bob,2026-09-10 12:56:00,I received a suspicious link asking me to verify your account.
CONV01886,2,Bob,Alice,2026-09-10 12:57:00,That could be a phishing link. Do not enter your login credentials.
CONV01886,3,Alice,Bob,2026-09-10 12:58:00,I already entered my password and now see an unauthorized login.
CONV01886,4,Bob,Alice,2026-09-10 12:59:00,"Change the password, enable MFA, and report the incident."
CONV01887,1,Isha,Arun,2026-09-11 13:03:00,Did you enable multi-factor authentication?
CONV01887,2,Arun,Isha,2026-09-11 13:04:00,"Yes, MFA is enabled on my account."
CONV01887,3,Isha,Arun,2026-09-11 13:05:00,Thanks. The security patch is also available.
CONV01887,4,Arun,Isha,2026-09-11 13:06:00,I will install it today.
CONV01888,1,Alice,Bob,2026-09-12 13:10:00,I received a suspicious link asking me to verify your account.
CONV01888,2,Bob,Alice,2026-09-12 13:11:00,That could be a phishing link. Do not enter your login credentials.
CONV01888,3,Alice,Bob,2026-09-12 13:12:00,I already entered my password and now see an unauthorized login.
CONV01888,4,Bob,Alice,2026-09-12 13:13:00,"Change the password, enable MFA, and report the incident."
CONV01889,1,Sam,Riya,2026-09-13 13:17:00,The incident response drill starts at ten.
CONV01889,2,Riya,Sam,2026-09-13 13:18:00,I have the checklist ready.
CONV01889,3,Sam,Riya,2026-09-13 13:19:00,Please verify the firewall rule too.
CONV01889,4,Riya,Sam,2026-09-13 13:20:00,The configuration looks correct.
CONV01890,1,Isha,Arun,2026-09-14 13:24:00,Did you enable multi-factor authentication?
CONV01890,2,Arun,Isha,2026-09-14 13:25:00,"Yes, MFA is enabled on my account."
CONV01890,3,Isha,Arun,2026-09-14 13:26:00,Thanks. The security patch is also available.
CONV01890,4,Arun,Isha,2026-09-14 13:27:00,I will install it today.
CONV01891,1,Eli,June,2026-09-15 13:31:00,A contractor may have accessed confidential data without authorization.
CONV01891,2,June,Eli,2026-09-15 13:32:00,That could indicate an insider threat or data exfiltration.
CONV01891,3,Eli,June,2026-09-15 13:33:00,The audit shows an unusual access pattern.
CONV01891,4,June,Eli,2026-09-15 13:34:00,Preserve logs and send the case for human review.
CONV01892,1,Alice,Bob,2026-09-16 13:38:00,I received a suspicious link asking me to verify your account.
CONV01892,2,Bob,Alice,2026-09-16 13:39:00,That could be a phishing link. Do not enter your login credentials.
CONV01892,3,Alice,Bob,2026-09-16 13:40:00,I already entered my password and now see an unauthorized login.
CONV01892,4,Bob,Alice,2026-09-16 13:41:00,"Change the password, enable MFA, and report the incident."
CONV01893,1,Eli,June,2026-09-17 13:45:00,A contractor may have accessed confidential data without authorization.
CONV01893,2,June,Eli,2026-09-17 13:46:00,That could indicate an insider threat or data exfiltration.
CONV01893,3,Eli,June,2026-09-17 13:47:00,The audit shows an unusual access pattern.
CONV01893,4,June,Eli,2026-09-17 13:48:00,Preserve logs and send the case for human review.
CONV01894,1,Nina,Omar,2026-09-18 13:52:00,Several failed login attempts appeared on the admin account.
CONV01894,2,Omar,Nina,2026-09-18 13:53:00,Could this be a brute force attempt? Check the logs.
CONV01894,3,Nina,Omar,2026-09-18 13:54:00,The account may be compromised; I also found unusual access.
CONV01894,4,Omar,Nina,2026-09-18 13:55:00,Escalate this to incident response and preserve the evidence.
CONV01895,1,Maya,Ben,2026-09-19 13:59:00,The security alert says there was an unusual login.
CONV01895,2,Ben,Maya,2026-09-19 14:00:00,It may be a false alarm; MFA succeeded.
CONV01895,3,Maya,Ben,2026-09-19 14:01:00,"Still, there were repeated login attempts before it."
CONV01895,4,Ben,Maya,2026-09-19 14:02:00,Let's review the logs before deciding.
CONV01896,1,Alice,Bob,2026-09-20 14:06:00,I received a suspicious link asking me to verify your account.
CONV01896,2,Bob,Alice,2026-09-20 14:07:00,That could be a phishing link. Do not enter your login credentials.
CONV01896,3,Alice,Bob,2026-09-20 14:08:00,I already entered my password and now see an unauthorized login.
CONV01896,4,Bob,Alice,2026-09-20 14:09:00,"Change the password, enable MFA, and report the incident."
CONV01897,1,Kai,Zoe,2026-09-21 14:13:00,The shared files are encrypted and there is a ransom note.
CONV01897,2,Zoe,Kai,2026-09-21 14:14:00,This may be ransomware. Disconnect the affected host.
CONV01897,3,Kai,Zoe,2026-09-21 14:15:00,We need to check backups and the scope of the data breach.
CONV01897,4,Zoe,Kai,2026-09-21 14:16:00,Notify the security team; do not pay or delete evidence.
CONV01898,1,Isha,Arun,2026-09-22 14:20:00,Did you enable multi-factor authentication?
CONV01898,2,Arun,Isha,2026-09-22 14:21:00,"Yes, MFA is enabled on my account."
CONV01898,3,Isha,Arun,2026-09-22 14:22:00,Thanks. The security patch is also available.
CONV01898,4,Arun,Isha,2026-09-22 14:23:00,I will install it today.
CONV01899,1,Ava,Noah,2026-09-23 14:27:00,Did the antivirus update finish?
CONV01899,2,Noah,Ava,2026-09-23 14:28:00,"Yes, the update completed this morning."
CONV01899,3,Ava,Noah,2026-09-23 14:29:00,"Great, please patch the server after lunch."
CONV01899,4,Noah,Ava,2026-09-23 14:30:00,I will confirm after the maintenance window.
CONV01900,1,Sam,Riya,2026-09-24 14:34:00,The incident response drill starts at ten.
CONV01900,2,Riya,Sam,2026-09-24 14:35:00,I have the checklist ready.
CONV01900,3,Sam,Riya,2026-09-24 14:36:00,Please verify the firewall rule too.
CONV01900,4,Riya,Sam,2026-09-24 14:37:00,The configuration looks correct.
CONV01901,1,Kai,Zoe,2026-09-25 14:41:00,The shared files are encrypted and there is a ransom note.
CONV01901,2,Zoe,Kai,2026-09-25 14:42:00,This may be ransomware. Disconnect the affected host.
CONV01901,3,Kai,Zoe,2026-09-25 14:43:00,We need to check backups and the scope of the data breach.
CONV01901,4,Zoe,Kai,2026-09-25 14:44:00,Notify the security team; do not pay or delete evidence.
CONV01902,1,Isha,Arun,2026-09-26 14:48:00,Did you enable multi-factor authentication?
CONV01902,2,Arun,Isha,2026-09-26 14:49:00,"Yes, MFA is enabled on my account."
CONV01902,3,Isha,Arun,2026-09-26 14:50:00,Thanks. The security patch is also available.
CONV01902,4,Arun,Isha,2026-09-26 14:51:00,I will install it today.
CONV01903,1,Alice,Bob,2026-09-27 14:55:00,I received a suspicious link asking me to verify your account.
CONV01903,2,Bob,Alice,2026-09-27 14:56:00,That could be a phishing link. Do not enter your login credentials.
CONV01903,3,Alice,Bob,2026-09-27 14:57:00,I already entered my password and now see an unauthorized login.
CONV01903,4,Bob,Alice,2026-09-27 14:58:00,"Change the password, enable MFA, and report the incident."
CONV01904,1,Kai,Zoe,2026-09-28 15:02:00,The shared files are encrypted and there is a ransom note.
CONV01904,2,Zoe,Kai,2026-09-28 15:03:00,This may be ransomware. Disconnect the affected host.
CONV01904,3,Kai,Zoe,2026-09-28 15:04:00,We need to check backups and the scope of the data breach.
CONV01904,4,Zoe,Kai,2026-09-28 15:05:00,Notify the security team; do not pay or delete evidence.
CONV01905,1,Maya,Ben,2026-09-01 15:09:00,The security alert says there was an unusual login.
CONV01905,2,Ben,Maya,2026-09-01 15:10:00,It may be a false alarm; MFA succeeded.
CONV01905,3,Maya,Ben,2026-09-01 15:11:00,"Still, there were repeated login attempts before it."
CONV01905,4,Ben,Maya,2026-09-01 15:12:00,Let's review the logs before deciding.
CONV01906,1,Mia,Leo,2026-09-02 15:16:00,The security audit is scheduled for Friday.
CONV01906,2,Leo,Mia,2026-09-02 15:17:00,I have prepared the access review.
CONV01906,3,Mia,Leo,2026-09-02 15:18:00,Please include the backup status in the report.
CONV01906,4,Leo,Mia,2026-09-02 15:19:00,"Done, I will share it with the team."
CONV01907,1,Sam,Riya,2026-09-03 15:23:00,The incident response drill starts at ten.
CONV01907,2,Riya,Sam,2026-09-03 15:24:00,I have the checklist ready.
CONV01907,3,Sam,Riya,2026-09-03 15:25:00,Please verify the firewall rule too.
CONV01907,4,Riya,Sam,2026-09-03 15:26:00,The configuration looks correct.
CONV01908,1,Isha,Arun,2026-09-04 15:30:00,Did you enable multi-factor authentication?
CONV01908,2,Arun,Isha,2026-09-04 15:31:00,"Yes, MFA is enabled on my account."
CONV01908,3,Isha,Arun,2026-09-04 15:32:00,Thanks. The security patch is also available.
CONV01908,4,Arun,Isha,2026-09-04 15:33:00,I will install it today.
CONV01909,1,Ava,Noah,2026-09-05 15:37:00,Did the antivirus update finish?
CONV01909,2,Noah,Ava,2026-09-05 15:38:00,"Yes, the update completed this morning."
CONV01909,3,Ava,Noah,2026-09-05 15:39:00,"Great, please patch the server after lunch."
CONV01909,4,Noah,Ava,2026-09-05 15:40:00,I will confirm after the maintenance window.
CONV01910,1,Sam,Riya,2026-09-06 15:44:00,The incident response drill starts at ten.
CONV01910,2,Riya,Sam,2026-09-06 15:45:00,I have the checklist ready.
CONV01910,3,Sam,Riya,2026-09-06 15:46:00,Please verify the firewall rule too.
CONV01910,4,Riya,Sam,2026-09-06 15:47:00,The configuration looks correct.
CONV01911,1,Tara,Neil,2026-09-07 15:51:00,The antivirus flagged a suspicious attachment.
CONV01911,2,Neil,Tara,2026-09-07 15:52:00,It was part of our malware-awareness training.
CONV01911,3,Tara,Neil,2026-09-07 15:53:00,"Okay, the security team confirmed it was a test."
CONV01911,4,Neil,Tara,2026-09-07 15:54:00,I will document the result.
CONV01912,1,Mia,Leo,2026-09-08 15:58:00,The security audit is scheduled for Friday.
CONV01912,2,Leo,Mia,2026-09-08 15:59:00,I have prepared the access review.
CONV01912,3,Mia,Leo,2026-09-08 16:00:00,Please include the backup status in the report.
CONV01912,4,Leo,Mia,2026-09-08 16:01:00,"Done, I will share it with the team."
CONV01913,1,Kai,Zoe,2026-09-09 16:05:00,The shared files are encrypted and there is a ransom note.
CONV01913,2,Zoe,Kai,2026-09-09 16:06:00,This may be ransomware. Disconnect the affected host.
CONV01913,3,Kai,Zoe,2026-09-09 16:07:00,We need to check backups and the scope of the data breach.
CONV01913,4,Zoe,Kai,2026-09-09 16:08:00,Notify the security team; do not pay or delete evidence.
CONV01914,1,Ava,Noah,2026-09-10 16:12:00,Did the antivirus update finish?
CONV01914,2,Noah,Ava,2026-09-10 16:13:00,"Yes, the update completed this morning."
CONV01914,3,Ava,Noah,2026-09-10 16:14:00,"Great, please patch the server after lunch."
CONV01914,4,Noah,Ava,2026-09-10 16:15:00,I will confirm after the maintenance window.
CONV01915,1,Ravi,Meera,2026-09-11 16:19:00,The application may be vulnerable to SQL injection.
CONV01915,2,Meera,Ravi,2026-09-11 16:20:00,"The security test also detected cross-site scripting, or XSS."
CONV01915,3,Ravi,Meera,2026-09-11 16:21:00,We should review the vulnerable query and injected script handling.
CONV01915,4,Meera,Ravi,2026-09-11 16:22:00,Log the findings and apply the approved fixes.
CONV01916,1,Maya,Ben,2026-09-12 16:26:00,The security alert says there was an unusual login.
CONV01916,2,Ben,Maya,2026-09-12 16:27:00,It may be a false alarm; MFA succeeded.
CONV01916,3,Maya,Ben,2026-09-12 16:28:00,"Still, there were repeated login attempts before it."
CONV01916,4,Ben,Maya,2026-09-12 16:29:00,Let's review the logs before deciding.
CONV01917,1,Dev,Priya,2026-09-13 16:33:00,A suspicious download was found on the workstation.
CONV01917,2,Priya,Dev,2026-09-13 16:34:00,The file may contain malware or a trojan.
CONV01917,3,Dev,Priya,2026-09-13 16:35:00,The endpoint alert also mentions a keylogger.
CONV01917,4,Priya,Dev,2026-09-13 16:36:00,Isolate the device and follow the incident response procedure.
CONV01918,1,Sam,Riya,2026-09-14 16:40:00,The incident response drill starts at ten.
CONV01918,2,Riya,Sam,2026-09-14 16:41:00,I have the checklist ready.
CONV01918,3,Sam,Riya,2026-09-14 16:42:00,Please verify the firewall rule too.
CONV01918,4,Riya,Sam,2026-09-14 16:43:00,The configuration looks correct.
CONV01919,1,Isha,Arun,2026-09-15 16:47:00,Did you enable multi-factor authentication?
CONV01919,2,Arun,Isha,2026-09-15 16:48:00,"Yes, MFA is enabled on my account."
CONV01919,3,Isha,Arun,2026-09-15 16:49:00,Thanks. The security patch is also available.
CONV01919,4,Arun,Isha,2026-09-15 16:50:00,I will install it today.
CONV01920,1,Tara,Neil,2026-09-16 16:54:00,The antivirus flagged a suspicious attachment.
CONV01920,2,Neil,Tara,2026-09-16 16:55:00,It was part of our malware-awareness training.
CONV01920,3,Tara,Neil,2026-09-16 16:56:00,"Okay, the security team confirmed it was a test."
CONV01920,4,Neil,Tara,2026-09-16 16:57:00,I will document the result.
CONV01921,1,Isha,Arun,2026-09-17 17:01:00,Did you enable multi-factor authentication?
CONV01921,2,Arun,Isha,2026-09-17 17:02:00,"Yes, MFA is enabled on my account."
CONV01921,3,Isha,Arun,2026-09-17 17:03:00,Thanks. The security patch is also available.
CONV01921,4,Arun,Isha,2026-09-17 17:04:00,I will install it today.
CONV01922,1,Ava,Noah,2026-09-18 17:08:00,Did the antivirus update finish?
CONV01922,2,Noah,Ava,2026-09-18 17:09:00,"Yes, the update completed this morning."
CONV01922,3,Ava,Noah,2026-09-18 17:10:00,"Great, please patch the server after lunch."
CONV01922,4,Noah,Ava,2026-09-18 17:11:00,I will confirm after the maintenance window.
CONV01923,1,Nina,Omar,2026-09-19 17:15:00,Several failed login attempts appeared on the admin account.
CONV01923,2,Omar,Nina,2026-09-19 17:16:00,Could this be a brute force attempt? Check the logs.
CONV01923,3,Nina,Omar,2026-09-19 17:17:00,The account may be compromised; I also found unusual access.
CONV01923,4,Omar,Nina,2026-09-19 17:18:00,Escalate this to incident response and preserve the evidence.
CONV01924,1,Ravi,Meera,2026-09-20 17:22:00,The application may be vulnerable to SQL injection.
CONV01924,2,Meera,Ravi,2026-09-20 17:23:00,"The security test also detected cross-site scripting, or XSS."
CONV01924,3,Ravi,Meera,2026-09-20 17:24:00,We should review the vulnerable query and injected script handling.
CONV01924,4,Meera,Ravi,2026-09-20 17:25:00,Log the findings and apply the approved fixes.
CONV01925,1,Nina,Omar,2026-09-21 17:29:00,Several failed login attempts appeared on the admin account.
CONV01925,2,Omar,Nina,2026-09-21 17:30:00,Could this be a brute force attempt? Check the logs.
CONV01925,3,Nina,Omar,2026-09-21 17:31:00,The account may be compromised; I also found unusual access.
CONV01925,4,Omar,Nina,2026-09-21 17:32:00,Escalate this to incident response and preserve the evidence.
CONV01926,1,Isha,Arun,2026-09-22 17:36:00,Did you enable multi-factor authentication?
CONV01926,2,Arun,Isha,2026-09-22 17:37:00,"Yes, MFA is enabled on my account."
CONV01926,3,Isha,Arun,2026-09-22 17:38:00,Thanks. The security patch is also available.
CONV01926,4,Arun,Isha,2026-09-22 17:39:00,I will install it today.
CONV01927,1,Tara,Neil,2026-09-23 17:43:00,The antivirus flagged a suspicious attachment.
CONV01927,2,Neil,Tara,2026-09-23 17:44:00,It was part of our malware-awareness training.
CONV01927,3,Tara,Neil,2026-09-23 17:45:00,"Okay, the security team confirmed it was a test."
CONV01927,4,Neil,Tara,2026-09-23 17:46:00,I will document the result.
CONV01928,1,Ava,Noah,2026-09-24 17:50:00,Did the antivirus update finish?
CONV01928,2,Noah,Ava,2026-09-24 17:51:00,"Yes, the update completed this morning."
CONV01928,3,Ava,Noah,2026-09-24 17:52:00,"Great, please patch the server after lunch."
CONV01928,4,Noah,Ava,2026-09-24 17:53:00,I will confirm after the maintenance window.
CONV01929,1,Kai,Zoe,2026-09-25 17:57:00,The shared files are encrypted and there is a ransom note.
CONV01929,2,Zoe,Kai,2026-09-25 17:58:00,This may be ransomware. Disconnect the affected host.
CONV01929,3,Kai,Zoe,2026-09-25 17:59:00,We need to check backups and the scope of the data breach.
CONV01929,4,Zoe,Kai,2026-09-25 18:00:00,Notify the security team; do not pay or delete evidence.
CONV01930,1,Dev,Priya,2026-09-26 18:04:00,A suspicious download was found on the workstation.
CONV01930,2,Priya,Dev,2026-09-26 18:05:00,The file may contain malware or a trojan.
CONV01930,3,Dev,Priya,2026-09-26 18:06:00,The endpoint alert also mentions a keylogger.
CONV01930,4,Priya,Dev,2026-09-26 18:07:00,Isolate the device and follow the incident response procedure.
CONV01931,1,Alice,Bob,2026-09-27 18:11:00,I received a suspicious link asking me to verify your account.
CONV01931,2,Bob,Alice,2026-09-27 18:12:00,That could be a phishing link. Do not enter your login credentials.
CONV01931,3,Alice,Bob,2026-09-27 18:13:00,I already entered my password and now see an unauthorized login.
CONV01931,4,Bob,Alice,2026-09-27 18:14:00,"Change the password, enable MFA, and report the incident."
CONV01932,1,Ravi,Meera,2026-09-28 18:18:00,The application may be vulnerable to SQL injection.
CONV01932,2,Meera,Ravi,2026-09-28 18:19:00,"The security test also detected cross-site scripting, or XSS."
CONV01932,3,Ravi,Meera,2026-09-28 18:20:00,We should review the vulnerable query and injected script handling.
CONV01932,4,Meera,Ravi,2026-09-28 18:21:00,Log the findings and apply the approved fixes.
CONV01933,1,Eli,June,2026-09-01 18:25:00,A contractor may have accessed confidential data without authorization.
CONV01933,2,June,Eli,2026-09-01 18:26:00,That could indicate an insider threat or data exfiltration.
CONV01933,3,Eli,June,2026-09-01 18:27:00,The audit shows an unusual access pattern.
CONV01933,4,June,Eli,2026-09-01 18:28:00,Preserve logs and send the case for human review.
CONV01934,1,Ava,Noah,2026-09-02 18:32:00,Did the antivirus update finish?
CONV01934,2,Noah,Ava,2026-09-02 18:33:00,"Yes, the update completed this morning."
CONV01934,3,Ava,Noah,2026-09-02 18:34:00,"Great, please patch the server after lunch."
CONV01934,4,Noah,Ava,2026-09-02 18:35:00,I will confirm after the maintenance window.
CONV01935,1,Sam,Riya,2026-09-03 18:39:00,The incident response drill starts at ten.
CONV01935,2,Riya,Sam,2026-09-03 18:40:00,I have the checklist ready.
CONV01935,3,Sam,Riya,2026-09-03 18:41:00,Please verify the firewall rule too.
CONV01935,4,Riya,Sam,2026-09-03 18:42:00,The configuration looks correct.
CONV01936,1,Kai,Zoe,2026-09-04 18:46:00,The shared files are encrypted and there is a ransom note.
CONV01936,2,Zoe,Kai,2026-09-04 18:47:00,This may be ransomware. Disconnect the affected host.
CONV01936,3,Kai,Zoe,2026-09-04 18:48:00,We need to check backups and the scope of the data breach.
CONV01936,4,Zoe,Kai,2026-09-04 18:49:00,Notify the security team; do not pay or delete evidence.
CONV01937,1,Maya,Ben,2026-09-05 18:53:00,The security alert says there was an unusual login.
CONV01937,2,Ben,Maya,2026-09-05 18:54:00,It may be a false alarm; MFA succeeded.
CONV01937,3,Maya,Ben,2026-09-05 18:55:00,"Still, there were repeated login attempts before it."
CONV01937,4,Ben,Maya,2026-09-05 18:56:00,Let's review the logs before deciding.
CONV01938,1,Ava,Noah,2026-09-06 19:00:00,Did the antivirus update finish?
CONV01938,2,Noah,Ava,2026-09-06 19:01:00,"Yes, the update completed this morning."
CONV01938,3,Ava,Noah,2026-09-06 19:02:00,"Great, please patch the server after lunch."
CONV01938,4,Noah,Ava,2026-09-06 19:03:00,I will confirm after the maintenance window.
CONV01939,1,Maya,Ben,2026-09-07 19:07:00,The security alert says there was an unusual login.
CONV01939,2,Ben,Maya,2026-09-07 19:08:00,It may be a false alarm; MFA succeeded.
CONV01939,3,Maya,Ben,2026-09-07 19:09:00,"Still, there were repeated login attempts before it."
CONV01939,4,Ben,Maya,2026-09-07 19:10:00,Let's review the logs before deciding.
CONV01940,1,Eli,June,2026-09-08 19:14:00,A contractor may have accessed confidential data without authorization.
CONV01940,2,June,Eli,2026-09-08 19:15:00,That could indicate an insider threat or data exfiltration.
CONV01940,3,Eli,June,2026-09-08 19:16:00,The audit shows an unusual access pattern.
CONV01940,4,June,Eli,2026-09-08 19:17:00,Preserve logs and send the case for human review.
CONV01941,1,Isha,Arun,2026-09-09 19:21:00,Did you enable multi-factor authentication?
CONV01941,2,Arun,Isha,2026-09-09 19:22:00,"Yes, MFA is enabled on my account."
CONV01941,3,Isha,Arun,2026-09-09 19:23:00,Thanks. The security patch is also available.
CONV01941,4,Arun,Isha,2026-09-09 19:24:00,I will install it today.
CONV01942,1,Isha,Arun,2026-09-10 19:28:00,Did you enable multi-factor authentication?
CONV01942,2,Arun,Isha,2026-09-10 19:29:00,"Yes, MFA is enabled on my account."
CONV01942,3,Isha,Arun,2026-09-10 19:30:00,Thanks. The security patch is also available.
CONV01942,4,Arun,Isha,2026-09-10 19:31:00,I will install it today.
CONV01943,1,Ava,Noah,2026-09-11 19:35:00,Did the antivirus update finish?
CONV01943,2,Noah,Ava,2026-09-11 19:36:00,"Yes, the update completed this morning."
CONV01943,3,Ava,Noah,2026-09-11 19:37:00,"Great, please patch the server after lunch."
CONV01943,4,Noah,Ava,2026-09-11 19:38:00,I will confirm after the maintenance window.
CONV01944,1,Ravi,Meera,2026-09-12 19:42:00,The application may be vulnerable to SQL injection.
CONV01944,2,Meera,Ravi,2026-09-12 19:43:00,"The security test also detected cross-site scripting, or XSS."
CONV01944,3,Ravi,Meera,2026-09-12 19:44:00,We should review the vulnerable query and injected script handling.
CONV01944,4,Meera,Ravi,2026-09-12 19:45:00,Log the findings and apply the approved fixes.
CONV01945,1,Ava,Noah,2026-09-13 19:49:00,Did the antivirus update finish?
CONV01945,2,Noah,Ava,2026-09-13 19:50:00,"Yes, the update completed this morning."
CONV01945,3,Ava,Noah,2026-09-13 19:51:00,"Great, please patch the server after lunch."
CONV01945,4,Noah,Ava,2026-09-13 19:52:00,I will confirm after the maintenance window.
CONV01946,1,Sam,Riya,2026-09-14 19:56:00,The incident response drill starts at ten.
CONV01946,2,Riya,Sam,2026-09-14 19:57:00,I have the checklist ready.
CONV01946,3,Sam,Riya,2026-09-14 19:58:00,Please verify the firewall rule too.
CONV01946,4,Riya,Sam,2026-09-14 19:59:00,The configuration looks correct.
CONV01947,1,Nina,Omar,2026-09-15 20:03:00,Several failed login attempts appeared on the admin account.
CONV01947,2,Omar,Nina,2026-09-15 20:04:00,Could this be a brute force attempt? Check the logs.
CONV01947,3,Nina,Omar,2026-09-15 20:05:00,The account may be compromised; I also found unusual access.
CONV01947,4,Omar,Nina,2026-09-15 20:06:00,Escalate this to incident response and preserve the evidence.
CONV01948,1,Ava,Noah,2026-09-16 20:10:00,Did the antivirus update finish?
CONV01948,2,Noah,Ava,2026-09-16 20:11:00,"Yes, the update completed this morning."
CONV01948,3,Ava,Noah,2026-09-16 20:12:00,"Great, please patch the server after lunch."
CONV01948,4,Noah,Ava,2026-09-16 20:13:00,I will confirm after the maintenance window.
CONV01949,1,Mia,Leo,2026-09-17 20:17:00,The security audit is scheduled for Friday.
CONV01949,2,Leo,Mia,2026-09-17 20:18:00,I have prepared the access review.
CONV01949,3,Mia,Leo,2026-09-17 20:19:00,Please include the backup status in the report.
CONV01949,4,Leo,Mia,2026-09-17 20:20:00,"Done, I will share it with the team."
CONV01950,1,Sam,Riya,2026-09-18 20:24:00,The incident response drill starts at ten.
CONV01950,2,Riya,Sam,2026-09-18 20:25:00,I have the checklist ready.
CONV01950,3,Sam,Riya,2026-09-18 20:26:00,Please verify the firewall rule too.
CONV01950,4,Riya,Sam,2026-09-18 20:27:00,The configuration looks correct.
CONV01951,1,Sam,Riya,2026-09-19 20:31:00,The incident response drill starts at ten.
CONV01951,2,Riya,Sam,2026-09-19 20:32:00,I have the checklist ready.
CONV01951,3,Sam,Riya,2026-09-19 20:33:00,Please verify the firewall rule too.
CONV01951,4,Riya,Sam,2026-09-19 20:34:00,The configuration looks correct.
CONV01952,1,Kai,Zoe,2026-09-20 20:38:00,The shared files are encrypted and there is a ransom note.
CONV01952,2,Zoe,Kai,2026-09-20 20:39:00,This may be ransomware. Disconnect the affected host.
CONV01952,3,Kai,Zoe,2026-09-20 20:40:00,We need to check backups and the scope of the data breach.
CONV01952,4,Zoe,Kai,2026-09-20 20:41:00,Notify the security team; do not pay or delete evidence.
CONV01953,1,Dev,Priya,2026-09-21 20:45:00,A suspicious download was found on the workstation.
CONV01953,2,Priya,Dev,2026-09-21 20:46:00,The file may contain malware or a trojan.
CONV01953,3,Dev,Priya,2026-09-21 20:47:00,The endpoint alert also mentions a keylogger.
CONV01953,4,Priya,Dev,2026-09-21 20:48:00,Isolate the device and follow the incident response procedure.
CONV01954,1,Ava,Noah,2026-09-22 20:52:00,Did the antivirus update finish?
CONV01954,2,Noah,Ava,2026-09-22 20:53:00,"Yes, the update completed this morning."
CONV01954,3,Ava,Noah,2026-09-22 20:54:00,"Great, please patch the server after lunch."
CONV01954,4,Noah,Ava,2026-09-22 20:55:00,I will confirm after the maintenance window.
CONV01955,1,Alice,Bob,2026-09-23 20:59:00,I received a suspicious link asking me to verify your account.
CONV01955,2,Bob,Alice,2026-09-23 21:00:00,That could be a phishing link. Do not enter your login credentials.
CONV01955,3,Alice,Bob,2026-09-23 21:01:00,I already entered my password and now see an unauthorized login.
CONV01955,4,Bob,Alice,2026-09-23 21:02:00,"Change the password, enable MFA, and report the incident."
CONV01956,1,Maya,Ben,2026-09-24 21:06:00,The security alert says there was an unusual login.
CONV01956,2,Ben,Maya,2026-09-24 21:07:00,It may be a false alarm; MFA succeeded.
CONV01956,3,Maya,Ben,2026-09-24 21:08:00,"Still, there were repeated login attempts before it."
CONV01956,4,Ben,Maya,2026-09-24 21:09:00,Let's review the logs before deciding.
CONV01957,1,Maya,Ben,2026-09-25 21:13:00,The security alert says there was an unusual login.
CONV01957,2,Ben,Maya,2026-09-25 21:14:00,It may be a false alarm; MFA succeeded.
CONV01957,3,Maya,Ben,2026-09-25 21:15:00,"Still, there were repeated login attempts before it."
CONV01957,4,Ben,Maya,2026-09-25 21:16:00,Let's review the logs before deciding.
CONV01958,1,Sam,Riya,2026-09-26 21:20:00,The incident response drill starts at ten.
CONV01958,2,Riya,Sam,2026-09-26 21:21:00,I have the checklist ready.
CONV01958,3,Sam,Riya,2026-09-26 21:22:00,Please verify the firewall rule too.
CONV01958,4,Riya,Sam,2026-09-26 21:23:00,The configuration looks correct.
CONV01959,1,Eli,June,2026-09-27 21:27:00,A contractor may have accessed confidential data without authorization.
CONV01959,2,June,Eli,2026-09-27 21:28:00,That could indicate an insider threat or data exfiltration.
CONV01959,3,Eli,June,2026-09-27 21:29:00,The audit shows an unusual access pattern.
CONV01959,4,June,Eli,2026-09-27 21:30:00,Preserve logs and send the case for human review.
CONV01960,1,Sam,Riya,2026-09-28 21:34:00,The incident response drill starts at ten.
CONV01960,2,Riya,Sam,2026-09-28 21:35:00,I have the checklist ready.
CONV01960,3,Sam,Riya,2026-09-28 21:36:00,Please verify the firewall rule too.
CONV01960,4,Riya,Sam,2026-09-28 21:37:00,The configuration looks correct.
CONV01961,1,Ava,Noah,2026-09-01 21:41:00,Did the antivirus update finish?
CONV01961,2,Noah,Ava,2026-09-01 21:42:00,"Yes, the update completed this morning."
CONV01961,3,Ava,Noah,2026-09-01 21:43:00,"Great, please patch the server after lunch."
CONV01961,4,Noah,Ava,2026-09-01 21:44:00,I will confirm after the maintenance window.
CONV01962,1,Kai,Zoe,2026-09-02 21:48:00,The shared files are encrypted and there is a ransom note.
CONV01962,2,Zoe,Kai,2026-09-02 21:49:00,This may be ransomware. Disconnect the affected host.
CONV01962,3,Kai,Zoe,2026-09-02 21:50:00,We need to check backups and the scope of the data breach.
CONV01962,4,Zoe,Kai,2026-09-02 21:51:00,Notify the security team; do not pay or delete evidence.
CONV01963,1,Isha,Arun,2026-09-03 21:55:00,Did you enable multi-factor authentication?
CONV01963,2,Arun,Isha,2026-09-03 21:56:00,"Yes, MFA is enabled on my account."
CONV01963,3,Isha,Arun,2026-09-03 21:57:00,Thanks. The security patch is also available.
CONV01963,4,Arun,Isha,2026-09-03 21:58:00,I will install it today.
CONV01964,1,Tara,Neil,2026-09-04 22:02:00,The antivirus flagged a suspicious attachment.
CONV01964,2,Neil,Tara,2026-09-04 22:03:00,It was part of our malware-awareness training.
CONV01964,3,Tara,Neil,2026-09-04 22:04:00,"Okay, the security team confirmed it was a test."
CONV01964,4,Neil,Tara,2026-09-04 22:05:00,I will document the result.
CONV01965,1,Sam,Riya,2026-09-05 22:09:00,The incident response drill starts at ten.
CONV01965,2,Riya,Sam,2026-09-05 22:10:00,I have the checklist ready.
CONV01965,3,Sam,Riya,2026-09-05 22:11:00,Please verify the firewall rule too.
CONV01965,4,Riya,Sam,2026-09-05 22:12:00,The configuration looks correct.
CONV01966,1,Nina,Omar,2026-09-06 22:16:00,Several failed login attempts appeared on the admin account.
CONV01966,2,Omar,Nina,2026-09-06 22:17:00,Could this be a brute force attempt? Check the logs.
CONV01966,3,Nina,Omar,2026-09-06 22:18:00,The account may be compromised; I also found unusual access.
CONV01966,4,Omar,Nina,2026-09-06 22:19:00,Escalate this to incident response and preserve the evidence.
CONV01967,1,Nina,Omar,2026-09-07 22:23:00,Several failed login attempts appeared on the admin account.
CONV01967,2,Omar,Nina,2026-09-07 22:24:00,Could this be a brute force attempt? Check the logs.
CONV01967,3,Nina,Omar,2026-09-07 22:25:00,The account may be compromised; I also found unusual access.
CONV01967,4,Omar,Nina,2026-09-07 22:26:00,Escalate this to incident response and preserve the evidence.
CONV01968,1,Ravi,Meera,2026-09-08 22:30:00,The application may be vulnerable to SQL injection.
CONV01968,2,Meera,Ravi,2026-09-08 22:31:00,"The security test also detected cross-site scripting, or XSS."
CONV01968,3,Ravi,Meera,2026-09-08 22:32:00,We should review the vulnerable query and injected script handling.
CONV01968,4,Meera,Ravi,2026-09-08 22:33:00,Log the findings and apply the approved fixes.
CONV01969,1,Ravi,Meera,2026-09-09 22:37:00,The application may be vulnerable to SQL injection.
CONV01969,2,Meera,Ravi,2026-09-09 22:38:00,"The security test also detected cross-site scripting, or XSS."
CONV01969,3,Ravi,Meera,2026-09-09 22:39:00,We should review the vulnerable query and injected script handling.
CONV01969,4,Meera,Ravi,2026-09-09 22:40:00,Log the findings and apply the approved fixes.
CONV01970,1,Sam,Riya,2026-09-10 22:44:00,The incident response drill starts at ten.
CONV01970,2,Riya,Sam,2026-09-10 22:45:00,I have the checklist ready.
CONV01970,3,Sam,Riya,2026-09-10 22:46:00,Please verify the firewall rule too.
CONV01970,4,Riya,Sam,2026-09-10 22:47:00,The configuration looks correct.
CONV01971,1,Nina,Omar,2026-09-11 22:51:00,Several failed login attempts appeared on the admin account.
CONV01971,2,Omar,Nina,2026-09-11 22:52:00,Could this be a brute force attempt? Check the logs.
CONV01971,3,Nina,Omar,2026-09-11 22:53:00,The account may be compromised; I also found unusual access.
CONV01971,4,Omar,Nina,2026-09-11 22:54:00,Escalate this to incident response and preserve the evidence.
CONV01972,1,Isha,Arun,2026-09-12 22:58:00,Did you enable multi-factor authentication?
CONV01972,2,Arun,Isha,2026-09-12 22:59:00,"Yes, MFA is enabled on my account."
CONV01972,3,Isha,Arun,2026-09-12 23:00:00,Thanks. The security patch is also available.
CONV01972,4,Arun,Isha,2026-09-12 23:01:00,I will install it today.
CONV01973,1,Ava,Noah,2026-09-13 23:05:00,Did the antivirus update finish?
CONV01973,2,Noah,Ava,2026-09-13 23:06:00,"Yes, the update completed this morning."
CONV01973,3,Ava,Noah,2026-09-13 23:07:00,"Great, please patch the server after lunch."
CONV01973,4,Noah,Ava,2026-09-13 23:08:00,I will confirm after the maintenance window.
CONV01974,1,Ravi,Meera,2026-09-14 23:12:00,The application may be vulnerable to SQL injection.
CONV01974,2,Meera,Ravi,2026-09-14 23:13:00,"The security test also detected cross-site scripting, or XSS."
CONV01974,3,Ravi,Meera,2026-09-14 23:14:00,We should review the vulnerable query and injected script handling.
CONV01974,4,Meera,Ravi,2026-09-14 23:15:00,Log the findings and apply the approved fixes.
CONV01975,1,Ava,Noah,2026-09-15 23:19:00,Did the antivirus update finish?
CONV01975,2,Noah,Ava,2026-09-15 23:20:00,"Yes, the update completed this morning."
CONV01975,3,Ava,Noah,2026-09-15 23:21:00,"Great, please patch the server after lunch."
CONV01975,4,Noah,Ava,2026-09-15 23:22:00,I will confirm after the maintenance window.
CONV01976,1,Sam,Riya,2026-09-16 23:26:00,The incident response drill starts at ten.
CONV01976,2,Riya,Sam,2026-09-16 23:27:00,I have the checklist ready.
CONV01976,3,Sam,Riya,2026-09-16 23:28:00,Please verify the firewall rule too.
CONV01976,4,Riya,Sam,2026-09-16 23:29:00,The configuration looks correct.
CONV01977,1,Dev,Priya,2026-09-17 23:33:00,A suspicious download was found on the workstation.
CONV01977,2,Priya,Dev,2026-09-17 23:34:00,The file may contain malware or a trojan.
CONV01977,3,Dev,Priya,2026-09-17 23:35:00,The endpoint alert also mentions a keylogger.
CONV01977,4,Priya,Dev,2026-09-17 23:36:00,Isolate the device and follow the incident response procedure.
CONV01978,1,Dev,Priya,2026-09-18 23:40:00,A suspicious download was found on the workstation.
CONV01978,2,Priya,Dev,2026-09-18 23:41:00,The file may contain malware or a trojan.
CONV01978,3,Dev,Priya,2026-09-18 23:42:00,The endpoint alert also mentions a keylogger.
CONV01978,4,Priya,Dev,2026-09-18 23:43:00,Isolate the device and follow the incident response procedure.
CONV01979,1,Isha,Arun,2026-09-19 23:47:00,Did you enable multi-factor authentication?
CONV01979,2,Arun,Isha,2026-09-19 23:48:00,"Yes, MFA is enabled on my account."
CONV01979,3,Isha,Arun,2026-09-19 23:49:00,Thanks. The security patch is also available.
CONV01979,4,Arun,Isha,2026-09-19 23:50:00,I will install it today.
CONV01980,1,Tara,Neil,2026-09-20 23:54:00,The antivirus flagged a suspicious attachment.
CONV01980,2,Neil,Tara,2026-09-20 23:55:00,It was part of our malware-awareness training.
CONV01980,3,Tara,Neil,2026-09-20 23:56:00,"Okay, the security team confirmed it was a test."
CONV01980,4,Neil,Tara,2026-09-20 23:57:00,I will document the result.
CONV01981,1,Isha,Arun,2026-09-21 00:01:00,Did you enable multi-factor authentication?
CONV01981,2,Arun,Isha,2026-09-21 00:02:00,"Yes, MFA is enabled on my account."
CONV01981,3,Isha,Arun,2026-09-21 00:03:00,Thanks. The security patch is also available.
CONV01981,4,Arun,Isha,2026-09-21 00:04:00,I will install it today.
CONV01982,1,Isha,Arun,2026-09-22 00:08:00,Did you enable multi-factor authentication?
CONV01982,2,Arun,Isha,2026-09-22 00:09:00,"Yes, MFA is enabled on my account."
CONV01982,3,Isha,Arun,2026-09-22 00:10:00,Thanks. The security patch is also available.
CONV01982,4,Arun,Isha,2026-09-22 00:11:00,I will install it today.
CONV01983,1,Maya,Ben,2026-09-23 00:15:00,The security alert says there was an unusual login.
CONV01983,2,Ben,Maya,2026-09-23 00:16:00,It may be a false alarm; MFA succeeded.
CONV01983,3,Maya,Ben,2026-09-23 00:17:00,"Still, there were repeated login attempts before it."
CONV01983,4,Ben,Maya,2026-09-23 00:18:00,Let's review the logs before deciding.
CONV01984,1,Alice,Bob,2026-09-24 00:22:00,I received a suspicious link asking me to verify your account.
CONV01984,2,Bob,Alice,2026-09-24 00:23:00,That could be a phishing link. Do not enter your login credentials.
CONV01984,3,Alice,Bob,2026-09-24 00:24:00,I already entered my password and now see an unauthorized login.
CONV01984,4,Bob,Alice,2026-09-24 00:25:00,"Change the password, enable MFA, and report the incident."
CONV01985,1,Kai,Zoe,2026-09-25 00:29:00,The shared files are encrypted and there is a ransom note.
CONV01985,2,Zoe,Kai,2026-09-25 00:30:00,This may be ransomware. Disconnect the affected host.
CONV01985,3,Kai,Zoe,2026-09-25 00:31:00,We need to check backups and the scope of the data breach.
CONV01985,4,Zoe,Kai,2026-09-25 00:32:00,Notify the security team; do not pay or delete evidence.
CONV01986,1,Dev,Priya,2026-09-26 00:36:00,A suspicious download was found on the workstation.
CONV01986,2,Priya,Dev,2026-09-26 00:37:00,The file may contain malware or a trojan.
CONV01986,3,Dev,Priya,2026-09-26 00:38:00,The endpoint alert also mentions a keylogger.
CONV01986,4,Priya,Dev,2026-09-26 00:39:00,Isolate the device and follow the incident response procedure.
CONV01987,1,Ravi,Meera,2026-09-27 00:43:00,The application may be vulnerable to SQL injection.
CONV01987,2,Meera,Ravi,2026-09-27 00:44:00,"The security test also detected cross-site scripting, or XSS."
CONV01987,3,Ravi,Meera,2026-09-27 00:45:00,We should review the vulnerable query and injected script handling.
CONV01987,4,Meera,Ravi,2026-09-27 00:46:00,Log the findings and apply the approved fixes.
CONV01988,1,Mia,Leo,2026-09-28 00:50:00,The security audit is scheduled for Friday.
CONV01988,2,Leo,Mia,2026-09-28 00:51:00,I have prepared the access review.
CONV01988,3,Mia,Leo,2026-09-28 00:52:00,Please include the backup status in the report.
CONV01988,4,Leo,Mia,2026-09-28 00:53:00,"Done, I will share it with the team."
CONV01989,1,Isha,Arun,2026-09-01 00:57:00,Did you enable multi-factor authentication?
CONV01989,2,Arun,Isha,2026-09-01 00:58:00,"Yes, MFA is enabled on my account."
CONV01989,3,Isha,Arun,2026-09-01 00:59:00,Thanks. The security patch is also available.
CONV01989,4,Arun,Isha,2026-09-01 01:00:00,I will install it today.
CONV01990,1,Sam,Riya,2026-09-02 01:04:00,The incident response drill starts at ten.
CONV01990,2,Riya,Sam,2026-09-02 01:05:00,I have the checklist ready.
CONV01990,3,Sam,Riya,2026-09-02 01:06:00,Please verify the firewall rule too.
CONV01990,4,Riya,Sam,2026-09-02 01:07:00,The configuration looks correct.
CONV01991,1,Ava,Noah,2026-09-03 01:11:00,Did the antivirus update finish?
CONV01991,2,Noah,Ava,2026-09-03 01:12:00,"Yes, the update completed this morning."
CONV01991,3,Ava,Noah,2026-09-03 01:13:00,"Great, please patch the server after lunch."
CONV01991,4,Noah,Ava,2026-09-03 01:14:00,I will confirm after the maintenance window.
CONV01992,1,Alice,Bob,2026-09-04 01:18:00,I received a suspicious link asking me to verify your account.
CONV01992,2,Bob,Alice,2026-09-04 01:19:00,That could be a phishing link. Do not enter your login credentials.
CONV01992,3,Alice,Bob,2026-09-04 01:20:00,I already entered my password and now see an unauthorized login.
CONV01992,4,Bob,Alice,2026-09-04 01:21:00,"Change the password, enable MFA, and report the incident."
CONV01993,1,Eli,June,2026-09-05 01:25:00,A contractor may have accessed confidential data without authorization.
CONV01993,2,June,Eli,2026-09-05 01:26:00,That could indicate an insider threat or data exfiltration.
CONV01993,3,Eli,June,2026-09-05 01:27:00,The audit shows an unusual access pattern.
CONV01993,4,June,Eli,2026-09-05 01:28:00,Preserve logs and send the case for human review.
CONV01994,1,Ravi,Meera,2026-09-06 01:32:00,The application may be vulnerable to SQL injection.
CONV01994,2,Meera,Ravi,2026-09-06 01:33:00,"The security test also detected cross-site scripting, or XSS."
CONV01994,3,Ravi,Meera,2026-09-06 01:34:00,We should review the vulnerable query and injected script handling.
CONV01994,4,Meera,Ravi,2026-09-06 01:35:00,Log the findings and apply the approved fixes.
CONV01995,1,Dev,Priya,2026-09-07 01:39:00,A suspicious download was found on the workstation.
CONV01995,2,Priya,Dev,2026-09-07 01:40:00,The file may contain malware or a trojan.
CONV01995,3,Dev,Priya,2026-09-07 01:41:00,The endpoint alert also mentions a keylogger.
CONV01995,4,Priya,Dev,2026-09-07 01:42:00,Isolate the device and follow the incident response procedure.
CONV01996,1,Ravi,Meera,2026-09-08 01:46:00,The application may be vulnerable to SQL injection.
CONV01996,2,Meera,Ravi,2026-09-08 01:47:00,"The security test also detected cross-site scripting, or XSS."
CONV01996,3,Ravi,Meera,2026-09-08 01:48:00,We should review the vulnerable query and injected script handling.
CONV01996,4,Meera,Ravi,2026-09-08 01:49:00,Log the findings and apply the approved fixes.
CONV01997,1,Ava,Noah,2026-09-09 01:53:00,Did the antivirus update finish?
CONV01997,2,Noah,Ava,2026-09-09 01:54:00,"Yes, the update completed this morning."
CONV01997,3,Ava,Noah,2026-09-09 01:55:00,"Great, please patch the server after lunch."
CONV01997,4,Noah,Ava,2026-09-09 01:56:00,I will confirm after the maintenance window.
CONV01998,1,Nina,Omar,2026-09-10 02:00:00,Several failed login attempts appeared on the admin account.
CONV01998,2,Omar,Nina,2026-09-10 02:01:00,Could this be a brute force attempt? Check the logs.
CONV01998,3,Nina,Omar,2026-09-10 02:02:00,The account may be compromised; I also found unusual access.
CONV01998,4,Omar,Nina,2026-09-10 02:03:00,Escalate this to incident response and preserve the evidence.
CONV01999,1,Eli,June,2026-09-11 02:07:00,A contractor may have accessed confidential data without authorization.
CONV01999,2,June,Eli,2026-09-11 02:08:00,That could indicate an insider threat or data exfiltration.
CONV01999,3,Eli,June,2026-09-11 02:09:00,The audit shows an unusual access pattern.
CONV01999,4,June,Eli,2026-09-11 02:10:00,Preserve logs and send the case for human review.
CONV02000,1,Maya,Ben,2026-09-12 02:14:00,The security alert says there was an unusual login.
CONV02000,2,Ben,Maya,2026-09-12 02:15:00,It may be a false alarm; MFA succeeded.
CONV02000,3,Maya,Ben,2026-09-12 02:16:00,"Still, there were repeated login attempts before it."
CONV02000,4,Ben,Maya,2026-09-12 02:17:00,Let's review the logs before deciding.
